INFO:     Started server process [35502]
INFO:     Waiting for application startup.
INFO:     Application startup complete.
INFO:     Uvicorn running on http://127.0.0.1:10391 (Press CTRL+C to quit)
INFO:     127.0.0.1:59396 - "POST /api/auth/login HTTP/1.1" 200 OK
Received notification from DBMS server: <GqlStatusObject gql_status='01N52', status_description='warn: property key does not exist. The property `display_name` does not exist. Verify that the spelling is correct.', position=<SummaryInputPosition line=1, column=60, offset=59>, raw_classification='UNRECOGNIZED', classification=<NotificationClassification.UNRECOGNIZED: 'UNRECOGNIZED'>, raw_severity='WARNING', severity=<NotificationSeverity.WARNING: 'WARNING'>, diagnostic_record={'_classification': 'UNRECOGNIZED', '_severity': 'WARNING', '_position': {'offset': 59, 'line': 1, 'column': 60}, 'OPERATION': '', 'OPERATION_CODE': '0', 'CURRENT_SCHEMA': '/'}> for query: 'MATCH (u:User {id:$user_id,tenant_id:$tenant_id}) RETURN u.display_name AS display_name'
INFO:     127.0.0.1:59412 - "GET /api/auth/me HTTP/1.1" 200 OK
Received notification from DBMS server: <GqlStatusObject gql_status='01N52', status_description='warn: property key does not exist. The property `display_name` does not exist. Verify that the spelling is correct.', position=<SummaryInputPosition line=1, column=60, offset=59>, raw_classification='UNRECOGNIZED', classification=<NotificationClassification.UNRECOGNIZED: 'UNRECOGNIZED'>, raw_severity='WARNING', severity=<NotificationSeverity.WARNING: 'WARNING'>, diagnostic_record={'_classification': 'UNRECOGNIZED', '_severity': 'WARNING', '_position': {'offset': 59, 'line': 1, 'column': 60}, 'OPERATION': '', 'OPERATION_CODE': '0', 'CURRENT_SCHEMA': '/'}> for query: 'MATCH (u:User {id:$user_id,tenant_id:$tenant_id}) RETURN u.display_name AS display_name'
INFO:     127.0.0.1:59413 - "GET /api/auth/me HTTP/1.1" 200 OK
Received notification from DBMS server: <GqlStatusObject gql_status='01N52', status_description='warn: property key does not exist. The property `display_name` does not exist. Verify that the spelling is correct.', position=<SummaryInputPosition line=1, column=60, offset=59>, raw_classification='UNRECOGNIZED', classification=<NotificationClassification.UNRECOGNIZED: 'UNRECOGNIZED'>, raw_severity='WARNING', severity=<NotificationSeverity.WARNING: 'WARNING'>, diagnostic_record={'_classification': 'UNRECOGNIZED', '_severity': 'WARNING', '_position': {'offset': 59, 'line': 1, 'column': 60}, 'OPERATION': '', 'OPERATION_CODE': '0', 'CURRENT_SCHEMA': '/'}> for query: 'MATCH (u:User {id:$user_id,tenant_id:$tenant_id}) RETURN u.display_name AS display_name'
INFO:     127.0.0.1:59418 - "GET /api/auth/me HTTP/1.1" 200 OK
INFO:     127.0.0.1:59419 - "GET /api/requests?limit=50 HTTP/1.1" 200 OK
Received notification from DBMS server: <GqlStatusObject gql_status='01G11', status_description='warn: null value eliminated in set function', position=None, raw_classification='UNRECOGNIZED', classification=<NotificationClassification.UNRECOGNIZED: 'UNRECOGNIZED'>, raw_severity='WARNING', severity=<NotificationSeverity.WARNING: 'WARNING'>, diagnostic_record={'_classification': 'UNRECOGNIZED', '_severity': 'WARNING', 'OPERATION': '', 'OPERATION_CODE': '0', 'CURRENT_SCHEMA': '/'}> for query: 'MATCH (o:ModelOutput {tenant_id:$tenant_id,run_id:$run_id})-[:OF_JUDGMENT]->(j:Judgment {tenant_id:$tenant_id,id:$judgment_id}) OPTIONAL MATCH (o)-[c:CITES]->(e:EvidenceSpan {tenant_id:$tenant_id}) RETURN o,collect(CASE WHEN e IS NULL THEN null ELSE {id:e.id,attachment_id:e.attachment_id,location_json:e.location_json,char_start:e.char_start,char_end:e.char_end,prob:c.prob,source:e.source,source_text:e.source_text} END) AS citations'
INFO:     127.0.0.1:59420 - "GET /api/events/snapshot?request_id=req_f7ce2a90cbaf4292ab72e7ddb7872d77 HTTP/1.1" 200 OK
INFO:     127.0.0.1:59421 - "GET /api/requests/req_f7ce2a90cbaf4292ab72e7ddb7872d77 HTTP/1.1" 200 OK
INFO:     127.0.0.1:59423 - "GET /api/requests/req_f7ce2a90cbaf4292ab72e7ddb7872d77/runs HTTP/1.1" 200 OK
INFO:     127.0.0.1:59431 - "GET /api/events/stream?after=103 HTTP/1.1" 200 OK
Received notification from DBMS server: <GqlStatusObject gql_status='01N52', status_description='warn: property key does not exist. The property `display_name` does not exist. Verify that the spelling is correct.', position=<SummaryInputPosition line=1, column=60, offset=59>, raw_classification='UNRECOGNIZED', classification=<NotificationClassification.UNRECOGNIZED: 'UNRECOGNIZED'>, raw_severity='WARNING', severity=<NotificationSeverity.WARNING: 'WARNING'>, diagnostic_record={'_classification': 'UNRECOGNIZED', '_severity': 'WARNING', '_position': {'offset': 59, 'line': 1, 'column': 60}, 'OPERATION': '', 'OPERATION_CODE': '0', 'CURRENT_SCHEMA': '/'}> for query: 'MATCH (u:User {id:$user_id,tenant_id:$tenant_id}) RETURN u.display_name AS display_name'
INFO:     127.0.0.1:59422 - "GET /api/requests/req_f7ce2a90cbaf4292ab72e7ddb7872d77/judgment HTTP/1.1" 200 OK
INFO:     127.0.0.1:59436 - "GET /api/auth/me HTTP/1.1" 200 OK
INFO:     127.0.0.1:59447 - "GET /api/events/snapshot?request_id=req_f7ce2a90cbaf4292ab72e7ddb7872d77 HTTP/1.1" 200 OK
INFO:     127.0.0.1:59442 - "GET /api/requests?limit=50 HTTP/1.1" 200 OK
Received notification from DBMS server: <GqlStatusObject gql_status='01N52', status_description='warn: property key does not exist. The property `display_name` does not exist. Verify that the spelling is correct.', position=<SummaryInputPosition line=1, column=60, offset=59>, raw_classification='UNRECOGNIZED', classification=<NotificationClassification.UNRECOGNIZED: 'UNRECOGNIZED'>, raw_severity='WARNING', severity=<NotificationSeverity.WARNING: 'WARNING'>, diagnostic_record={'_classification': 'UNRECOGNIZED', '_severity': 'WARNING', '_position': {'offset': 59, 'line': 1, 'column': 60}, 'OPERATION': '', 'OPERATION_CODE': '0', 'CURRENT_SCHEMA': '/'}> for query: 'MATCH (u:User {id:$user_id,tenant_id:$tenant_id}) RETURN u.display_name AS display_name'
INFO:     127.0.0.1:59448 - "GET /api/auth/me HTTP/1.1" 200 OK
INFO:     127.0.0.1:59455 - "GET /api/events/stream?after=103 HTTP/1.1" 200 OK
INFO:     127.0.0.1:59454 - "GET /api/requests?limit=50 HTTP/1.1" 200 OK
Received notification from DBMS server: <GqlStatusObject gql_status='01N52', status_description='warn: property key does not exist. The property `display_name` does not exist. Verify that the spelling is correct.', position=<SummaryInputPosition line=1, column=60, offset=59>, raw_classification='UNRECOGNIZED', classification=<NotificationClassification.UNRECOGNIZED: 'UNRECOGNIZED'>, raw_severity='WARNING', severity=<NotificationSeverity.WARNING: 'WARNING'>, diagnostic_record={'_classification': 'UNRECOGNIZED', '_severity': 'WARNING', '_position': {'offset': 59, 'line': 1, 'column': 60}, 'OPERATION': '', 'OPERATION_CODE': '0', 'CURRENT_SCHEMA': '/'}> for query: 'MATCH (u:User {id:$user_id,tenant_id:$tenant_id}) RETURN u.display_name AS display_name'
INFO:     127.0.0.1:59459 - "GET /api/auth/me HTTP/1.1" 200 OK
INFO:     127.0.0.1:59464 - "GET /api/requests?limit=50 HTTP/1.1" 200 OK
Redis subscriber disconnected for tenant t-audit-e2e-1005
Traceback (most recent call last):
  File "/Users/psw/Projects/decision-chat-bot/backend/.venv/lib/python3.14/site-packages/redis/asyncio/connection.py", line 591, in read_response
    response = await self._parser.read_response(
               ^^^^^^^^^^^^^^^^^^^^^^^^^^^^^^^^^
        disable_decoding=disable_decoding
        ^^^^^^^^^^^^^^^^^^^^^^^^^^^^^^^^^
    )
    ^
  File "/Users/psw/Projects/decision-chat-bot/backend/.venv/lib/python3.14/site-packages/redis/_parsers/resp2.py", line 82, in read_response
    response = await self._read_response(disable_decoding=disable_decoding)
               ^^^^^^^^^^^^^^^^^^^^^^^^^^^^^^^^^^^^^^^^^^^^^^^^^^^^^^^^^^^^
  File "/Users/psw/Projects/decision-chat-bot/backend/.venv/lib/python3.14/site-packages/redis/_parsers/resp2.py", line 90, in _read_response
    raw = await self._readline()
          ^^^^^^^^^^^^^^^^^^^^^^
  File "/Users/psw/Projects/decision-chat-bot/backend/.venv/lib/python3.14/site-packages/redis/_parsers/base.py", line 283, in _readline
    data = await self._stream.readline()
           ^^^^^^^^^^^^^^^^^^^^^^^^^^^^^
  File "/Library/Frameworks/Python.framework/Versions/3.14/lib/python3.14/asyncio/streams.py", line 562, in readline
    line = await self.readuntil(sep)
           ^^^^^^^^^^^^^^^^^^^^^^^^^
  File "/Library/Frameworks/Python.framework/Versions/3.14/lib/python3.14/asyncio/streams.py", line 677, in readuntil
    await self._wait_for_data('readuntil')
  File "/Library/Frameworks/Python.framework/Versions/3.14/lib/python3.14/asyncio/streams.py", line 539, in _wait_for_data
    await self._waiter
asyncio.exceptions.CancelledError

The above exception was the direct cause of the following exception:

Traceback (most recent call last):
  File "/Users/psw/Projects/decision-chat-bot/backend/.venv/lib/python3.14/site-packages/redis/asyncio/connection.py", line 590, in read_response
    async with async_timeout(read_timeout):
               ~~~~~~~~~~~~~^^^^^^^^^^^^^^
  File "/Library/Frameworks/Python.framework/Versions/3.14/lib/python3.14/asyncio/timeouts.py", line 115, in __aexit__
    raise TimeoutError from exc_val
TimeoutError

During handling of the above exception, another exception occurred:

Traceback (most recent call last):
  File "/Users/psw/Projects/decision-chat-bot/backend/jevtriage/realtime/subscriber.py", line 34, in _listen
    async for message in pubsub.listen():
        if message["type"] == "message":
            self._wake.set()
  File "/Users/psw/Projects/decision-chat-bot/backend/.venv/lib/python3.14/site-packages/redis/asyncio/client.py", line 1097, in listen
    response = await self.handle_message(await self.parse_response(block=True))
                                         ^^^^^^^^^^^^^^^^^^^^^^^^^^^^^^^^^^^^^
  File "/Users/psw/Projects/decision-chat-bot/backend/.venv/lib/python3.14/site-packages/redis/asyncio/client.py", line 984, in parse_response
    response = await self._execute(
               ^^^^^^^^^^^^^^^^^^^^
    ...<5 lines>...
    )
    ^
  File "/Users/psw/Projects/decision-chat-bot/backend/.venv/lib/python3.14/site-packages/redis/asyncio/client.py", line 964, in _execute
    return await conn.retry.call_with_retry(
           ^^^^^^^^^^^^^^^^^^^^^^^^^^^^^^^^^
    ...<2 lines>...
    )
    ^
  File "/Users/psw/Projects/decision-chat-bot/backend/.venv/lib/python3.14/site-packages/redis/asyncio/retry.py", line 55, in call_with_retry
    raise error
  File "/Users/psw/Projects/decision-chat-bot/backend/.venv/lib/python3.14/site-packages/redis/asyncio/retry.py", line 50, in call_with_retry
    return await do()
           ^^^^^^^^^^
  File "/Users/psw/Projects/decision-chat-bot/backend/.venv/lib/python3.14/site-packages/redis/asyncio/connection.py", line 609, in read_response
    raise TimeoutError(f"Timeout reading from {host_error}")
redis.exceptions.TimeoutError: Timeout reading from 127.0.0.1:16391
Redis subscriber disconnected for tenant t-audit-e2e-1005
Traceback (most recent call last):
  File "/Users/psw/Projects/decision-chat-bot/backend/.venv/lib/python3.14/site-packages/redis/asyncio/connection.py", line 591, in read_response
    response = await self._parser.read_response(
               ^^^^^^^^^^^^^^^^^^^^^^^^^^^^^^^^^
        disable_decoding=disable_decoding
        ^^^^^^^^^^^^^^^^^^^^^^^^^^^^^^^^^
    )
    ^
  File "/Users/psw/Projects/decision-chat-bot/backend/.venv/lib/python3.14/site-packages/redis/_parsers/resp2.py", line 82, in read_response
    response = await self._read_response(disable_decoding=disable_decoding)
               ^^^^^^^^^^^^^^^^^^^^^^^^^^^^^^^^^^^^^^^^^^^^^^^^^^^^^^^^^^^^
  File "/Users/psw/Projects/decision-chat-bot/backend/.venv/lib/python3.14/site-packages/redis/_parsers/resp2.py", line 90, in _read_response
    raw = await self._readline()
          ^^^^^^^^^^^^^^^^^^^^^^
  File "/Users/psw/Projects/decision-chat-bot/backend/.venv/lib/python3.14/site-packages/redis/_parsers/base.py", line 283, in _readline
    data = await self._stream.readline()
           ^^^^^^^^^^^^^^^^^^^^^^^^^^^^^
  File "/Library/Frameworks/Python.framework/Versions/3.14/lib/python3.14/asyncio/streams.py", line 562, in readline
    line = await self.readuntil(sep)
           ^^^^^^^^^^^^^^^^^^^^^^^^^
  File "/Library/Frameworks/Python.framework/Versions/3.14/lib/python3.14/asyncio/streams.py", line 677, in readuntil
    await self._wait_for_data('readuntil')
  File "/Library/Frameworks/Python.framework/Versions/3.14/lib/python3.14/asyncio/streams.py", line 539, in _wait_for_data
    await self._waiter
asyncio.exceptions.CancelledError

The above exception was the direct cause of the following exception:

Traceback (most recent call last):
  File "/Users/psw/Projects/decision-chat-bot/backend/.venv/lib/python3.14/site-packages/redis/asyncio/connection.py", line 590, in read_response
    async with async_timeout(read_timeout):
               ~~~~~~~~~~~~~^^^^^^^^^^^^^^
  File "/Library/Frameworks/Python.framework/Versions/3.14/lib/python3.14/asyncio/timeouts.py", line 115, in __aexit__
    raise TimeoutError from exc_val
TimeoutError

During handling of the above exception, another exception occurred:

Traceback (most recent call last):
  File "/Users/psw/Projects/decision-chat-bot/backend/jevtriage/realtime/subscriber.py", line 34, in _listen
    async for message in pubsub.listen():
        if message["type"] == "message":
            self._wake.set()
  File "/Users/psw/Projects/decision-chat-bot/backend/.venv/lib/python3.14/site-packages/redis/asyncio/client.py", line 1097, in listen
    response = await self.handle_message(await self.parse_response(block=True))
                                         ^^^^^^^^^^^^^^^^^^^^^^^^^^^^^^^^^^^^^
  File "/Users/psw/Projects/decision-chat-bot/backend/.venv/lib/python3.14/site-packages/redis/asyncio/client.py", line 984, in parse_response
    response = await self._execute(
               ^^^^^^^^^^^^^^^^^^^^
    ...<5 lines>...
    )
    ^
  File "/Users/psw/Projects/decision-chat-bot/backend/.venv/lib/python3.14/site-packages/redis/asyncio/client.py", line 964, in _execute
    return await conn.retry.call_with_retry(
           ^^^^^^^^^^^^^^^^^^^^^^^^^^^^^^^^^
    ...<2 lines>...
    )
    ^
  File "/Users/psw/Projects/decision-chat-bot/backend/.venv/lib/python3.14/site-packages/redis/asyncio/retry.py", line 55, in call_with_retry
    raise error
  File "/Users/psw/Projects/decision-chat-bot/backend/.venv/lib/python3.14/site-packages/redis/asyncio/retry.py", line 50, in call_with_retry
    return await do()
           ^^^^^^^^^^
  File "/Users/psw/Projects/decision-chat-bot/backend/.venv/lib/python3.14/site-packages/redis/asyncio/connection.py", line 609, in read_response
    raise TimeoutError(f"Timeout reading from {host_error}")
redis.exceptions.TimeoutError: Timeout reading from 127.0.0.1:16391
Redis subscriber disconnected for tenant t-audit-e2e-1005
Traceback (most recent call last):
  File "/Users/psw/Projects/decision-chat-bot/backend/.venv/lib/python3.14/site-packages/redis/asyncio/connection.py", line 591, in read_response
    response = await self._parser.read_response(
               ^^^^^^^^^^^^^^^^^^^^^^^^^^^^^^^^^
        disable_decoding=disable_decoding
        ^^^^^^^^^^^^^^^^^^^^^^^^^^^^^^^^^
    )
    ^
  File "/Users/psw/Projects/decision-chat-bot/backend/.venv/lib/python3.14/site-packages/redis/_parsers/resp2.py", line 82, in read_response
    response = await self._read_response(disable_decoding=disable_decoding)
               ^^^^^^^^^^^^^^^^^^^^^^^^^^^^^^^^^^^^^^^^^^^^^^^^^^^^^^^^^^^^
  File "/Users/psw/Projects/decision-chat-bot/backend/.venv/lib/python3.14/site-packages/redis/_parsers/resp2.py", line 90, in _read_response
    raw = await self._readline()
          ^^^^^^^^^^^^^^^^^^^^^^
  File "/Users/psw/Projects/decision-chat-bot/backend/.venv/lib/python3.14/site-packages/redis/_parsers/base.py", line 283, in _readline
    data = await self._stream.readline()
           ^^^^^^^^^^^^^^^^^^^^^^^^^^^^^
  File "/Library/Frameworks/Python.framework/Versions/3.14/lib/python3.14/asyncio/streams.py", line 562, in readline
    line = await self.readuntil(sep)
           ^^^^^^^^^^^^^^^^^^^^^^^^^
  File "/Library/Frameworks/Python.framework/Versions/3.14/lib/python3.14/asyncio/streams.py", line 677, in readuntil
    await self._wait_for_data('readuntil')
  File "/Library/Frameworks/Python.framework/Versions/3.14/lib/python3.14/asyncio/streams.py", line 539, in _wait_for_data
    await self._waiter
asyncio.exceptions.CancelledError

The above exception was the direct cause of the following exception:

Traceback (most recent call last):
  File "/Users/psw/Projects/decision-chat-bot/backend/.venv/lib/python3.14/site-packages/redis/asyncio/connection.py", line 590, in read_response
    async with async_timeout(read_timeout):
               ~~~~~~~~~~~~~^^^^^^^^^^^^^^
  File "/Library/Frameworks/Python.framework/Versions/3.14/lib/python3.14/asyncio/timeouts.py", line 115, in __aexit__
    raise TimeoutError from exc_val
TimeoutError

During handling of the above exception, another exception occurred:

Traceback (most recent call last):
  File "/Users/psw/Projects/decision-chat-bot/backend/jevtriage/realtime/subscriber.py", line 34, in _listen
    async for message in pubsub.listen():
        if message["type"] == "message":
            self._wake.set()
  File "/Users/psw/Projects/decision-chat-bot/backend/.venv/lib/python3.14/site-packages/redis/asyncio/client.py", line 1097, in listen
    response = await self.handle_message(await self.parse_response(block=True))
                                         ^^^^^^^^^^^^^^^^^^^^^^^^^^^^^^^^^^^^^
  File "/Users/psw/Projects/decision-chat-bot/backend/.venv/lib/python3.14/site-packages/redis/asyncio/client.py", line 984, in parse_response
    response = await self._execute(
               ^^^^^^^^^^^^^^^^^^^^
    ...<5 lines>...
    )
    ^
  File "/Users/psw/Projects/decision-chat-bot/backend/.venv/lib/python3.14/site-packages/redis/asyncio/client.py", line 964, in _execute
    return await conn.retry.call_with_retry(
           ^^^^^^^^^^^^^^^^^^^^^^^^^^^^^^^^^
    ...<2 lines>...
    )
    ^
  File "/Users/psw/Projects/decision-chat-bot/backend/.venv/lib/python3.14/site-packages/redis/asyncio/retry.py", line 55, in call_with_retry
    raise error
  File "/Users/psw/Projects/decision-chat-bot/backend/.venv/lib/python3.14/site-packages/redis/asyncio/retry.py", line 50, in call_with_retry
    return await do()
           ^^^^^^^^^^
  File "/Users/psw/Projects/decision-chat-bot/backend/.venv/lib/python3.14/site-packages/redis/asyncio/connection.py", line 609, in read_response
    raise TimeoutError(f"Timeout reading from {host_error}")
redis.exceptions.TimeoutError: Timeout reading from 127.0.0.1:16391
Redis subscriber disconnected for tenant t-audit-e2e-1005
Traceback (most recent call last):
  File "/Users/psw/Projects/decision-chat-bot/backend/.venv/lib/python3.14/site-packages/redis/asyncio/connection.py", line 591, in read_response
    response = await self._parser.read_response(
               ^^^^^^^^^^^^^^^^^^^^^^^^^^^^^^^^^
        disable_decoding=disable_decoding
        ^^^^^^^^^^^^^^^^^^^^^^^^^^^^^^^^^
    )
    ^
  File "/Users/psw/Projects/decision-chat-bot/backend/.venv/lib/python3.14/site-packages/redis/_parsers/resp2.py", line 82, in read_response
    response = await self._read_response(disable_decoding=disable_decoding)
               ^^^^^^^^^^^^^^^^^^^^^^^^^^^^^^^^^^^^^^^^^^^^^^^^^^^^^^^^^^^^
  File "/Users/psw/Projects/decision-chat-bot/backend/.venv/lib/python3.14/site-packages/redis/_parsers/resp2.py", line 90, in _read_response
    raw = await self._readline()
          ^^^^^^^^^^^^^^^^^^^^^^
  File "/Users/psw/Projects/decision-chat-bot/backend/.venv/lib/python3.14/site-packages/redis/_parsers/base.py", line 283, in _readline
    data = await self._stream.readline()
           ^^^^^^^^^^^^^^^^^^^^^^^^^^^^^
  File "/Library/Frameworks/Python.framework/Versions/3.14/lib/python3.14/asyncio/streams.py", line 562, in readline
    line = await self.readuntil(sep)
           ^^^^^^^^^^^^^^^^^^^^^^^^^
  File "/Library/Frameworks/Python.framework/Versions/3.14/lib/python3.14/asyncio/streams.py", line 677, in readuntil
    await self._wait_for_data('readuntil')
  File "/Library/Frameworks/Python.framework/Versions/3.14/lib/python3.14/asyncio/streams.py", line 539, in _wait_for_data
    await self._waiter
asyncio.exceptions.CancelledError

The above exception was the direct cause of the following exception:

Traceback (most recent call last):
  File "/Users/psw/Projects/decision-chat-bot/backend/.venv/lib/python3.14/site-packages/redis/asyncio/connection.py", line 590, in read_response
    async with async_timeout(read_timeout):
               ~~~~~~~~~~~~~^^^^^^^^^^^^^^
  File "/Library/Frameworks/Python.framework/Versions/3.14/lib/python3.14/asyncio/timeouts.py", line 115, in __aexit__
    raise TimeoutError from exc_val
TimeoutError

During handling of the above exception, another exception occurred:

Traceback (most recent call last):
  File "/Users/psw/Projects/decision-chat-bot/backend/jevtriage/realtime/subscriber.py", line 34, in _listen
    async for message in pubsub.listen():
        if message["type"] == "message":
            self._wake.set()
  File "/Users/psw/Projects/decision-chat-bot/backend/.venv/lib/python3.14/site-packages/redis/asyncio/client.py", line 1097, in listen
    response = await self.handle_message(await self.parse_response(block=True))
                                         ^^^^^^^^^^^^^^^^^^^^^^^^^^^^^^^^^^^^^
  File "/Users/psw/Projects/decision-chat-bot/backend/.venv/lib/python3.14/site-packages/redis/asyncio/client.py", line 984, in parse_response
    response = await self._execute(
               ^^^^^^^^^^^^^^^^^^^^
    ...<5 lines>...
    )
    ^
  File "/Users/psw/Projects/decision-chat-bot/backend/.venv/lib/python3.14/site-packages/redis/asyncio/client.py", line 964, in _execute
    return await conn.retry.call_with_retry(
           ^^^^^^^^^^^^^^^^^^^^^^^^^^^^^^^^^
    ...<2 lines>...
    )
    ^
  File "/Users/psw/Projects/decision-chat-bot/backend/.venv/lib/python3.14/site-packages/redis/asyncio/retry.py", line 55, in call_with_retry
    raise error
  File "/Users/psw/Projects/decision-chat-bot/backend/.venv/lib/python3.14/site-packages/redis/asyncio/retry.py", line 50, in call_with_retry
    return await do()
           ^^^^^^^^^^
  File "/Users/psw/Projects/decision-chat-bot/backend/.venv/lib/python3.14/site-packages/redis/asyncio/connection.py", line 609, in read_response
    raise TimeoutError(f"Timeout reading from {host_error}")
redis.exceptions.TimeoutError: Timeout reading from 127.0.0.1:16391
Redis subscriber disconnected for tenant t-audit-e2e-1005
Traceback (most recent call last):
  File "/Users/psw/Projects/decision-chat-bot/backend/.venv/lib/python3.14/site-packages/redis/asyncio/connection.py", line 591, in read_response
    response = await self._parser.read_response(
               ^^^^^^^^^^^^^^^^^^^^^^^^^^^^^^^^^
        disable_decoding=disable_decoding
        ^^^^^^^^^^^^^^^^^^^^^^^^^^^^^^^^^
    )
    ^
  File "/Users/psw/Projects/decision-chat-bot/backend/.venv/lib/python3.14/site-packages/redis/_parsers/resp2.py", line 82, in read_response
    response = await self._read_response(disable_decoding=disable_decoding)
               ^^^^^^^^^^^^^^^^^^^^^^^^^^^^^^^^^^^^^^^^^^^^^^^^^^^^^^^^^^^^
  File "/Users/psw/Projects/decision-chat-bot/backend/.venv/lib/python3.14/site-packages/redis/_parsers/resp2.py", line 90, in _read_response
    raw = await self._readline()
          ^^^^^^^^^^^^^^^^^^^^^^
  File "/Users/psw/Projects/decision-chat-bot/backend/.venv/lib/python3.14/site-packages/redis/_parsers/base.py", line 283, in _readline
    data = await self._stream.readline()
           ^^^^^^^^^^^^^^^^^^^^^^^^^^^^^
  File "/Library/Frameworks/Python.framework/Versions/3.14/lib/python3.14/asyncio/streams.py", line 562, in readline
    line = await self.readuntil(sep)
           ^^^^^^^^^^^^^^^^^^^^^^^^^
  File "/Library/Frameworks/Python.framework/Versions/3.14/lib/python3.14/asyncio/streams.py", line 677, in readuntil
    await self._wait_for_data('readuntil')
  File "/Library/Frameworks/Python.framework/Versions/3.14/lib/python3.14/asyncio/streams.py", line 539, in _wait_for_data
    await self._waiter
asyncio.exceptions.CancelledError

The above exception was the direct cause of the following exception:

Traceback (most recent call last):
  File "/Users/psw/Projects/decision-chat-bot/backend/.venv/lib/python3.14/site-packages/redis/asyncio/connection.py", line 590, in read_response
    async with async_timeout(read_timeout):
               ~~~~~~~~~~~~~^^^^^^^^^^^^^^
  File "/Library/Frameworks/Python.framework/Versions/3.14/lib/python3.14/asyncio/timeouts.py", line 115, in __aexit__
    raise TimeoutError from exc_val
TimeoutError

During handling of the above exception, another exception occurred:

Traceback (most recent call last):
  File "/Users/psw/Projects/decision-chat-bot/backend/jevtriage/realtime/subscriber.py", line 34, in _listen
    async for message in pubsub.listen():
        if message["type"] == "message":
            self._wake.set()
  File "/Users/psw/Projects/decision-chat-bot/backend/.venv/lib/python3.14/site-packages/redis/asyncio/client.py", line 1097, in listen
    response = await self.handle_message(await self.parse_response(block=True))
                                         ^^^^^^^^^^^^^^^^^^^^^^^^^^^^^^^^^^^^^
  File "/Users/psw/Projects/decision-chat-bot/backend/.venv/lib/python3.14/site-packages/redis/asyncio/client.py", line 984, in parse_response
    response = await self._execute(
               ^^^^^^^^^^^^^^^^^^^^
    ...<5 lines>...
    )
    ^
  File "/Users/psw/Projects/decision-chat-bot/backend/.venv/lib/python3.14/site-packages/redis/asyncio/client.py", line 964, in _execute
    return await conn.retry.call_with_retry(
           ^^^^^^^^^^^^^^^^^^^^^^^^^^^^^^^^^
    ...<2 lines>...
    )
    ^
  File "/Users/psw/Projects/decision-chat-bot/backend/.venv/lib/python3.14/site-packages/redis/asyncio/retry.py", line 55, in call_with_retry
    raise error
  File "/Users/psw/Projects/decision-chat-bot/backend/.venv/lib/python3.14/site-packages/redis/asyncio/retry.py", line 50, in call_with_retry
    return await do()
           ^^^^^^^^^^
  File "/Users/psw/Projects/decision-chat-bot/backend/.venv/lib/python3.14/site-packages/redis/asyncio/connection.py", line 609, in read_response
    raise TimeoutError(f"Timeout reading from {host_error}")
redis.exceptions.TimeoutError: Timeout reading from 127.0.0.1:16391
Redis subscriber disconnected for tenant t-audit-e2e-1005
Traceback (most recent call last):
  File "/Users/psw/Projects/decision-chat-bot/backend/.venv/lib/python3.14/site-packages/redis/asyncio/connection.py", line 591, in read_response
    response = await self._parser.read_response(
               ^^^^^^^^^^^^^^^^^^^^^^^^^^^^^^^^^
        disable_decoding=disable_decoding
        ^^^^^^^^^^^^^^^^^^^^^^^^^^^^^^^^^
    )
    ^
  File "/Users/psw/Projects/decision-chat-bot/backend/.venv/lib/python3.14/site-packages/redis/_parsers/resp2.py", line 82, in read_response
    response = await self._read_response(disable_decoding=disable_decoding)
               ^^^^^^^^^^^^^^^^^^^^^^^^^^^^^^^^^^^^^^^^^^^^^^^^^^^^^^^^^^^^
  File "/Users/psw/Projects/decision-chat-bot/backend/.venv/lib/python3.14/site-packages/redis/_parsers/resp2.py", line 90, in _read_response
    raw = await self._readline()
          ^^^^^^^^^^^^^^^^^^^^^^
  File "/Users/psw/Projects/decision-chat-bot/backend/.venv/lib/python3.14/site-packages/redis/_parsers/base.py", line 283, in _readline
    data = await self._stream.readline()
           ^^^^^^^^^^^^^^^^^^^^^^^^^^^^^
  File "/Library/Frameworks/Python.framework/Versions/3.14/lib/python3.14/asyncio/streams.py", line 562, in readline
    line = await self.readuntil(sep)
           ^^^^^^^^^^^^^^^^^^^^^^^^^
  File "/Library/Frameworks/Python.framework/Versions/3.14/lib/python3.14/asyncio/streams.py", line 677, in readuntil
    await self._wait_for_data('readuntil')
  File "/Library/Frameworks/Python.framework/Versions/3.14/lib/python3.14/asyncio/streams.py", line 539, in _wait_for_data
    await self._waiter
asyncio.exceptions.CancelledError

The above exception was the direct cause of the following exception:

Traceback (most recent call last):
  File "/Users/psw/Projects/decision-chat-bot/backend/.venv/lib/python3.14/site-packages/redis/asyncio/connection.py", line 590, in read_response
    async with async_timeout(read_timeout):
               ~~~~~~~~~~~~~^^^^^^^^^^^^^^
  File "/Library/Frameworks/Python.framework/Versions/3.14/lib/python3.14/asyncio/timeouts.py", line 115, in __aexit__
    raise TimeoutError from exc_val
TimeoutError

During handling of the above exception, another exception occurred:

Traceback (most recent call last):
  File "/Users/psw/Projects/decision-chat-bot/backend/jevtriage/realtime/subscriber.py", line 34, in _listen
    async for message in pubsub.listen():
        if message["type"] == "message":
            self._wake.set()
  File "/Users/psw/Projects/decision-chat-bot/backend/.venv/lib/python3.14/site-packages/redis/asyncio/client.py", line 1097, in listen
    response = await self.handle_message(await self.parse_response(block=True))
                                         ^^^^^^^^^^^^^^^^^^^^^^^^^^^^^^^^^^^^^
  File "/Users/psw/Projects/decision-chat-bot/backend/.venv/lib/python3.14/site-packages/redis/asyncio/client.py", line 984, in parse_response
    response = await self._execute(
               ^^^^^^^^^^^^^^^^^^^^
    ...<5 lines>...
    )
    ^
  File "/Users/psw/Projects/decision-chat-bot/backend/.venv/lib/python3.14/site-packages/redis/asyncio/client.py", line 964, in _execute
    return await conn.retry.call_with_retry(
           ^^^^^^^^^^^^^^^^^^^^^^^^^^^^^^^^^
    ...<2 lines>...
    )
    ^
  File "/Users/psw/Projects/decision-chat-bot/backend/.venv/lib/python3.14/site-packages/redis/asyncio/retry.py", line 55, in call_with_retry
    raise error
  File "/Users/psw/Projects/decision-chat-bot/backend/.venv/lib/python3.14/site-packages/redis/asyncio/retry.py", line 50, in call_with_retry
    return await do()
           ^^^^^^^^^^
  File "/Users/psw/Projects/decision-chat-bot/backend/.venv/lib/python3.14/site-packages/redis/asyncio/connection.py", line 609, in read_response
    raise TimeoutError(f"Timeout reading from {host_error}")
redis.exceptions.TimeoutError: Timeout reading from 127.0.0.1:16391
Redis subscriber disconnected for tenant t-audit-e2e-1005
Traceback (most recent call last):
  File "/Users/psw/Projects/decision-chat-bot/backend/.venv/lib/python3.14/site-packages/redis/asyncio/connection.py", line 591, in read_response
    response = await self._parser.read_response(
               ^^^^^^^^^^^^^^^^^^^^^^^^^^^^^^^^^
        disable_decoding=disable_decoding
        ^^^^^^^^^^^^^^^^^^^^^^^^^^^^^^^^^
    )
    ^
  File "/Users/psw/Projects/decision-chat-bot/backend/.venv/lib/python3.14/site-packages/redis/_parsers/resp2.py", line 82, in read_response
    response = await self._read_response(disable_decoding=disable_decoding)
               ^^^^^^^^^^^^^^^^^^^^^^^^^^^^^^^^^^^^^^^^^^^^^^^^^^^^^^^^^^^^
  File "/Users/psw/Projects/decision-chat-bot/backend/.venv/lib/python3.14/site-packages/redis/_parsers/resp2.py", line 90, in _read_response
    raw = await self._readline()
          ^^^^^^^^^^^^^^^^^^^^^^
  File "/Users/psw/Projects/decision-chat-bot/backend/.venv/lib/python3.14/site-packages/redis/_parsers/base.py", line 283, in _readline
    data = await self._stream.readline()
           ^^^^^^^^^^^^^^^^^^^^^^^^^^^^^
  File "/Library/Frameworks/Python.framework/Versions/3.14/lib/python3.14/asyncio/streams.py", line 562, in readline
    line = await self.readuntil(sep)
           ^^^^^^^^^^^^^^^^^^^^^^^^^
  File "/Library/Frameworks/Python.framework/Versions/3.14/lib/python3.14/asyncio/streams.py", line 677, in readuntil
    await self._wait_for_data('readuntil')
  File "/Library/Frameworks/Python.framework/Versions/3.14/lib/python3.14/asyncio/streams.py", line 539, in _wait_for_data
    await self._waiter
asyncio.exceptions.CancelledError

The above exception was the direct cause of the following exception:

Traceback (most recent call last):
  File "/Users/psw/Projects/decision-chat-bot/backend/.venv/lib/python3.14/site-packages/redis/asyncio/connection.py", line 590, in read_response
    async with async_timeout(read_timeout):
               ~~~~~~~~~~~~~^^^^^^^^^^^^^^
  File "/Library/Frameworks/Python.framework/Versions/3.14/lib/python3.14/asyncio/timeouts.py", line 115, in __aexit__
    raise TimeoutError from exc_val
TimeoutError

During handling of the above exception, another exception occurred:

Traceback (most recent call last):
  File "/Users/psw/Projects/decision-chat-bot/backend/jevtriage/realtime/subscriber.py", line 34, in _listen
    async for message in pubsub.listen():
        if message["type"] == "message":
            self._wake.set()
  File "/Users/psw/Projects/decision-chat-bot/backend/.venv/lib/python3.14/site-packages/redis/asyncio/client.py", line 1097, in listen
    response = await self.handle_message(await self.parse_response(block=True))
                                         ^^^^^^^^^^^^^^^^^^^^^^^^^^^^^^^^^^^^^
  File "/Users/psw/Projects/decision-chat-bot/backend/.venv/lib/python3.14/site-packages/redis/asyncio/client.py", line 984, in parse_response
    response = await self._execute(
               ^^^^^^^^^^^^^^^^^^^^
    ...<5 lines>...
    )
    ^
  File "/Users/psw/Projects/decision-chat-bot/backend/.venv/lib/python3.14/site-packages/redis/asyncio/client.py", line 964, in _execute
    return await conn.retry.call_with_retry(
           ^^^^^^^^^^^^^^^^^^^^^^^^^^^^^^^^^
    ...<2 lines>...
    )
    ^
  File "/Users/psw/Projects/decision-chat-bot/backend/.venv/lib/python3.14/site-packages/redis/asyncio/retry.py", line 55, in call_with_retry
    raise error
  File "/Users/psw/Projects/decision-chat-bot/backend/.venv/lib/python3.14/site-packages/redis/asyncio/retry.py", line 50, in call_with_retry
    return await do()
           ^^^^^^^^^^
  File "/Users/psw/Projects/decision-chat-bot/backend/.venv/lib/python3.14/site-packages/redis/asyncio/connection.py", line 609, in read_response
    raise TimeoutError(f"Timeout reading from {host_error}")
redis.exceptions.TimeoutError: Timeout reading from 127.0.0.1:16391
Redis subscriber disconnected for tenant t-audit-e2e-1005
Traceback (most recent call last):
  File "/Users/psw/Projects/decision-chat-bot/backend/.venv/lib/python3.14/site-packages/redis/asyncio/connection.py", line 591, in read_response
    response = await self._parser.read_response(
               ^^^^^^^^^^^^^^^^^^^^^^^^^^^^^^^^^
        disable_decoding=disable_decoding
        ^^^^^^^^^^^^^^^^^^^^^^^^^^^^^^^^^
    )
    ^
  File "/Users/psw/Projects/decision-chat-bot/backend/.venv/lib/python3.14/site-packages/redis/_parsers/resp2.py", line 82, in read_response
    response = await self._read_response(disable_decoding=disable_decoding)
               ^^^^^^^^^^^^^^^^^^^^^^^^^^^^^^^^^^^^^^^^^^^^^^^^^^^^^^^^^^^^
  File "/Users/psw/Projects/decision-chat-bot/backend/.venv/lib/python3.14/site-packages/redis/_parsers/resp2.py", line 90, in _read_response
    raw = await self._readline()
          ^^^^^^^^^^^^^^^^^^^^^^
  File "/Users/psw/Projects/decision-chat-bot/backend/.venv/lib/python3.14/site-packages/redis/_parsers/base.py", line 283, in _readline
    data = await self._stream.readline()
           ^^^^^^^^^^^^^^^^^^^^^^^^^^^^^
  File "/Library/Frameworks/Python.framework/Versions/3.14/lib/python3.14/asyncio/streams.py", line 562, in readline
    line = await self.readuntil(sep)
           ^^^^^^^^^^^^^^^^^^^^^^^^^
  File "/Library/Frameworks/Python.framework/Versions/3.14/lib/python3.14/asyncio/streams.py", line 677, in readuntil
    await self._wait_for_data('readuntil')
  File "/Library/Frameworks/Python.framework/Versions/3.14/lib/python3.14/asyncio/streams.py", line 539, in _wait_for_data
    await self._waiter
asyncio.exceptions.CancelledError

The above exception was the direct cause of the following exception:

Traceback (most recent call last):
  File "/Users/psw/Projects/decision-chat-bot/backend/.venv/lib/python3.14/site-packages/redis/asyncio/connection.py", line 590, in read_response
    async with async_timeout(read_timeout):
               ~~~~~~~~~~~~~^^^^^^^^^^^^^^
  File "/Library/Frameworks/Python.framework/Versions/3.14/lib/python3.14/asyncio/timeouts.py", line 115, in __aexit__
    raise TimeoutError from exc_val
TimeoutError

During handling of the above exception, another exception occurred:

Traceback (most recent call last):
  File "/Users/psw/Projects/decision-chat-bot/backend/jevtriage/realtime/subscriber.py", line 34, in _listen
    async for message in pubsub.listen():
        if message["type"] == "message":
            self._wake.set()
  File "/Users/psw/Projects/decision-chat-bot/backend/.venv/lib/python3.14/site-packages/redis/asyncio/client.py", line 1097, in listen
    response = await self.handle_message(await self.parse_response(block=True))
                                         ^^^^^^^^^^^^^^^^^^^^^^^^^^^^^^^^^^^^^
  File "/Users/psw/Projects/decision-chat-bot/backend/.venv/lib/python3.14/site-packages/redis/asyncio/client.py", line 984, in parse_response
    response = await self._execute(
               ^^^^^^^^^^^^^^^^^^^^
    ...<5 lines>...
    )
    ^
  File "/Users/psw/Projects/decision-chat-bot/backend/.venv/lib/python3.14/site-packages/redis/asyncio/client.py", line 964, in _execute
    return await conn.retry.call_with_retry(
           ^^^^^^^^^^^^^^^^^^^^^^^^^^^^^^^^^
    ...<2 lines>...
    )
    ^
  File "/Users/psw/Projects/decision-chat-bot/backend/.venv/lib/python3.14/site-packages/redis/asyncio/retry.py", line 55, in call_with_retry
    raise error
  File "/Users/psw/Projects/decision-chat-bot/backend/.venv/lib/python3.14/site-packages/redis/asyncio/retry.py", line 50, in call_with_retry
    return await do()
           ^^^^^^^^^^
  File "/Users/psw/Projects/decision-chat-bot/backend/.venv/lib/python3.14/site-packages/redis/asyncio/connection.py", line 609, in read_response
    raise TimeoutError(f"Timeout reading from {host_error}")
redis.exceptions.TimeoutError: Timeout reading from 127.0.0.1:16391
Redis subscriber disconnected for tenant t-audit-e2e-1005
Traceback (most recent call last):
  File "/Users/psw/Projects/decision-chat-bot/backend/.venv/lib/python3.14/site-packages/redis/asyncio/connection.py", line 591, in read_response
    response = await self._parser.read_response(
               ^^^^^^^^^^^^^^^^^^^^^^^^^^^^^^^^^
        disable_decoding=disable_decoding
        ^^^^^^^^^^^^^^^^^^^^^^^^^^^^^^^^^
    )
    ^
  File "/Users/psw/Projects/decision-chat-bot/backend/.venv/lib/python3.14/site-packages/redis/_parsers/resp2.py", line 82, in read_response
    response = await self._read_response(disable_decoding=disable_decoding)
               ^^^^^^^^^^^^^^^^^^^^^^^^^^^^^^^^^^^^^^^^^^^^^^^^^^^^^^^^^^^^
  File "/Users/psw/Projects/decision-chat-bot/backend/.venv/lib/python3.14/site-packages/redis/_parsers/resp2.py", line 90, in _read_response
    raw = await self._readline()
          ^^^^^^^^^^^^^^^^^^^^^^
  File "/Users/psw/Projects/decision-chat-bot/backend/.venv/lib/python3.14/site-packages/redis/_parsers/base.py", line 283, in _readline
    data = await self._stream.readline()
           ^^^^^^^^^^^^^^^^^^^^^^^^^^^^^
  File "/Library/Frameworks/Python.framework/Versions/3.14/lib/python3.14/asyncio/streams.py", line 562, in readline
    line = await self.readuntil(sep)
           ^^^^^^^^^^^^^^^^^^^^^^^^^
  File "/Library/Frameworks/Python.framework/Versions/3.14/lib/python3.14/asyncio/streams.py", line 677, in readuntil
    await self._wait_for_data('readuntil')
  File "/Library/Frameworks/Python.framework/Versions/3.14/lib/python3.14/asyncio/streams.py", line 539, in _wait_for_data
    await self._waiter
asyncio.exceptions.CancelledError

The above exception was the direct cause of the following exception:

Traceback (most recent call last):
  File "/Users/psw/Projects/decision-chat-bot/backend/.venv/lib/python3.14/site-packages/redis/asyncio/connection.py", line 590, in read_response
    async with async_timeout(read_timeout):
               ~~~~~~~~~~~~~^^^^^^^^^^^^^^
  File "/Library/Frameworks/Python.framework/Versions/3.14/lib/python3.14/asyncio/timeouts.py", line 115, in __aexit__
    raise TimeoutError from exc_val
TimeoutError

During handling of the above exception, another exception occurred:

Traceback (most recent call last):
  File "/Users/psw/Projects/decision-chat-bot/backend/jevtriage/realtime/subscriber.py", line 34, in _listen
    async for message in pubsub.listen():
        if message["type"] == "message":
            self._wake.set()
  File "/Users/psw/Projects/decision-chat-bot/backend/.venv/lib/python3.14/site-packages/redis/asyncio/client.py", line 1097, in listen
    response = await self.handle_message(await self.parse_response(block=True))
                                         ^^^^^^^^^^^^^^^^^^^^^^^^^^^^^^^^^^^^^
  File "/Users/psw/Projects/decision-chat-bot/backend/.venv/lib/python3.14/site-packages/redis/asyncio/client.py", line 984, in parse_response
    response = await self._execute(
               ^^^^^^^^^^^^^^^^^^^^
    ...<5 lines>...
    )
    ^
  File "/Users/psw/Projects/decision-chat-bot/backend/.venv/lib/python3.14/site-packages/redis/asyncio/client.py", line 964, in _execute
    return await conn.retry.call_with_retry(
           ^^^^^^^^^^^^^^^^^^^^^^^^^^^^^^^^^
    ...<2 lines>...
    )
    ^
  File "/Users/psw/Projects/decision-chat-bot/backend/.venv/lib/python3.14/site-packages/redis/asyncio/retry.py", line 55, in call_with_retry
    raise error
  File "/Users/psw/Projects/decision-chat-bot/backend/.venv/lib/python3.14/site-packages/redis/asyncio/retry.py", line 50, in call_with_retry
    return await do()
           ^^^^^^^^^^
  File "/Users/psw/Projects/decision-chat-bot/backend/.venv/lib/python3.14/site-packages/redis/asyncio/connection.py", line 609, in read_response
    raise TimeoutError(f"Timeout reading from {host_error}")
redis.exceptions.TimeoutError: Timeout reading from 127.0.0.1:16391
Redis subscriber disconnected for tenant t-audit-e2e-1005
Traceback (most recent call last):
  File "/Users/psw/Projects/decision-chat-bot/backend/.venv/lib/python3.14/site-packages/redis/asyncio/connection.py", line 591, in read_response
    response = await self._parser.read_response(
               ^^^^^^^^^^^^^^^^^^^^^^^^^^^^^^^^^
        disable_decoding=disable_decoding
        ^^^^^^^^^^^^^^^^^^^^^^^^^^^^^^^^^
    )
    ^
  File "/Users/psw/Projects/decision-chat-bot/backend/.venv/lib/python3.14/site-packages/redis/_parsers/resp2.py", line 82, in read_response
    response = await self._read_response(disable_decoding=disable_decoding)
               ^^^^^^^^^^^^^^^^^^^^^^^^^^^^^^^^^^^^^^^^^^^^^^^^^^^^^^^^^^^^
  File "/Users/psw/Projects/decision-chat-bot/backend/.venv/lib/python3.14/site-packages/redis/_parsers/resp2.py", line 90, in _read_response
    raw = await self._readline()
          ^^^^^^^^^^^^^^^^^^^^^^
  File "/Users/psw/Projects/decision-chat-bot/backend/.venv/lib/python3.14/site-packages/redis/_parsers/base.py", line 283, in _readline
    data = await self._stream.readline()
           ^^^^^^^^^^^^^^^^^^^^^^^^^^^^^
  File "/Library/Frameworks/Python.framework/Versions/3.14/lib/python3.14/asyncio/streams.py", line 562, in readline
    line = await self.readuntil(sep)
           ^^^^^^^^^^^^^^^^^^^^^^^^^
  File "/Library/Frameworks/Python.framework/Versions/3.14/lib/python3.14/asyncio/streams.py", line 677, in readuntil
    await self._wait_for_data('readuntil')
  File "/Library/Frameworks/Python.framework/Versions/3.14/lib/python3.14/asyncio/streams.py", line 539, in _wait_for_data
    await self._waiter
asyncio.exceptions.CancelledError

The above exception was the direct cause of the following exception:

Traceback (most recent call last):
  File "/Users/psw/Projects/decision-chat-bot/backend/.venv/lib/python3.14/site-packages/redis/asyncio/connection.py", line 590, in read_response
    async with async_timeout(read_timeout):
               ~~~~~~~~~~~~~^^^^^^^^^^^^^^
  File "/Library/Frameworks/Python.framework/Versions/3.14/lib/python3.14/asyncio/timeouts.py", line 115, in __aexit__
    raise TimeoutError from exc_val
TimeoutError

During handling of the above exception, another exception occurred:

Traceback (most recent call last):
  File "/Users/psw/Projects/decision-chat-bot/backend/jevtriage/realtime/subscriber.py", line 34, in _listen
    async for message in pubsub.listen():
        if message["type"] == "message":
            self._wake.set()
  File "/Users/psw/Projects/decision-chat-bot/backend/.venv/lib/python3.14/site-packages/redis/asyncio/client.py", line 1097, in listen
    response = await self.handle_message(await self.parse_response(block=True))
                                         ^^^^^^^^^^^^^^^^^^^^^^^^^^^^^^^^^^^^^
  File "/Users/psw/Projects/decision-chat-bot/backend/.venv/lib/python3.14/site-packages/redis/asyncio/client.py", line 984, in parse_response
    response = await self._execute(
               ^^^^^^^^^^^^^^^^^^^^
    ...<5 lines>...
    )
    ^
  File "/Users/psw/Projects/decision-chat-bot/backend/.venv/lib/python3.14/site-packages/redis/asyncio/client.py", line 964, in _execute
    return await conn.retry.call_with_retry(
           ^^^^^^^^^^^^^^^^^^^^^^^^^^^^^^^^^
    ...<2 lines>...
    )
    ^
  File "/Users/psw/Projects/decision-chat-bot/backend/.venv/lib/python3.14/site-packages/redis/asyncio/retry.py", line 55, in call_with_retry
    raise error
  File "/Users/psw/Projects/decision-chat-bot/backend/.venv/lib/python3.14/site-packages/redis/asyncio/retry.py", line 50, in call_with_retry
    return await do()
           ^^^^^^^^^^
  File "/Users/psw/Projects/decision-chat-bot/backend/.venv/lib/python3.14/site-packages/redis/asyncio/connection.py", line 609, in read_response
    raise TimeoutError(f"Timeout reading from {host_error}")
redis.exceptions.TimeoutError: Timeout reading from 127.0.0.1:16391
Redis connection slot refresh failed
Traceback (most recent call last):
  File "/Users/psw/Projects/decision-chat-bot/backend/.venv/lib/python3.14/site-packages/redis/asyncio/connection.py", line 305, in connect_check_health
    await self.retry.call_with_retry(
        lambda: self._connect(), lambda error: self.disconnect()
    )
  File "/Users/psw/Projects/decision-chat-bot/backend/.venv/lib/python3.14/site-packages/redis/asyncio/retry.py", line 50, in call_with_retry
    return await do()
           ^^^^^^^^^^
  File "/Users/psw/Projects/decision-chat-bot/backend/.venv/lib/python3.14/site-packages/redis/asyncio/connection.py", line 760, in _connect
    reader, writer = await asyncio.open_connection(
                     ^^^^^^^^^^^^^^^^^^^^^^^^^^^^^^
        **self._connection_arguments()
        ^^^^^^^^^^^^^^^^^^^^^^^^^^^^^^
    )
    ^
  File "/Library/Frameworks/Python.framework/Versions/3.14/lib/python3.14/asyncio/streams.py", line 48, in open_connection
    transport, _ = await loop.create_connection(
                   ^^^^^^^^^^^^^^^^^^^^^^^^^^^^^
        lambda: protocol, host, port, **kwds)
        ^^^^^^^^^^^^^^^^^^^^^^^^^^^^^^^^^^^^^
  File "uvloop/loop.pyx", line 2040, in create_connection
  File "uvloop/loop.pyx", line 2017, in uvloop.loop.Loop.create_connection
    await waiter
ConnectionRefusedError: [Errno 61] Connection refused

During handling of the above exception, another exception occurred:

Traceback (most recent call last):
  File "/Users/psw/Projects/decision-chat-bot/backend/jevtriage/realtime/notifier.py", line 88, in refresh
    await client.zadd("sse:connections", {token: time.time() + self.ttl}, xx=True)
  File "/Users/psw/Projects/decision-chat-bot/backend/.venv/lib/python3.14/site-packages/redis/asyncio/client.py", line 672, in execute_command
    conn = self.connection or await pool.get_connection()
                              ^^^^^^^^^^^^^^^^^^^^^^^^^^^
  File "/Users/psw/Projects/decision-chat-bot/backend/.venv/lib/python3.14/site-packages/redis/asyncio/connection.py", line 1149, in get_connection
    await self.ensure_connection(connection)
  File "/Users/psw/Projects/decision-chat-bot/backend/.venv/lib/python3.14/site-packages/redis/asyncio/connection.py", line 1182, in ensure_connection
    await connection.connect()
  File "/Users/psw/Projects/decision-chat-bot/backend/.venv/lib/python3.14/site-packages/redis/asyncio/connection.py", line 296, in connect
    await self.connect_check_health(check_health=True)
  File "/Users/psw/Projects/decision-chat-bot/backend/.venv/lib/python3.14/site-packages/redis/asyncio/connection.py", line 315, in connect_check_health
    raise ConnectionError(self._error_message(e))
redis.exceptions.ConnectionError: Error 61 connecting to 127.0.0.1:16391. Connection refused.
Redis subscriber disconnected for tenant t-audit-e2e-1005
Traceback (most recent call last):
  File "/Users/psw/Projects/decision-chat-bot/backend/.venv/lib/python3.14/site-packages/redis/asyncio/connection.py", line 305, in connect_check_health
    await self.retry.call_with_retry(
        lambda: self._connect(), lambda error: self.disconnect()
    )
  File "/Users/psw/Projects/decision-chat-bot/backend/.venv/lib/python3.14/site-packages/redis/asyncio/retry.py", line 50, in call_with_retry
    return await do()
           ^^^^^^^^^^
  File "/Users/psw/Projects/decision-chat-bot/backend/.venv/lib/python3.14/site-packages/redis/asyncio/connection.py", line 760, in _connect
    reader, writer = await asyncio.open_connection(
                     ^^^^^^^^^^^^^^^^^^^^^^^^^^^^^^
        **self._connection_arguments()
        ^^^^^^^^^^^^^^^^^^^^^^^^^^^^^^
    )
    ^
  File "/Library/Frameworks/Python.framework/Versions/3.14/lib/python3.14/asyncio/streams.py", line 48, in open_connection
    transport, _ = await loop.create_connection(
                   ^^^^^^^^^^^^^^^^^^^^^^^^^^^^^
        lambda: protocol, host, port, **kwds)
        ^^^^^^^^^^^^^^^^^^^^^^^^^^^^^^^^^^^^^
  File "uvloop/loop.pyx", line 2040, in create_connection
    raise exceptions[0]
  File "uvloop/loop.pyx", line 2017, in uvloop.loop.Loop.create_connection
    await waiter
ConnectionRefusedError: [Errno 61] Connection refused

During handling of the above exception, another exception occurred:

Traceback (most recent call last):
  File "/Users/psw/Projects/decision-chat-bot/backend/jevtriage/realtime/subscriber.py", line 31, in _listen
    await pubsub.subscribe(self.channel)
  File "/Users/psw/Projects/decision-chat-bot/backend/.venv/lib/python3.14/site-packages/redis/asyncio/client.py", line 1071, in subscribe
    ret_val = await self.execute_command("SUBSCRIBE", *new_channels.keys())
              ^^^^^^^^^^^^^^^^^^^^^^^^^^^^^^^^^^^^^^^^^^^^^^^^^^^^^^^^^^^^^
  File "/Users/psw/Projects/decision-chat-bot/backend/.venv/lib/python3.14/site-packages/redis/asyncio/client.py", line 924, in execute_command
    await self.connect()
  File "/Users/psw/Projects/decision-chat-bot/backend/.venv/lib/python3.14/site-packages/redis/asyncio/client.py", line 934, in connect
    self.connection = await self.connection_pool.get_connection()
                      ^^^^^^^^^^^^^^^^^^^^^^^^^^^^^^^^^^^^^^^^^^^
  File "/Users/psw/Projects/decision-chat-bot/backend/.venv/lib/python3.14/site-packages/redis/asyncio/connection.py", line 1149, in get_connection
    await self.ensure_connection(connection)
  File "/Users/psw/Projects/decision-chat-bot/backend/.venv/lib/python3.14/site-packages/redis/asyncio/connection.py", line 1182, in ensure_connection
    await connection.connect()
  File "/Users/psw/Projects/decision-chat-bot/backend/.venv/lib/python3.14/site-packages/redis/asyncio/connection.py", line 296, in connect
    await self.connect_check_health(check_health=True)
  File "/Users/psw/Projects/decision-chat-bot/backend/.venv/lib/python3.14/site-packages/redis/asyncio/connection.py", line 315, in connect_check_health
    raise ConnectionError(self._error_message(e))
redis.exceptions.ConnectionError: Error 61 connecting to 127.0.0.1:16391. Connection refused.
Redis connection slot refresh failed
Traceback (most recent call last):
  File "/Users/psw/Projects/decision-chat-bot/backend/.venv/lib/python3.14/site-packages/redis/asyncio/connection.py", line 305, in connect_check_health
    await self.retry.call_with_retry(
        lambda: self._connect(), lambda error: self.disconnect()
    )
  File "/Users/psw/Projects/decision-chat-bot/backend/.venv/lib/python3.14/site-packages/redis/asyncio/retry.py", line 50, in call_with_retry
    return await do()
           ^^^^^^^^^^
  File "/Users/psw/Projects/decision-chat-bot/backend/.venv/lib/python3.14/site-packages/redis/asyncio/connection.py", line 760, in _connect
    reader, writer = await asyncio.open_connection(
                     ^^^^^^^^^^^^^^^^^^^^^^^^^^^^^^
        **self._connection_arguments()
        ^^^^^^^^^^^^^^^^^^^^^^^^^^^^^^
    )
    ^
  File "/Library/Frameworks/Python.framework/Versions/3.14/lib/python3.14/asyncio/streams.py", line 48, in open_connection
    transport, _ = await loop.create_connection(
                   ^^^^^^^^^^^^^^^^^^^^^^^^^^^^^
        lambda: protocol, host, port, **kwds)
        ^^^^^^^^^^^^^^^^^^^^^^^^^^^^^^^^^^^^^
  File "uvloop/loop.pyx", line 2040, in create_connection
    raise exceptions[0]
  File "uvloop/loop.pyx", line 2017, in uvloop.loop.Loop.create_connection
    await waiter
ConnectionRefusedError: [Errno 61] Connection refused

During handling of the above exception, another exception occurred:

Traceback (most recent call last):
  File "/Users/psw/Projects/decision-chat-bot/backend/jevtriage/realtime/notifier.py", line 88, in refresh
    await client.zadd("sse:connections", {token: time.time() + self.ttl}, xx=True)
  File "/Users/psw/Projects/decision-chat-bot/backend/.venv/lib/python3.14/site-packages/redis/asyncio/client.py", line 672, in execute_command
    conn = self.connection or await pool.get_connection()
                              ^^^^^^^^^^^^^^^^^^^^^^^^^^^
  File "/Users/psw/Projects/decision-chat-bot/backend/.venv/lib/python3.14/site-packages/redis/asyncio/connection.py", line 1149, in get_connection
    await self.ensure_connection(connection)
  File "/Users/psw/Projects/decision-chat-bot/backend/.venv/lib/python3.14/site-packages/redis/asyncio/connection.py", line 1182, in ensure_connection
    await connection.connect()
  File "/Users/psw/Projects/decision-chat-bot/backend/.venv/lib/python3.14/site-packages/redis/asyncio/connection.py", line 296, in connect
    await self.connect_check_health(check_health=True)
  File "/Users/psw/Projects/decision-chat-bot/backend/.venv/lib/python3.14/site-packages/redis/asyncio/connection.py", line 315, in connect_check_health
    raise ConnectionError(self._error_message(e))
redis.exceptions.ConnectionError: Error 61 connecting to 127.0.0.1:16391. Connection refused.
Received notification from DBMS server: <GqlStatusObject gql_status='01N52', status_description='warn: property key does not exist. The property `display_name` does not exist. Verify that the spelling is correct.', position=<SummaryInputPosition line=1, column=60, offset=59>, raw_classification='UNRECOGNIZED', classification=<NotificationClassification.UNRECOGNIZED: 'UNRECOGNIZED'>, raw_severity='WARNING', severity=<NotificationSeverity.WARNING: 'WARNING'>, diagnostic_record={'_classification': 'UNRECOGNIZED', '_severity': 'WARNING', '_position': {'offset': 59, 'line': 1, 'column': 60}, 'OPERATION': '', 'OPERATION_CODE': '0', 'CURRENT_SCHEMA': '/'}> for query: 'MATCH (u:User {id:$user_id,tenant_id:$tenant_id}) RETURN u.display_name AS display_name'
INFO:     127.0.0.1:59609 - "GET /api/auth/me HTTP/1.1" 200 OK
Received notification from DBMS server: <GqlStatusObject gql_status='01N52', status_description='warn: property key does not exist. The property `display_name` does not exist. Verify that the spelling is correct.', position=<SummaryInputPosition line=1, column=60, offset=59>, raw_classification='UNRECOGNIZED', classification=<NotificationClassification.UNRECOGNIZED: 'UNRECOGNIZED'>, raw_severity='WARNING', severity=<NotificationSeverity.WARNING: 'WARNING'>, diagnostic_record={'_classification': 'UNRECOGNIZED', '_severity': 'WARNING', '_position': {'offset': 59, 'line': 1, 'column': 60}, 'OPERATION': '', 'OPERATION_CODE': '0', 'CURRENT_SCHEMA': '/'}> for query: 'MATCH (u:User {id:$user_id,tenant_id:$tenant_id}) RETURN u.display_name AS display_name'
INFO:     127.0.0.1:59610 - "GET /api/auth/me HTTP/1.1" 200 OK
Received notification from DBMS server: <GqlStatusObject gql_status='01N52', status_description='warn: property key does not exist. The property `display_name` does not exist. Verify that the spelling is correct.', position=<SummaryInputPosition line=1, column=60, offset=59>, raw_classification='UNRECOGNIZED', classification=<NotificationClassification.UNRECOGNIZED: 'UNRECOGNIZED'>, raw_severity='WARNING', severity=<NotificationSeverity.WARNING: 'WARNING'>, diagnostic_record={'_classification': 'UNRECOGNIZED', '_severity': 'WARNING', '_position': {'offset': 59, 'line': 1, 'column': 60}, 'OPERATION': '', 'OPERATION_CODE': '0', 'CURRENT_SCHEMA': '/'}> for query: 'MATCH (u:User {id:$user_id,tenant_id:$tenant_id}) RETURN u.display_name AS display_name'
INFO:     127.0.0.1:59615 - "GET /api/auth/me HTTP/1.1" 200 OK
Redis connection limit unavailable; using local limit
Traceback (most recent call last):
  File "/Users/psw/Projects/decision-chat-bot/backend/.venv/lib/python3.14/site-packages/redis/asyncio/connection.py", line 305, in connect_check_health
    await self.retry.call_with_retry(
        lambda: self._connect(), lambda error: self.disconnect()
    )
  File "/Users/psw/Projects/decision-chat-bot/backend/.venv/lib/python3.14/site-packages/redis/asyncio/retry.py", line 50, in call_with_retry
    return await do()
           ^^^^^^^^^^
  File "/Users/psw/Projects/decision-chat-bot/backend/.venv/lib/python3.14/site-packages/redis/asyncio/connection.py", line 760, in _connect
    reader, writer = await asyncio.open_connection(
                     ^^^^^^^^^^^^^^^^^^^^^^^^^^^^^^
        **self._connection_arguments()
        ^^^^^^^^^^^^^^^^^^^^^^^^^^^^^^
    )
    ^
  File "/Library/Frameworks/Python.framework/Versions/3.14/lib/python3.14/asyncio/streams.py", line 48, in open_connection
    transport, _ = await loop.create_connection(
                   ^^^^^^^^^^^^^^^^^^^^^^^^^^^^^
        lambda: protocol, host, port, **kwds)
        ^^^^^^^^^^^^^^^^^^^^^^^^^^^^^^^^^^^^^
  File "uvloop/loop.pyx", line 2040, in create_connection
    raise exceptions[0]
  File "uvloop/loop.pyx", line 2017, in uvloop.loop.Loop.create_connection
    await waiter
ConnectionRefusedError: [Errno 61] Connection refused

During handling of the above exception, another exception occurred:

Traceback (most recent call last):
  File "/Users/psw/Projects/decision-chat-bot/backend/jevtriage/realtime/notifier.py", line 70, in acquire
    accepted = await client.eval(_ACQUIRE, 1, "sse:connections", now, self.limit,
               ^^^^^^^^^^^^^^^^^^^^^^^^^^^^^^^^^^^^^^^^^^^^^^^^^^^^^^^^^^^^^^^^^^
                                 now + self.ttl, token, self.ttl * 2)
                                 ^^^^^^^^^^^^^^^^^^^^^^^^^^^^^^^^^^^^
  File "/Users/psw/Projects/decision-chat-bot/backend/.venv/lib/python3.14/site-packages/redis/asyncio/client.py", line 672, in execute_command
    conn = self.connection or await pool.get_connection()
                              ^^^^^^^^^^^^^^^^^^^^^^^^^^^
  File "/Users/psw/Projects/decision-chat-bot/backend/.venv/lib/python3.14/site-packages/redis/asyncio/connection.py", line 1149, in get_connection
    await self.ensure_connection(connection)
  File "/Users/psw/Projects/decision-chat-bot/backend/.venv/lib/python3.14/site-packages/redis/asyncio/connection.py", line 1182, in ensure_connection
    await connection.connect()
  File "/Users/psw/Projects/decision-chat-bot/backend/.venv/lib/python3.14/site-packages/redis/asyncio/connection.py", line 296, in connect
    await self.connect_check_health(check_health=True)
  File "/Users/psw/Projects/decision-chat-bot/backend/.venv/lib/python3.14/site-packages/redis/asyncio/connection.py", line 315, in connect_check_health
    raise ConnectionError(self._error_message(e))
redis.exceptions.ConnectionError: Error 61 connecting to 127.0.0.1:16391. Connection refused.
INFO:     127.0.0.1:59617 - "GET /api/events/stream?after=0 HTTP/1.1" 200 OK
Received notification from DBMS server: <GqlStatusObject gql_status='01N52', status_description='warn: property key does not exist. The property `display_name` does not exist. Verify that the spelling is correct.', position=<SummaryInputPosition line=1, column=60, offset=59>, raw_classification='UNRECOGNIZED', classification=<NotificationClassification.UNRECOGNIZED: 'UNRECOGNIZED'>, raw_severity='WARNING', severity=<NotificationSeverity.WARNING: 'WARNING'>, diagnostic_record={'_classification': 'UNRECOGNIZED', '_severity': 'WARNING', '_position': {'offset': 59, 'line': 1, 'column': 60}, 'OPERATION': '', 'OPERATION_CODE': '0', 'CURRENT_SCHEMA': '/'}> for query: 'MATCH (u:User {id:$user_id,tenant_id:$tenant_id}) RETURN u.display_name AS display_name'
INFO:     127.0.0.1:59616 - "GET /api/requests?limit=50 HTTP/1.1" 200 OK
INFO:     127.0.0.1:59618 - "GET /api/auth/me HTTP/1.1" 200 OK
Received notification from DBMS server: <GqlStatusObject gql_status='01N52', status_description='warn: property key does not exist. The property `display_name` does not exist. Verify that the spelling is correct.', position=<SummaryInputPosition line=1, column=60, offset=59>, raw_classification='UNRECOGNIZED', classification=<NotificationClassification.UNRECOGNIZED: 'UNRECOGNIZED'>, raw_severity='WARNING', severity=<NotificationSeverity.WARNING: 'WARNING'>, diagnostic_record={'_classification': 'UNRECOGNIZED', '_severity': 'WARNING', '_position': {'offset': 59, 'line': 1, 'column': 60}, 'OPERATION': '', 'OPERATION_CODE': '0', 'CURRENT_SCHEMA': '/'}> for query: 'MATCH (u:User {id:$user_id,tenant_id:$tenant_id}) RETURN u.display_name AS display_name'
INFO:     127.0.0.1:59625 - "GET /api/auth/me HTTP/1.1" 200 OK
INFO:     127.0.0.1:59622 - "GET /api/requests?limit=50 HTTP/1.1" 200 OK
Received notification from DBMS server: <GqlStatusObject gql_status='01N52', status_description='warn: property key does not exist. The property `display_name` does not exist. Verify that the spelling is correct.', position=<SummaryInputPosition line=1, column=60, offset=59>, raw_classification='UNRECOGNIZED', classification=<NotificationClassification.UNRECOGNIZED: 'UNRECOGNIZED'>, raw_severity='WARNING', severity=<NotificationSeverity.WARNING: 'WARNING'>, diagnostic_record={'_classification': 'UNRECOGNIZED', '_severity': 'WARNING', '_position': {'offset': 59, 'line': 1, 'column': 60}, 'OPERATION': '', 'OPERATION_CODE': '0', 'CURRENT_SCHEMA': '/'}> for query: 'MATCH (u:User {id:$user_id,tenant_id:$tenant_id}) RETURN u.display_name AS display_name'
INFO:     127.0.0.1:59629 - "GET /api/auth/me HTTP/1.1" 200 OK
Redis subscriber disconnected for tenant t-audit-e2e-1005
Traceback (most recent call last):
  File "/Users/psw/Projects/decision-chat-bot/backend/.venv/lib/python3.14/site-packages/redis/asyncio/connection.py", line 305, in connect_check_health
    await self.retry.call_with_retry(
        lambda: self._connect(), lambda error: self.disconnect()
    )
  File "/Users/psw/Projects/decision-chat-bot/backend/.venv/lib/python3.14/site-packages/redis/asyncio/retry.py", line 50, in call_with_retry
    return await do()
           ^^^^^^^^^^
  File "/Users/psw/Projects/decision-chat-bot/backend/.venv/lib/python3.14/site-packages/redis/asyncio/connection.py", line 760, in _connect
    reader, writer = await asyncio.open_connection(
                     ^^^^^^^^^^^^^^^^^^^^^^^^^^^^^^
        **self._connection_arguments()
        ^^^^^^^^^^^^^^^^^^^^^^^^^^^^^^
    )
    ^
  File "/Library/Frameworks/Python.framework/Versions/3.14/lib/python3.14/asyncio/streams.py", line 48, in open_connection
    transport, _ = await loop.create_connection(
                   ^^^^^^^^^^^^^^^^^^^^^^^^^^^^^
        lambda: protocol, host, port, **kwds)
        ^^^^^^^^^^^^^^^^^^^^^^^^^^^^^^^^^^^^^
  File "uvloop/loop.pyx", line 2040, in create_connection
    raise exceptions[0]
  File "uvloop/loop.pyx", line 2017, in uvloop.loop.Loop.create_connection
    await waiter
ConnectionRefusedError: [Errno 61] Connection refused

During handling of the above exception, another exception occurred:

Traceback (most recent call last):
  File "/Users/psw/Projects/decision-chat-bot/backend/jevtriage/realtime/subscriber.py", line 31, in _listen
    await pubsub.subscribe(self.channel)
  File "/Users/psw/Projects/decision-chat-bot/backend/.venv/lib/python3.14/site-packages/redis/asyncio/client.py", line 1071, in subscribe
    ret_val = await self.execute_command("SUBSCRIBE", *new_channels.keys())
              ^^^^^^^^^^^^^^^^^^^^^^^^^^^^^^^^^^^^^^^^^^^^^^^^^^^^^^^^^^^^^
  File "/Users/psw/Projects/decision-chat-bot/backend/.venv/lib/python3.14/site-packages/redis/asyncio/client.py", line 924, in execute_command
    await self.connect()
  File "/Users/psw/Projects/decision-chat-bot/backend/.venv/lib/python3.14/site-packages/redis/asyncio/client.py", line 934, in connect
    self.connection = await self.connection_pool.get_connection()
                      ^^^^^^^^^^^^^^^^^^^^^^^^^^^^^^^^^^^^^^^^^^^
  File "/Users/psw/Projects/decision-chat-bot/backend/.venv/lib/python3.14/site-packages/redis/asyncio/connection.py", line 1149, in get_connection
    await self.ensure_connection(connection)
  File "/Users/psw/Projects/decision-chat-bot/backend/.venv/lib/python3.14/site-packages/redis/asyncio/connection.py", line 1182, in ensure_connection
    await connection.connect()
  File "/Users/psw/Projects/decision-chat-bot/backend/.venv/lib/python3.14/site-packages/redis/asyncio/connection.py", line 296, in connect
    await self.connect_check_health(check_health=True)
  File "/Users/psw/Projects/decision-chat-bot/backend/.venv/lib/python3.14/site-packages/redis/asyncio/connection.py", line 315, in connect_check_health
    raise ConnectionError(self._error_message(e))
redis.exceptions.ConnectionError: Error 61 connecting to 127.0.0.1:16391. Connection refused.
INFO:     127.0.0.1:59632 - "POST /api/requests/req_f7ce2a90cbaf4292ab72e7ddb7872d77/revisions HTTP/1.1" 202 Accepted
INFO:     127.0.0.1:59644 - "GET /api/requests/req_f7ce2a90cbaf4292ab72e7ddb7872d77/judgment HTTP/1.1" 404 Not Found
INFO:     127.0.0.1:59643 - "GET /api/requests/req_f7ce2a90cbaf4292ab72e7ddb7872d77 HTTP/1.1" 200 OK
INFO:     127.0.0.1:59645 - "GET /api/requests/req_f7ce2a90cbaf4292ab72e7ddb7872d77/runs HTTP/1.1" 200 OK
Received notification from DBMS server: <GqlStatusObject gql_status='01G11', status_description='warn: null value eliminated in set function', position=None, raw_classification='UNRECOGNIZED', classification=<NotificationClassification.UNRECOGNIZED: 'UNRECOGNIZED'>, raw_severity='WARNING', severity=<NotificationSeverity.WARNING: 'WARNING'>, diagnostic_record={'_classification': 'UNRECOGNIZED', '_severity': 'WARNING', 'OPERATION': '', 'OPERATION_CODE': '0', 'CURRENT_SCHEMA': '/'}> for query: 'MATCH (q:Request {tenant_id:$tenant,id:$request}) MATCH (r:Run {tenant_id:$tenant,request_id:$request}) WHERE r.id=coalesce($run,q.active_run_id) OPTIONAL MATCH (r)-[:HAS_STEP]->(s:RunStep {tenant_id:$tenant}) RETURN q.status AS request_status,q.first_received_at AS received, r AS run,collect(s) AS steps'
INFO:     127.0.0.1:59651 - "GET /api/requests/req_f7ce2a90cbaf4292ab72e7ddb7872d77/progress HTTP/1.1" 200 OK
Received notification from DBMS server: <GqlStatusObject gql_status='01G11', status_description='warn: null value eliminated in set function', position=None, raw_classification='UNRECOGNIZED', classification=<NotificationClassification.UNRECOGNIZED: 'UNRECOGNIZED'>, raw_severity='WARNING', severity=<NotificationSeverity.WARNING: 'WARNING'>, diagnostic_record={'_classification': 'UNRECOGNIZED', '_severity': 'WARNING', 'OPERATION': '', 'OPERATION_CODE': '0', 'CURRENT_SCHEMA': '/'}> for query: 'MATCH (o:ModelOutput {tenant_id:$tenant_id,run_id:$run_id})-[:OF_JUDGMENT]->(j:Judgment {tenant_id:$tenant_id,id:$judgment_id}) OPTIONAL MATCH (o)-[c:CITES]->(e:EvidenceSpan {tenant_id:$tenant_id}) RETURN o,collect(CASE WHEN e IS NULL THEN null ELSE {id:e.id,attachment_id:e.attachment_id,location_json:e.location_json,char_start:e.char_start,char_end:e.char_end,prob:c.prob,source:e.source,source_text:e.source_text} END) AS citations'
INFO:     127.0.0.1:59654 - "GET /api/requests?limit=50 HTTP/1.1" 200 OK
INFO:     127.0.0.1:59650 - "GET /api/requests/req_f7ce2a90cbaf4292ab72e7ddb7872d77/judgment?run_id=run_72cc36932acd46e88620b1a32e44902c HTTP/1.1" 200 OK
Redis subscriber disconnected for tenant t-audit-e2e-1005
Traceback (most recent call last):
  File "/Users/psw/Projects/decision-chat-bot/backend/.venv/lib/python3.14/site-packages/redis/asyncio/connection.py", line 305, in connect_check_health
    await self.retry.call_with_retry(
        lambda: self._connect(), lambda error: self.disconnect()
    )
  File "/Users/psw/Projects/decision-chat-bot/backend/.venv/lib/python3.14/site-packages/redis/asyncio/retry.py", line 50, in call_with_retry
    return await do()
           ^^^^^^^^^^
  File "/Users/psw/Projects/decision-chat-bot/backend/.venv/lib/python3.14/site-packages/redis/asyncio/connection.py", line 760, in _connect
    reader, writer = await asyncio.open_connection(
                     ^^^^^^^^^^^^^^^^^^^^^^^^^^^^^^
        **self._connection_arguments()
        ^^^^^^^^^^^^^^^^^^^^^^^^^^^^^^
    )
    ^
  File "/Library/Frameworks/Python.framework/Versions/3.14/lib/python3.14/asyncio/streams.py", line 48, in open_connection
    transport, _ = await loop.create_connection(
                   ^^^^^^^^^^^^^^^^^^^^^^^^^^^^^
        lambda: protocol, host, port, **kwds)
        ^^^^^^^^^^^^^^^^^^^^^^^^^^^^^^^^^^^^^
  File "uvloop/loop.pyx", line 2040, in create_connection
    raise exceptions[0]
  File "uvloop/loop.pyx", line 2017, in uvloop.loop.Loop.create_connection
    await waiter
ConnectionRefusedError: [Errno 61] Connection refused

During handling of the above exception, another exception occurred:

Traceback (most recent call last):
  File "/Users/psw/Projects/decision-chat-bot/backend/jevtriage/realtime/subscriber.py", line 31, in _listen
    await pubsub.subscribe(self.channel)
  File "/Users/psw/Projects/decision-chat-bot/backend/.venv/lib/python3.14/site-packages/redis/asyncio/client.py", line 1071, in subscribe
    ret_val = await self.execute_command("SUBSCRIBE", *new_channels.keys())
              ^^^^^^^^^^^^^^^^^^^^^^^^^^^^^^^^^^^^^^^^^^^^^^^^^^^^^^^^^^^^^
  File "/Users/psw/Projects/decision-chat-bot/backend/.venv/lib/python3.14/site-packages/redis/asyncio/client.py", line 924, in execute_command
    await self.connect()
  File "/Users/psw/Projects/decision-chat-bot/backend/.venv/lib/python3.14/site-packages/redis/asyncio/client.py", line 934, in connect
    self.connection = await self.connection_pool.get_connection()
                      ^^^^^^^^^^^^^^^^^^^^^^^^^^^^^^^^^^^^^^^^^^^
  File "/Users/psw/Projects/decision-chat-bot/backend/.venv/lib/python3.14/site-packages/redis/asyncio/connection.py", line 1149, in get_connection
    await self.ensure_connection(connection)
  File "/Users/psw/Projects/decision-chat-bot/backend/.venv/lib/python3.14/site-packages/redis/asyncio/connection.py", line 1182, in ensure_connection
    await connection.connect()
  File "/Users/psw/Projects/decision-chat-bot/backend/.venv/lib/python3.14/site-packages/redis/asyncio/connection.py", line 296, in connect
    await self.connect_check_health(check_health=True)
  File "/Users/psw/Projects/decision-chat-bot/backend/.venv/lib/python3.14/site-packages/redis/asyncio/connection.py", line 315, in connect_check_health
    raise ConnectionError(self._error_message(e))
redis.exceptions.ConnectionError: Error 61 connecting to 127.0.0.1:16391. Connection refused.
INFO:     127.0.0.1:59662 - "GET /api/requests?limit=50 HTTP/1.1" 200 OK
Redis subscriber disconnected for tenant t-audit-e2e-1005
Traceback (most recent call last):
  File "/Users/psw/Projects/decision-chat-bot/backend/.venv/lib/python3.14/site-packages/redis/asyncio/connection.py", line 305, in connect_check_health
    await self.retry.call_with_retry(
        lambda: self._connect(), lambda error: self.disconnect()
    )
  File "/Users/psw/Projects/decision-chat-bot/backend/.venv/lib/python3.14/site-packages/redis/asyncio/retry.py", line 50, in call_with_retry
    return await do()
           ^^^^^^^^^^
  File "/Users/psw/Projects/decision-chat-bot/backend/.venv/lib/python3.14/site-packages/redis/asyncio/connection.py", line 760, in _connect
    reader, writer = await asyncio.open_connection(
                     ^^^^^^^^^^^^^^^^^^^^^^^^^^^^^^
        **self._connection_arguments()
        ^^^^^^^^^^^^^^^^^^^^^^^^^^^^^^
    )
    ^
  File "/Library/Frameworks/Python.framework/Versions/3.14/lib/python3.14/asyncio/streams.py", line 48, in open_connection
    transport, _ = await loop.create_connection(
                   ^^^^^^^^^^^^^^^^^^^^^^^^^^^^^
        lambda: protocol, host, port, **kwds)
        ^^^^^^^^^^^^^^^^^^^^^^^^^^^^^^^^^^^^^
  File "uvloop/loop.pyx", line 2040, in create_connection
    raise exceptions[0]
  File "uvloop/loop.pyx", line 2017, in uvloop.loop.Loop.create_connection
    await waiter
ConnectionRefusedError: [Errno 61] Connection refused

During handling of the above exception, another exception occurred:

Traceback (most recent call last):
  File "/Users/psw/Projects/decision-chat-bot/backend/jevtriage/realtime/subscriber.py", line 31, in _listen
    await pubsub.subscribe(self.channel)
  File "/Users/psw/Projects/decision-chat-bot/backend/.venv/lib/python3.14/site-packages/redis/asyncio/client.py", line 1071, in subscribe
    ret_val = await self.execute_command("SUBSCRIBE", *new_channels.keys())
              ^^^^^^^^^^^^^^^^^^^^^^^^^^^^^^^^^^^^^^^^^^^^^^^^^^^^^^^^^^^^^
  File "/Users/psw/Projects/decision-chat-bot/backend/.venv/lib/python3.14/site-packages/redis/asyncio/client.py", line 924, in execute_command
    await self.connect()
  File "/Users/psw/Projects/decision-chat-bot/backend/.venv/lib/python3.14/site-packages/redis/asyncio/client.py", line 934, in connect
    self.connection = await self.connection_pool.get_connection()
                      ^^^^^^^^^^^^^^^^^^^^^^^^^^^^^^^^^^^^^^^^^^^
  File "/Users/psw/Projects/decision-chat-bot/backend/.venv/lib/python3.14/site-packages/redis/asyncio/connection.py", line 1149, in get_connection
    await self.ensure_connection(connection)
  File "/Users/psw/Projects/decision-chat-bot/backend/.venv/lib/python3.14/site-packages/redis/asyncio/connection.py", line 1182, in ensure_connection
    await connection.connect()
  File "/Users/psw/Projects/decision-chat-bot/backend/.venv/lib/python3.14/site-packages/redis/asyncio/connection.py", line 296, in connect
    await self.connect_check_health(check_health=True)
  File "/Users/psw/Projects/decision-chat-bot/backend/.venv/lib/python3.14/site-packages/redis/asyncio/connection.py", line 315, in connect_check_health
    raise ConnectionError(self._error_message(e))
redis.exceptions.ConnectionError: Error 61 connecting to 127.0.0.1:16391. Connection refused.
Redis subscriber disconnected for tenant t-audit-e2e-1005
Traceback (most recent call last):
  File "/Users/psw/Projects/decision-chat-bot/backend/.venv/lib/python3.14/site-packages/redis/asyncio/connection.py", line 305, in connect_check_health
    await self.retry.call_with_retry(
        lambda: self._connect(), lambda error: self.disconnect()
    )
  File "/Users/psw/Projects/decision-chat-bot/backend/.venv/lib/python3.14/site-packages/redis/asyncio/retry.py", line 50, in call_with_retry
    return await do()
           ^^^^^^^^^^
  File "/Users/psw/Projects/decision-chat-bot/backend/.venv/lib/python3.14/site-packages/redis/asyncio/connection.py", line 760, in _connect
    reader, writer = await asyncio.open_connection(
                     ^^^^^^^^^^^^^^^^^^^^^^^^^^^^^^
        **self._connection_arguments()
        ^^^^^^^^^^^^^^^^^^^^^^^^^^^^^^
    )
    ^
  File "/Library/Frameworks/Python.framework/Versions/3.14/lib/python3.14/asyncio/streams.py", line 48, in open_connection
    transport, _ = await loop.create_connection(
                   ^^^^^^^^^^^^^^^^^^^^^^^^^^^^^
        lambda: protocol, host, port, **kwds)
        ^^^^^^^^^^^^^^^^^^^^^^^^^^^^^^^^^^^^^
  File "uvloop/loop.pyx", line 2040, in create_connection
    raise exceptions[0]
  File "uvloop/loop.pyx", line 2017, in uvloop.loop.Loop.create_connection
    await waiter
ConnectionRefusedError: [Errno 61] Connection refused

During handling of the above exception, another exception occurred:

Traceback (most recent call last):
  File "/Users/psw/Projects/decision-chat-bot/backend/jevtriage/realtime/subscriber.py", line 31, in _listen
    await pubsub.subscribe(self.channel)
  File "/Users/psw/Projects/decision-chat-bot/backend/.venv/lib/python3.14/site-packages/redis/asyncio/client.py", line 1071, in subscribe
    ret_val = await self.execute_command("SUBSCRIBE", *new_channels.keys())
              ^^^^^^^^^^^^^^^^^^^^^^^^^^^^^^^^^^^^^^^^^^^^^^^^^^^^^^^^^^^^^
  File "/Users/psw/Projects/decision-chat-bot/backend/.venv/lib/python3.14/site-packages/redis/asyncio/client.py", line 924, in execute_command
    await self.connect()
  File "/Users/psw/Projects/decision-chat-bot/backend/.venv/lib/python3.14/site-packages/redis/asyncio/client.py", line 934, in connect
    self.connection = await self.connection_pool.get_connection()
                      ^^^^^^^^^^^^^^^^^^^^^^^^^^^^^^^^^^^^^^^^^^^
  File "/Users/psw/Projects/decision-chat-bot/backend/.venv/lib/python3.14/site-packages/redis/asyncio/connection.py", line 1149, in get_connection
    await self.ensure_connection(connection)
  File "/Users/psw/Projects/decision-chat-bot/backend/.venv/lib/python3.14/site-packages/redis/asyncio/connection.py", line 1182, in ensure_connection
    await connection.connect()
  File "/Users/psw/Projects/decision-chat-bot/backend/.venv/lib/python3.14/site-packages/redis/asyncio/connection.py", line 296, in connect
    await self.connect_check_health(check_health=True)
  File "/Users/psw/Projects/decision-chat-bot/backend/.venv/lib/python3.14/site-packages/redis/asyncio/connection.py", line 315, in connect_check_health
    raise ConnectionError(self._error_message(e))
redis.exceptions.ConnectionError: Error 61 connecting to 127.0.0.1:16391. Connection refused.
Redis subscriber disconnected for tenant t-audit-e2e-1005
Traceback (most recent call last):
  File "/Users/psw/Projects/decision-chat-bot/backend/.venv/lib/python3.14/site-packages/redis/asyncio/connection.py", line 305, in connect_check_health
    await self.retry.call_with_retry(
        lambda: self._connect(), lambda error: self.disconnect()
    )
  File "/Users/psw/Projects/decision-chat-bot/backend/.venv/lib/python3.14/site-packages/redis/asyncio/retry.py", line 50, in call_with_retry
    return await do()
           ^^^^^^^^^^
  File "/Users/psw/Projects/decision-chat-bot/backend/.venv/lib/python3.14/site-packages/redis/asyncio/connection.py", line 760, in _connect
    reader, writer = await asyncio.open_connection(
                     ^^^^^^^^^^^^^^^^^^^^^^^^^^^^^^
        **self._connection_arguments()
        ^^^^^^^^^^^^^^^^^^^^^^^^^^^^^^
    )
    ^
  File "/Library/Frameworks/Python.framework/Versions/3.14/lib/python3.14/asyncio/streams.py", line 48, in open_connection
    transport, _ = await loop.create_connection(
                   ^^^^^^^^^^^^^^^^^^^^^^^^^^^^^
        lambda: protocol, host, port, **kwds)
        ^^^^^^^^^^^^^^^^^^^^^^^^^^^^^^^^^^^^^
  File "uvloop/loop.pyx", line 2040, in create_connection
    raise exceptions[0]
  File "uvloop/loop.pyx", line 2017, in uvloop.loop.Loop.create_connection
    await waiter
ConnectionRefusedError: [Errno 61] Connection refused

During handling of the above exception, another exception occurred:

Traceback (most recent call last):
  File "/Users/psw/Projects/decision-chat-bot/backend/jevtriage/realtime/subscriber.py", line 31, in _listen
    await pubsub.subscribe(self.channel)
  File "/Users/psw/Projects/decision-chat-bot/backend/.venv/lib/python3.14/site-packages/redis/asyncio/client.py", line 1071, in subscribe
    ret_val = await self.execute_command("SUBSCRIBE", *new_channels.keys())
              ^^^^^^^^^^^^^^^^^^^^^^^^^^^^^^^^^^^^^^^^^^^^^^^^^^^^^^^^^^^^^
  File "/Users/psw/Projects/decision-chat-bot/backend/.venv/lib/python3.14/site-packages/redis/asyncio/client.py", line 924, in execute_command
    await self.connect()
  File "/Users/psw/Projects/decision-chat-bot/backend/.venv/lib/python3.14/site-packages/redis/asyncio/client.py", line 934, in connect
    self.connection = await self.connection_pool.get_connection()
                      ^^^^^^^^^^^^^^^^^^^^^^^^^^^^^^^^^^^^^^^^^^^
  File "/Users/psw/Projects/decision-chat-bot/backend/.venv/lib/python3.14/site-packages/redis/asyncio/connection.py", line 1149, in get_connection
    await self.ensure_connection(connection)
  File "/Users/psw/Projects/decision-chat-bot/backend/.venv/lib/python3.14/site-packages/redis/asyncio/connection.py", line 1182, in ensure_connection
    await connection.connect()
  File "/Users/psw/Projects/decision-chat-bot/backend/.venv/lib/python3.14/site-packages/redis/asyncio/connection.py", line 296, in connect
    await self.connect_check_health(check_health=True)
  File "/Users/psw/Projects/decision-chat-bot/backend/.venv/lib/python3.14/site-packages/redis/asyncio/connection.py", line 315, in connect_check_health
    raise ConnectionError(self._error_message(e))
redis.exceptions.ConnectionError: Error 61 connecting to 127.0.0.1:16391. Connection refused.
Redis subscriber disconnected for tenant t-audit-e2e-1005
Traceback (most recent call last):
  File "/Users/psw/Projects/decision-chat-bot/backend/.venv/lib/python3.14/site-packages/redis/asyncio/connection.py", line 305, in connect_check_health
    await self.retry.call_with_retry(
        lambda: self._connect(), lambda error: self.disconnect()
    )
  File "/Users/psw/Projects/decision-chat-bot/backend/.venv/lib/python3.14/site-packages/redis/asyncio/retry.py", line 50, in call_with_retry
    return await do()
           ^^^^^^^^^^
  File "/Users/psw/Projects/decision-chat-bot/backend/.venv/lib/python3.14/site-packages/redis/asyncio/connection.py", line 760, in _connect
    reader, writer = await asyncio.open_connection(
                     ^^^^^^^^^^^^^^^^^^^^^^^^^^^^^^
        **self._connection_arguments()
        ^^^^^^^^^^^^^^^^^^^^^^^^^^^^^^
    )
    ^
  File "/Library/Frameworks/Python.framework/Versions/3.14/lib/python3.14/asyncio/streams.py", line 48, in open_connection
    transport, _ = await loop.create_connection(
                   ^^^^^^^^^^^^^^^^^^^^^^^^^^^^^
        lambda: protocol, host, port, **kwds)
        ^^^^^^^^^^^^^^^^^^^^^^^^^^^^^^^^^^^^^
  File "uvloop/loop.pyx", line 2040, in create_connection
    raise exceptions[0]
  File "uvloop/loop.pyx", line 2017, in uvloop.loop.Loop.create_connection
    await waiter
ConnectionRefusedError: [Errno 61] Connection refused

During handling of the above exception, another exception occurred:

Traceback (most recent call last):
  File "/Users/psw/Projects/decision-chat-bot/backend/jevtriage/realtime/subscriber.py", line 31, in _listen
    await pubsub.subscribe(self.channel)
  File "/Users/psw/Projects/decision-chat-bot/backend/.venv/lib/python3.14/site-packages/redis/asyncio/client.py", line 1071, in subscribe
    ret_val = await self.execute_command("SUBSCRIBE", *new_channels.keys())
              ^^^^^^^^^^^^^^^^^^^^^^^^^^^^^^^^^^^^^^^^^^^^^^^^^^^^^^^^^^^^^
  File "/Users/psw/Projects/decision-chat-bot/backend/.venv/lib/python3.14/site-packages/redis/asyncio/client.py", line 924, in execute_command
    await self.connect()
  File "/Users/psw/Projects/decision-chat-bot/backend/.venv/lib/python3.14/site-packages/redis/asyncio/client.py", line 934, in connect
    self.connection = await self.connection_pool.get_connection()
                      ^^^^^^^^^^^^^^^^^^^^^^^^^^^^^^^^^^^^^^^^^^^
  File "/Users/psw/Projects/decision-chat-bot/backend/.venv/lib/python3.14/site-packages/redis/asyncio/connection.py", line 1149, in get_connection
    await self.ensure_connection(connection)
  File "/Users/psw/Projects/decision-chat-bot/backend/.venv/lib/python3.14/site-packages/redis/asyncio/connection.py", line 1182, in ensure_connection
    await connection.connect()
  File "/Users/psw/Projects/decision-chat-bot/backend/.venv/lib/python3.14/site-packages/redis/asyncio/connection.py", line 296, in connect
    await self.connect_check_health(check_health=True)
  File "/Users/psw/Projects/decision-chat-bot/backend/.venv/lib/python3.14/site-packages/redis/asyncio/connection.py", line 315, in connect_check_health
    raise ConnectionError(self._error_message(e))
redis.exceptions.ConnectionError: Error 61 connecting to 127.0.0.1:16391. Connection refused.
Redis subscriber disconnected for tenant t-audit-e2e-1005
Traceback (most recent call last):
  File "/Users/psw/Projects/decision-chat-bot/backend/.venv/lib/python3.14/site-packages/redis/asyncio/connection.py", line 305, in connect_check_health
    await self.retry.call_with_retry(
        lambda: self._connect(), lambda error: self.disconnect()
    )
  File "/Users/psw/Projects/decision-chat-bot/backend/.venv/lib/python3.14/site-packages/redis/asyncio/retry.py", line 50, in call_with_retry
    return await do()
           ^^^^^^^^^^
  File "/Users/psw/Projects/decision-chat-bot/backend/.venv/lib/python3.14/site-packages/redis/asyncio/connection.py", line 760, in _connect
    reader, writer = await asyncio.open_connection(
                     ^^^^^^^^^^^^^^^^^^^^^^^^^^^^^^
        **self._connection_arguments()
        ^^^^^^^^^^^^^^^^^^^^^^^^^^^^^^
    )
    ^
  File "/Library/Frameworks/Python.framework/Versions/3.14/lib/python3.14/asyncio/streams.py", line 48, in open_connection
    transport, _ = await loop.create_connection(
                   ^^^^^^^^^^^^^^^^^^^^^^^^^^^^^
        lambda: protocol, host, port, **kwds)
        ^^^^^^^^^^^^^^^^^^^^^^^^^^^^^^^^^^^^^
  File "uvloop/loop.pyx", line 2040, in create_connection
    raise exceptions[0]
  File "uvloop/loop.pyx", line 2017, in uvloop.loop.Loop.create_connection
    await waiter
ConnectionRefusedError: [Errno 61] Connection refused

During handling of the above exception, another exception occurred:

Traceback (most recent call last):
  File "/Users/psw/Projects/decision-chat-bot/backend/jevtriage/realtime/subscriber.py", line 31, in _listen
    await pubsub.subscribe(self.channel)
  File "/Users/psw/Projects/decision-chat-bot/backend/.venv/lib/python3.14/site-packages/redis/asyncio/client.py", line 1071, in subscribe
    ret_val = await self.execute_command("SUBSCRIBE", *new_channels.keys())
              ^^^^^^^^^^^^^^^^^^^^^^^^^^^^^^^^^^^^^^^^^^^^^^^^^^^^^^^^^^^^^
  File "/Users/psw/Projects/decision-chat-bot/backend/.venv/lib/python3.14/site-packages/redis/asyncio/client.py", line 924, in execute_command
    await self.connect()
  File "/Users/psw/Projects/decision-chat-bot/backend/.venv/lib/python3.14/site-packages/redis/asyncio/client.py", line 934, in connect
    self.connection = await self.connection_pool.get_connection()
                      ^^^^^^^^^^^^^^^^^^^^^^^^^^^^^^^^^^^^^^^^^^^
  File "/Users/psw/Projects/decision-chat-bot/backend/.venv/lib/python3.14/site-packages/redis/asyncio/connection.py", line 1149, in get_connection
    await self.ensure_connection(connection)
  File "/Users/psw/Projects/decision-chat-bot/backend/.venv/lib/python3.14/site-packages/redis/asyncio/connection.py", line 1182, in ensure_connection
    await connection.connect()
  File "/Users/psw/Projects/decision-chat-bot/backend/.venv/lib/python3.14/site-packages/redis/asyncio/connection.py", line 296, in connect
    await self.connect_check_health(check_health=True)
  File "/Users/psw/Projects/decision-chat-bot/backend/.venv/lib/python3.14/site-packages/redis/asyncio/connection.py", line 315, in connect_check_health
    raise ConnectionError(self._error_message(e))
redis.exceptions.ConnectionError: Error 61 connecting to 127.0.0.1:16391. Connection refused.
Redis subscriber disconnected for tenant t-audit-e2e-1005
Traceback (most recent call last):
  File "/Users/psw/Projects/decision-chat-bot/backend/.venv/lib/python3.14/site-packages/redis/asyncio/connection.py", line 305, in connect_check_health
    await self.retry.call_with_retry(
        lambda: self._connect(), lambda error: self.disconnect()
    )
  File "/Users/psw/Projects/decision-chat-bot/backend/.venv/lib/python3.14/site-packages/redis/asyncio/retry.py", line 50, in call_with_retry
    return await do()
           ^^^^^^^^^^
  File "/Users/psw/Projects/decision-chat-bot/backend/.venv/lib/python3.14/site-packages/redis/asyncio/connection.py", line 760, in _connect
    reader, writer = await asyncio.open_connection(
                     ^^^^^^^^^^^^^^^^^^^^^^^^^^^^^^
        **self._connection_arguments()
        ^^^^^^^^^^^^^^^^^^^^^^^^^^^^^^
    )
    ^
  File "/Library/Frameworks/Python.framework/Versions/3.14/lib/python3.14/asyncio/streams.py", line 48, in open_connection
    transport, _ = await loop.create_connection(
                   ^^^^^^^^^^^^^^^^^^^^^^^^^^^^^
        lambda: protocol, host, port, **kwds)
        ^^^^^^^^^^^^^^^^^^^^^^^^^^^^^^^^^^^^^
  File "uvloop/loop.pyx", line 2040, in create_connection
    raise exceptions[0]
  File "uvloop/loop.pyx", line 2017, in uvloop.loop.Loop.create_connection
    await waiter
ConnectionRefusedError: [Errno 61] Connection refused

During handling of the above exception, another exception occurred:

Traceback (most recent call last):
  File "/Users/psw/Projects/decision-chat-bot/backend/jevtriage/realtime/subscriber.py", line 31, in _listen
    await pubsub.subscribe(self.channel)
  File "/Users/psw/Projects/decision-chat-bot/backend/.venv/lib/python3.14/site-packages/redis/asyncio/client.py", line 1071, in subscribe
    ret_val = await self.execute_command("SUBSCRIBE", *new_channels.keys())
              ^^^^^^^^^^^^^^^^^^^^^^^^^^^^^^^^^^^^^^^^^^^^^^^^^^^^^^^^^^^^^
  File "/Users/psw/Projects/decision-chat-bot/backend/.venv/lib/python3.14/site-packages/redis/asyncio/client.py", line 924, in execute_command
    await self.connect()
  File "/Users/psw/Projects/decision-chat-bot/backend/.venv/lib/python3.14/site-packages/redis/asyncio/client.py", line 934, in connect
    self.connection = await self.connection_pool.get_connection()
                      ^^^^^^^^^^^^^^^^^^^^^^^^^^^^^^^^^^^^^^^^^^^
  File "/Users/psw/Projects/decision-chat-bot/backend/.venv/lib/python3.14/site-packages/redis/asyncio/connection.py", line 1149, in get_connection
    await self.ensure_connection(connection)
  File "/Users/psw/Projects/decision-chat-bot/backend/.venv/lib/python3.14/site-packages/redis/asyncio/connection.py", line 1182, in ensure_connection
    await connection.connect()
  File "/Users/psw/Projects/decision-chat-bot/backend/.venv/lib/python3.14/site-packages/redis/asyncio/connection.py", line 296, in connect
    await self.connect_check_health(check_health=True)
  File "/Users/psw/Projects/decision-chat-bot/backend/.venv/lib/python3.14/site-packages/redis/asyncio/connection.py", line 315, in connect_check_health
    raise ConnectionError(self._error_message(e))
redis.exceptions.ConnectionError: Error 61 connecting to 127.0.0.1:16391. Connection refused.
Redis subscriber disconnected for tenant t-audit-e2e-1005
Traceback (most recent call last):
  File "/Users/psw/Projects/decision-chat-bot/backend/.venv/lib/python3.14/site-packages/redis/asyncio/connection.py", line 305, in connect_check_health
    await self.retry.call_with_retry(
        lambda: self._connect(), lambda error: self.disconnect()
    )
  File "/Users/psw/Projects/decision-chat-bot/backend/.venv/lib/python3.14/site-packages/redis/asyncio/retry.py", line 50, in call_with_retry
    return await do()
           ^^^^^^^^^^
  File "/Users/psw/Projects/decision-chat-bot/backend/.venv/lib/python3.14/site-packages/redis/asyncio/connection.py", line 760, in _connect
    reader, writer = await asyncio.open_connection(
                     ^^^^^^^^^^^^^^^^^^^^^^^^^^^^^^
        **self._connection_arguments()
        ^^^^^^^^^^^^^^^^^^^^^^^^^^^^^^
    )
    ^
  File "/Library/Frameworks/Python.framework/Versions/3.14/lib/python3.14/asyncio/streams.py", line 48, in open_connection
    transport, _ = await loop.create_connection(
                   ^^^^^^^^^^^^^^^^^^^^^^^^^^^^^
        lambda: protocol, host, port, **kwds)
        ^^^^^^^^^^^^^^^^^^^^^^^^^^^^^^^^^^^^^
  File "uvloop/loop.pyx", line 2040, in create_connection
    raise exceptions[0]
  File "uvloop/loop.pyx", line 2017, in uvloop.loop.Loop.create_connection
    await waiter
ConnectionRefusedError: [Errno 61] Connection refused

During handling of the above exception, another exception occurred:

Traceback (most recent call last):
  File "/Users/psw/Projects/decision-chat-bot/backend/jevtriage/realtime/subscriber.py", line 31, in _listen
    await pubsub.subscribe(self.channel)
  File "/Users/psw/Projects/decision-chat-bot/backend/.venv/lib/python3.14/site-packages/redis/asyncio/client.py", line 1071, in subscribe
    ret_val = await self.execute_command("SUBSCRIBE", *new_channels.keys())
              ^^^^^^^^^^^^^^^^^^^^^^^^^^^^^^^^^^^^^^^^^^^^^^^^^^^^^^^^^^^^^
  File "/Users/psw/Projects/decision-chat-bot/backend/.venv/lib/python3.14/site-packages/redis/asyncio/client.py", line 924, in execute_command
    await self.connect()
  File "/Users/psw/Projects/decision-chat-bot/backend/.venv/lib/python3.14/site-packages/redis/asyncio/client.py", line 934, in connect
    self.connection = await self.connection_pool.get_connection()
                      ^^^^^^^^^^^^^^^^^^^^^^^^^^^^^^^^^^^^^^^^^^^
  File "/Users/psw/Projects/decision-chat-bot/backend/.venv/lib/python3.14/site-packages/redis/asyncio/connection.py", line 1149, in get_connection
    await self.ensure_connection(connection)
  File "/Users/psw/Projects/decision-chat-bot/backend/.venv/lib/python3.14/site-packages/redis/asyncio/connection.py", line 1182, in ensure_connection
    await connection.connect()
  File "/Users/psw/Projects/decision-chat-bot/backend/.venv/lib/python3.14/site-packages/redis/asyncio/connection.py", line 296, in connect
    await self.connect_check_health(check_health=True)
  File "/Users/psw/Projects/decision-chat-bot/backend/.venv/lib/python3.14/site-packages/redis/asyncio/connection.py", line 315, in connect_check_health
    raise ConnectionError(self._error_message(e))
redis.exceptions.ConnectionError: Error 61 connecting to 127.0.0.1:16391. Connection refused.
Redis subscriber disconnected for tenant t-audit-e2e-1005
Traceback (most recent call last):
  File "/Users/psw/Projects/decision-chat-bot/backend/.venv/lib/python3.14/site-packages/redis/asyncio/connection.py", line 305, in connect_check_health
    await self.retry.call_with_retry(
        lambda: self._connect(), lambda error: self.disconnect()
    )
  File "/Users/psw/Projects/decision-chat-bot/backend/.venv/lib/python3.14/site-packages/redis/asyncio/retry.py", line 50, in call_with_retry
    return await do()
           ^^^^^^^^^^
  File "/Users/psw/Projects/decision-chat-bot/backend/.venv/lib/python3.14/site-packages/redis/asyncio/connection.py", line 760, in _connect
    reader, writer = await asyncio.open_connection(
                     ^^^^^^^^^^^^^^^^^^^^^^^^^^^^^^
        **self._connection_arguments()
        ^^^^^^^^^^^^^^^^^^^^^^^^^^^^^^
    )
    ^
  File "/Library/Frameworks/Python.framework/Versions/3.14/lib/python3.14/asyncio/streams.py", line 48, in open_connection
    transport, _ = await loop.create_connection(
                   ^^^^^^^^^^^^^^^^^^^^^^^^^^^^^
        lambda: protocol, host, port, **kwds)
        ^^^^^^^^^^^^^^^^^^^^^^^^^^^^^^^^^^^^^
  File "uvloop/loop.pyx", line 2040, in create_connection
    raise exceptions[0]
  File "uvloop/loop.pyx", line 2017, in uvloop.loop.Loop.create_connection
    await waiter
ConnectionRefusedError: [Errno 61] Connection refused

During handling of the above exception, another exception occurred:

Traceback (most recent call last):
  File "/Users/psw/Projects/decision-chat-bot/backend/jevtriage/realtime/subscriber.py", line 31, in _listen
    await pubsub.subscribe(self.channel)
  File "/Users/psw/Projects/decision-chat-bot/backend/.venv/lib/python3.14/site-packages/redis/asyncio/client.py", line 1071, in subscribe
    ret_val = await self.execute_command("SUBSCRIBE", *new_channels.keys())
              ^^^^^^^^^^^^^^^^^^^^^^^^^^^^^^^^^^^^^^^^^^^^^^^^^^^^^^^^^^^^^
  File "/Users/psw/Projects/decision-chat-bot/backend/.venv/lib/python3.14/site-packages/redis/asyncio/client.py", line 924, in execute_command
    await self.connect()
  File "/Users/psw/Projects/decision-chat-bot/backend/.venv/lib/python3.14/site-packages/redis/asyncio/client.py", line 934, in connect
    self.connection = await self.connection_pool.get_connection()
                      ^^^^^^^^^^^^^^^^^^^^^^^^^^^^^^^^^^^^^^^^^^^
  File "/Users/psw/Projects/decision-chat-bot/backend/.venv/lib/python3.14/site-packages/redis/asyncio/connection.py", line 1149, in get_connection
    await self.ensure_connection(connection)
  File "/Users/psw/Projects/decision-chat-bot/backend/.venv/lib/python3.14/site-packages/redis/asyncio/connection.py", line 1182, in ensure_connection
    await connection.connect()
  File "/Users/psw/Projects/decision-chat-bot/backend/.venv/lib/python3.14/site-packages/redis/asyncio/connection.py", line 296, in connect
    await self.connect_check_health(check_health=True)
  File "/Users/psw/Projects/decision-chat-bot/backend/.venv/lib/python3.14/site-packages/redis/asyncio/connection.py", line 315, in connect_check_health
    raise ConnectionError(self._error_message(e))
redis.exceptions.ConnectionError: Error 61 connecting to 127.0.0.1:16391. Connection refused.
Redis connection slot refresh failed
Traceback (most recent call last):
  File "/Users/psw/Projects/decision-chat-bot/backend/.venv/lib/python3.14/site-packages/redis/asyncio/connection.py", line 305, in connect_check_health
    await self.retry.call_with_retry(
        lambda: self._connect(), lambda error: self.disconnect()
    )
  File "/Users/psw/Projects/decision-chat-bot/backend/.venv/lib/python3.14/site-packages/redis/asyncio/retry.py", line 50, in call_with_retry
    return await do()
           ^^^^^^^^^^
  File "/Users/psw/Projects/decision-chat-bot/backend/.venv/lib/python3.14/site-packages/redis/asyncio/connection.py", line 760, in _connect
    reader, writer = await asyncio.open_connection(
                     ^^^^^^^^^^^^^^^^^^^^^^^^^^^^^^
        **self._connection_arguments()
        ^^^^^^^^^^^^^^^^^^^^^^^^^^^^^^
    )
    ^
  File "/Library/Frameworks/Python.framework/Versions/3.14/lib/python3.14/asyncio/streams.py", line 48, in open_connection
    transport, _ = await loop.create_connection(
                   ^^^^^^^^^^^^^^^^^^^^^^^^^^^^^
        lambda: protocol, host, port, **kwds)
        ^^^^^^^^^^^^^^^^^^^^^^^^^^^^^^^^^^^^^
  File "uvloop/loop.pyx", line 2040, in create_connection
    raise exceptions[0]
  File "uvloop/loop.pyx", line 2017, in uvloop.loop.Loop.create_connection
    await waiter
ConnectionRefusedError: [Errno 61] Connection refused

During handling of the above exception, another exception occurred:

Traceback (most recent call last):
  File "/Users/psw/Projects/decision-chat-bot/backend/jevtriage/realtime/notifier.py", line 88, in refresh
    await client.zadd("sse:connections", {token: time.time() + self.ttl}, xx=True)
  File "/Users/psw/Projects/decision-chat-bot/backend/.venv/lib/python3.14/site-packages/redis/asyncio/client.py", line 672, in execute_command
    conn = self.connection or await pool.get_connection()
                              ^^^^^^^^^^^^^^^^^^^^^^^^^^^
  File "/Users/psw/Projects/decision-chat-bot/backend/.venv/lib/python3.14/site-packages/redis/asyncio/connection.py", line 1149, in get_connection
    await self.ensure_connection(connection)
  File "/Users/psw/Projects/decision-chat-bot/backend/.venv/lib/python3.14/site-packages/redis/asyncio/connection.py", line 1182, in ensure_connection
    await connection.connect()
  File "/Users/psw/Projects/decision-chat-bot/backend/.venv/lib/python3.14/site-packages/redis/asyncio/connection.py", line 296, in connect
    await self.connect_check_health(check_health=True)
  File "/Users/psw/Projects/decision-chat-bot/backend/.venv/lib/python3.14/site-packages/redis/asyncio/connection.py", line 315, in connect_check_health
    raise ConnectionError(self._error_message(e))
redis.exceptions.ConnectionError: Error 61 connecting to 127.0.0.1:16391. Connection refused.
Redis connection slot refresh failed
Traceback (most recent call last):
  File "/Users/psw/Projects/decision-chat-bot/backend/.venv/lib/python3.14/site-packages/redis/asyncio/connection.py", line 305, in connect_check_health
    await self.retry.call_with_retry(
        lambda: self._connect(), lambda error: self.disconnect()
    )
  File "/Users/psw/Projects/decision-chat-bot/backend/.venv/lib/python3.14/site-packages/redis/asyncio/retry.py", line 50, in call_with_retry
    return await do()
           ^^^^^^^^^^
  File "/Users/psw/Projects/decision-chat-bot/backend/.venv/lib/python3.14/site-packages/redis/asyncio/connection.py", line 760, in _connect
    reader, writer = await asyncio.open_connection(
                     ^^^^^^^^^^^^^^^^^^^^^^^^^^^^^^
        **self._connection_arguments()
        ^^^^^^^^^^^^^^^^^^^^^^^^^^^^^^
    )
    ^
  File "/Library/Frameworks/Python.framework/Versions/3.14/lib/python3.14/asyncio/streams.py", line 48, in open_connection
    transport, _ = await loop.create_connection(
                   ^^^^^^^^^^^^^^^^^^^^^^^^^^^^^
        lambda: protocol, host, port, **kwds)
        ^^^^^^^^^^^^^^^^^^^^^^^^^^^^^^^^^^^^^
  File "uvloop/loop.pyx", line 2040, in create_connection
    raise exceptions[0]
  File "uvloop/loop.pyx", line 2017, in uvloop.loop.Loop.create_connection
    await waiter
ConnectionRefusedError: [Errno 61] Connection refused

During handling of the above exception, another exception occurred:

Traceback (most recent call last):
  File "/Users/psw/Projects/decision-chat-bot/backend/jevtriage/realtime/notifier.py", line 88, in refresh
    await client.zadd("sse:connections", {token: time.time() + self.ttl}, xx=True)
  File "/Users/psw/Projects/decision-chat-bot/backend/.venv/lib/python3.14/site-packages/redis/asyncio/client.py", line 672, in execute_command
    conn = self.connection or await pool.get_connection()
                              ^^^^^^^^^^^^^^^^^^^^^^^^^^^
  File "/Users/psw/Projects/decision-chat-bot/backend/.venv/lib/python3.14/site-packages/redis/asyncio/connection.py", line 1149, in get_connection
    await self.ensure_connection(connection)
  File "/Users/psw/Projects/decision-chat-bot/backend/.venv/lib/python3.14/site-packages/redis/asyncio/connection.py", line 1182, in ensure_connection
    await connection.connect()
  File "/Users/psw/Projects/decision-chat-bot/backend/.venv/lib/python3.14/site-packages/redis/asyncio/connection.py", line 296, in connect
    await self.connect_check_health(check_health=True)
  File "/Users/psw/Projects/decision-chat-bot/backend/.venv/lib/python3.14/site-packages/redis/asyncio/connection.py", line 315, in connect_check_health
    raise ConnectionError(self._error_message(e))
redis.exceptions.ConnectionError: Error 61 connecting to 127.0.0.1:16391. Connection refused.
INFO:     127.0.0.1:59723 - "GET /api/requests/req_f7ce2a90cbaf4292ab72e7ddb7872d77 HTTP/1.1" 200 OK
INFO:     127.0.0.1:59724 - "GET /api/requests/req_f7ce2a90cbaf4292ab72e7ddb7872d77/judgment HTTP/1.1" 404 Not Found
INFO:     127.0.0.1:59725 - "GET /api/requests/req_f7ce2a90cbaf4292ab72e7ddb7872d77/runs HTTP/1.1" 200 OK
Received notification from DBMS server: <GqlStatusObject gql_status='01G11', status_description='warn: null value eliminated in set function', position=None, raw_classification='UNRECOGNIZED', classification=<NotificationClassification.UNRECOGNIZED: 'UNRECOGNIZED'>, raw_severity='WARNING', severity=<NotificationSeverity.WARNING: 'WARNING'>, diagnostic_record={'_classification': 'UNRECOGNIZED', '_severity': 'WARNING', 'OPERATION': '', 'OPERATION_CODE': '0', 'CURRENT_SCHEMA': '/'}> for query: 'MATCH (q:Request {tenant_id:$tenant,id:$request}) MATCH (r:Run {tenant_id:$tenant,request_id:$request}) WHERE r.id=coalesce($run,q.active_run_id) OPTIONAL MATCH (r)-[:HAS_STEP]->(s:RunStep {tenant_id:$tenant}) RETURN q.status AS request_status,q.first_received_at AS received, r AS run,collect(s) AS steps'
Received notification from DBMS server: <GqlStatusObject gql_status='01G11', status_description='warn: null value eliminated in set function', position=None, raw_classification='UNRECOGNIZED', classification=<NotificationClassification.UNRECOGNIZED: 'UNRECOGNIZED'>, raw_severity='WARNING', severity=<NotificationSeverity.WARNING: 'WARNING'>, diagnostic_record={'_classification': 'UNRECOGNIZED', '_severity': 'WARNING', 'OPERATION': '', 'OPERATION_CODE': '0', 'CURRENT_SCHEMA': '/'}> for query: 'MATCH (o:ModelOutput {tenant_id:$tenant_id,run_id:$run_id})-[:OF_JUDGMENT]->(j:Judgment {tenant_id:$tenant_id,id:$judgment_id}) OPTIONAL MATCH (o)-[c:CITES]->(e:EvidenceSpan {tenant_id:$tenant_id}) RETURN o,collect(CASE WHEN e IS NULL THEN null ELSE {id:e.id,attachment_id:e.attachment_id,location_json:e.location_json,char_start:e.char_start,char_end:e.char_end,prob:c.prob,source:e.source,source_text:e.source_text} END) AS citations'
INFO:     127.0.0.1:59732 - "GET /api/requests/req_f7ce2a90cbaf4292ab72e7ddb7872d77/progress HTTP/1.1" 200 OK
INFO:     127.0.0.1:59731 - "GET /api/requests/req_f7ce2a90cbaf4292ab72e7ddb7872d77/judgment?run_id=run_72cc36932acd46e88620b1a32e44902c HTTP/1.1" 200 OK
Redis subscriber disconnected for tenant t-audit-e2e-1005
Traceback (most recent call last):
  File "/Users/psw/Projects/decision-chat-bot/backend/.venv/lib/python3.14/site-packages/redis/asyncio/connection.py", line 305, in connect_check_health
    await self.retry.call_with_retry(
        lambda: self._connect(), lambda error: self.disconnect()
    )
  File "/Users/psw/Projects/decision-chat-bot/backend/.venv/lib/python3.14/site-packages/redis/asyncio/retry.py", line 50, in call_with_retry
    return await do()
           ^^^^^^^^^^
  File "/Users/psw/Projects/decision-chat-bot/backend/.venv/lib/python3.14/site-packages/redis/asyncio/connection.py", line 760, in _connect
    reader, writer = await asyncio.open_connection(
                     ^^^^^^^^^^^^^^^^^^^^^^^^^^^^^^
        **self._connection_arguments()
        ^^^^^^^^^^^^^^^^^^^^^^^^^^^^^^
    )
    ^
  File "/Library/Frameworks/Python.framework/Versions/3.14/lib/python3.14/asyncio/streams.py", line 48, in open_connection
    transport, _ = await loop.create_connection(
                   ^^^^^^^^^^^^^^^^^^^^^^^^^^^^^
        lambda: protocol, host, port, **kwds)
        ^^^^^^^^^^^^^^^^^^^^^^^^^^^^^^^^^^^^^
  File "uvloop/loop.pyx", line 2040, in create_connection
    raise exceptions[0]
  File "uvloop/loop.pyx", line 2017, in uvloop.loop.Loop.create_connection
    await waiter
ConnectionRefusedError: [Errno 61] Connection refused

During handling of the above exception, another exception occurred:

Traceback (most recent call last):
  File "/Users/psw/Projects/decision-chat-bot/backend/jevtriage/realtime/subscriber.py", line 31, in _listen
    await pubsub.subscribe(self.channel)
  File "/Users/psw/Projects/decision-chat-bot/backend/.venv/lib/python3.14/site-packages/redis/asyncio/client.py", line 1071, in subscribe
    ret_val = await self.execute_command("SUBSCRIBE", *new_channels.keys())
              ^^^^^^^^^^^^^^^^^^^^^^^^^^^^^^^^^^^^^^^^^^^^^^^^^^^^^^^^^^^^^
  File "/Users/psw/Projects/decision-chat-bot/backend/.venv/lib/python3.14/site-packages/redis/asyncio/client.py", line 924, in execute_command
    await self.connect()
  File "/Users/psw/Projects/decision-chat-bot/backend/.venv/lib/python3.14/site-packages/redis/asyncio/client.py", line 934, in connect
    self.connection = await self.connection_pool.get_connection()
                      ^^^^^^^^^^^^^^^^^^^^^^^^^^^^^^^^^^^^^^^^^^^
  File "/Users/psw/Projects/decision-chat-bot/backend/.venv/lib/python3.14/site-packages/redis/asyncio/connection.py", line 1149, in get_connection
    await self.ensure_connection(connection)
  File "/Users/psw/Projects/decision-chat-bot/backend/.venv/lib/python3.14/site-packages/redis/asyncio/connection.py", line 1182, in ensure_connection
    await connection.connect()
  File "/Users/psw/Projects/decision-chat-bot/backend/.venv/lib/python3.14/site-packages/redis/asyncio/connection.py", line 296, in connect
    await self.connect_check_health(check_health=True)
  File "/Users/psw/Projects/decision-chat-bot/backend/.venv/lib/python3.14/site-packages/redis/asyncio/connection.py", line 315, in connect_check_health
    raise ConnectionError(self._error_message(e))
redis.exceptions.ConnectionError: Error 61 connecting to 127.0.0.1:16391. Connection refused.
Redis subscriber disconnected for tenant t-audit-e2e-1005
Traceback (most recent call last):
  File "/Users/psw/Projects/decision-chat-bot/backend/.venv/lib/python3.14/site-packages/redis/asyncio/connection.py", line 305, in connect_check_health
    await self.retry.call_with_retry(
        lambda: self._connect(), lambda error: self.disconnect()
    )
  File "/Users/psw/Projects/decision-chat-bot/backend/.venv/lib/python3.14/site-packages/redis/asyncio/retry.py", line 50, in call_with_retry
    return await do()
           ^^^^^^^^^^
  File "/Users/psw/Projects/decision-chat-bot/backend/.venv/lib/python3.14/site-packages/redis/asyncio/connection.py", line 760, in _connect
    reader, writer = await asyncio.open_connection(
                     ^^^^^^^^^^^^^^^^^^^^^^^^^^^^^^
        **self._connection_arguments()
        ^^^^^^^^^^^^^^^^^^^^^^^^^^^^^^
    )
    ^
  File "/Library/Frameworks/Python.framework/Versions/3.14/lib/python3.14/asyncio/streams.py", line 48, in open_connection
    transport, _ = await loop.create_connection(
                   ^^^^^^^^^^^^^^^^^^^^^^^^^^^^^
        lambda: protocol, host, port, **kwds)
        ^^^^^^^^^^^^^^^^^^^^^^^^^^^^^^^^^^^^^
  File "uvloop/loop.pyx", line 2040, in create_connection
    raise exceptions[0]
  File "uvloop/loop.pyx", line 2017, in uvloop.loop.Loop.create_connection
    await waiter
ConnectionRefusedError: [Errno 61] Connection refused

During handling of the above exception, another exception occurred:

Traceback (most recent call last):
  File "/Users/psw/Projects/decision-chat-bot/backend/jevtriage/realtime/subscriber.py", line 31, in _listen
    await pubsub.subscribe(self.channel)
  File "/Users/psw/Projects/decision-chat-bot/backend/.venv/lib/python3.14/site-packages/redis/asyncio/client.py", line 1071, in subscribe
    ret_val = await self.execute_command("SUBSCRIBE", *new_channels.keys())
              ^^^^^^^^^^^^^^^^^^^^^^^^^^^^^^^^^^^^^^^^^^^^^^^^^^^^^^^^^^^^^
  File "/Users/psw/Projects/decision-chat-bot/backend/.venv/lib/python3.14/site-packages/redis/asyncio/client.py", line 924, in execute_command
    await self.connect()
  File "/Users/psw/Projects/decision-chat-bot/backend/.venv/lib/python3.14/site-packages/redis/asyncio/client.py", line 934, in connect
    self.connection = await self.connection_pool.get_connection()
                      ^^^^^^^^^^^^^^^^^^^^^^^^^^^^^^^^^^^^^^^^^^^
  File "/Users/psw/Projects/decision-chat-bot/backend/.venv/lib/python3.14/site-packages/redis/asyncio/connection.py", line 1149, in get_connection
    await self.ensure_connection(connection)
  File "/Users/psw/Projects/decision-chat-bot/backend/.venv/lib/python3.14/site-packages/redis/asyncio/connection.py", line 1182, in ensure_connection
    await connection.connect()
  File "/Users/psw/Projects/decision-chat-bot/backend/.venv/lib/python3.14/site-packages/redis/asyncio/connection.py", line 296, in connect
    await self.connect_check_health(check_health=True)
  File "/Users/psw/Projects/decision-chat-bot/backend/.venv/lib/python3.14/site-packages/redis/asyncio/connection.py", line 315, in connect_check_health
    raise ConnectionError(self._error_message(e))
redis.exceptions.ConnectionError: Error 61 connecting to 127.0.0.1:16391. Connection refused.
Redis subscriber disconnected for tenant t-audit-e2e-1005
Traceback (most recent call last):
  File "/Users/psw/Projects/decision-chat-bot/backend/.venv/lib/python3.14/site-packages/redis/asyncio/connection.py", line 305, in connect_check_health
    await self.retry.call_with_retry(
        lambda: self._connect(), lambda error: self.disconnect()
    )
  File "/Users/psw/Projects/decision-chat-bot/backend/.venv/lib/python3.14/site-packages/redis/asyncio/retry.py", line 50, in call_with_retry
    return await do()
           ^^^^^^^^^^
  File "/Users/psw/Projects/decision-chat-bot/backend/.venv/lib/python3.14/site-packages/redis/asyncio/connection.py", line 760, in _connect
    reader, writer = await asyncio.open_connection(
                     ^^^^^^^^^^^^^^^^^^^^^^^^^^^^^^
        **self._connection_arguments()
        ^^^^^^^^^^^^^^^^^^^^^^^^^^^^^^
    )
    ^
  File "/Library/Frameworks/Python.framework/Versions/3.14/lib/python3.14/asyncio/streams.py", line 48, in open_connection
    transport, _ = await loop.create_connection(
                   ^^^^^^^^^^^^^^^^^^^^^^^^^^^^^
        lambda: protocol, host, port, **kwds)
        ^^^^^^^^^^^^^^^^^^^^^^^^^^^^^^^^^^^^^
  File "uvloop/loop.pyx", line 2040, in create_connection
    raise exceptions[0]
  File "uvloop/loop.pyx", line 2017, in uvloop.loop.Loop.create_connection
    await waiter
ConnectionRefusedError: [Errno 61] Connection refused

During handling of the above exception, another exception occurred:

Traceback (most recent call last):
  File "/Users/psw/Projects/decision-chat-bot/backend/jevtriage/realtime/subscriber.py", line 31, in _listen
    await pubsub.subscribe(self.channel)
  File "/Users/psw/Projects/decision-chat-bot/backend/.venv/lib/python3.14/site-packages/redis/asyncio/client.py", line 1071, in subscribe
    ret_val = await self.execute_command("SUBSCRIBE", *new_channels.keys())
              ^^^^^^^^^^^^^^^^^^^^^^^^^^^^^^^^^^^^^^^^^^^^^^^^^^^^^^^^^^^^^
  File "/Users/psw/Projects/decision-chat-bot/backend/.venv/lib/python3.14/site-packages/redis/asyncio/client.py", line 924, in execute_command
    await self.connect()
  File "/Users/psw/Projects/decision-chat-bot/backend/.venv/lib/python3.14/site-packages/redis/asyncio/client.py", line 934, in connect
    self.connection = await self.connection_pool.get_connection()
                      ^^^^^^^^^^^^^^^^^^^^^^^^^^^^^^^^^^^^^^^^^^^
  File "/Users/psw/Projects/decision-chat-bot/backend/.venv/lib/python3.14/site-packages/redis/asyncio/connection.py", line 1149, in get_connection
    await self.ensure_connection(connection)
  File "/Users/psw/Projects/decision-chat-bot/backend/.venv/lib/python3.14/site-packages/redis/asyncio/connection.py", line 1182, in ensure_connection
    await connection.connect()
  File "/Users/psw/Projects/decision-chat-bot/backend/.venv/lib/python3.14/site-packages/redis/asyncio/connection.py", line 296, in connect
    await self.connect_check_health(check_health=True)
  File "/Users/psw/Projects/decision-chat-bot/backend/.venv/lib/python3.14/site-packages/redis/asyncio/connection.py", line 315, in connect_check_health
    raise ConnectionError(self._error_message(e))
redis.exceptions.ConnectionError: Error 61 connecting to 127.0.0.1:16391. Connection refused.
Redis subscriber disconnected for tenant t-audit-e2e-1005
Traceback (most recent call last):
  File "/Users/psw/Projects/decision-chat-bot/backend/.venv/lib/python3.14/site-packages/redis/asyncio/connection.py", line 305, in connect_check_health
    await self.retry.call_with_retry(
        lambda: self._connect(), lambda error: self.disconnect()
    )
  File "/Users/psw/Projects/decision-chat-bot/backend/.venv/lib/python3.14/site-packages/redis/asyncio/retry.py", line 50, in call_with_retry
    return await do()
           ^^^^^^^^^^
  File "/Users/psw/Projects/decision-chat-bot/backend/.venv/lib/python3.14/site-packages/redis/asyncio/connection.py", line 760, in _connect
    reader, writer = await asyncio.open_connection(
                     ^^^^^^^^^^^^^^^^^^^^^^^^^^^^^^
        **self._connection_arguments()
        ^^^^^^^^^^^^^^^^^^^^^^^^^^^^^^
    )
    ^
  File "/Library/Frameworks/Python.framework/Versions/3.14/lib/python3.14/asyncio/streams.py", line 48, in open_connection
    transport, _ = await loop.create_connection(
                   ^^^^^^^^^^^^^^^^^^^^^^^^^^^^^
        lambda: protocol, host, port, **kwds)
        ^^^^^^^^^^^^^^^^^^^^^^^^^^^^^^^^^^^^^
  File "uvloop/loop.pyx", line 2040, in create_connection
    raise exceptions[0]
  File "uvloop/loop.pyx", line 2017, in uvloop.loop.Loop.create_connection
    await waiter
ConnectionRefusedError: [Errno 61] Connection refused

During handling of the above exception, another exception occurred:

Traceback (most recent call last):
  File "/Users/psw/Projects/decision-chat-bot/backend/jevtriage/realtime/subscriber.py", line 31, in _listen
    await pubsub.subscribe(self.channel)
  File "/Users/psw/Projects/decision-chat-bot/backend/.venv/lib/python3.14/site-packages/redis/asyncio/client.py", line 1071, in subscribe
    ret_val = await self.execute_command("SUBSCRIBE", *new_channels.keys())
              ^^^^^^^^^^^^^^^^^^^^^^^^^^^^^^^^^^^^^^^^^^^^^^^^^^^^^^^^^^^^^
  File "/Users/psw/Projects/decision-chat-bot/backend/.venv/lib/python3.14/site-packages/redis/asyncio/client.py", line 924, in execute_command
    await self.connect()
  File "/Users/psw/Projects/decision-chat-bot/backend/.venv/lib/python3.14/site-packages/redis/asyncio/client.py", line 934, in connect
    self.connection = await self.connection_pool.get_connection()
                      ^^^^^^^^^^^^^^^^^^^^^^^^^^^^^^^^^^^^^^^^^^^
  File "/Users/psw/Projects/decision-chat-bot/backend/.venv/lib/python3.14/site-packages/redis/asyncio/connection.py", line 1149, in get_connection
    await self.ensure_connection(connection)
  File "/Users/psw/Projects/decision-chat-bot/backend/.venv/lib/python3.14/site-packages/redis/asyncio/connection.py", line 1182, in ensure_connection
    await connection.connect()
  File "/Users/psw/Projects/decision-chat-bot/backend/.venv/lib/python3.14/site-packages/redis/asyncio/connection.py", line 296, in connect
    await self.connect_check_health(check_health=True)
  File "/Users/psw/Projects/decision-chat-bot/backend/.venv/lib/python3.14/site-packages/redis/asyncio/connection.py", line 315, in connect_check_health
    raise ConnectionError(self._error_message(e))
redis.exceptions.ConnectionError: Error 61 connecting to 127.0.0.1:16391. Connection refused.
Redis subscriber disconnected for tenant t-audit-e2e-1005
Traceback (most recent call last):
  File "/Users/psw/Projects/decision-chat-bot/backend/.venv/lib/python3.14/site-packages/redis/asyncio/connection.py", line 305, in connect_check_health
    await self.retry.call_with_retry(
        lambda: self._connect(), lambda error: self.disconnect()
    )
  File "/Users/psw/Projects/decision-chat-bot/backend/.venv/lib/python3.14/site-packages/redis/asyncio/retry.py", line 50, in call_with_retry
    return await do()
           ^^^^^^^^^^
  File "/Users/psw/Projects/decision-chat-bot/backend/.venv/lib/python3.14/site-packages/redis/asyncio/connection.py", line 760, in _connect
    reader, writer = await asyncio.open_connection(
                     ^^^^^^^^^^^^^^^^^^^^^^^^^^^^^^
        **self._connection_arguments()
        ^^^^^^^^^^^^^^^^^^^^^^^^^^^^^^
    )
    ^
  File "/Library/Frameworks/Python.framework/Versions/3.14/lib/python3.14/asyncio/streams.py", line 48, in open_connection
    transport, _ = await loop.create_connection(
                   ^^^^^^^^^^^^^^^^^^^^^^^^^^^^^
        lambda: protocol, host, port, **kwds)
        ^^^^^^^^^^^^^^^^^^^^^^^^^^^^^^^^^^^^^
  File "uvloop/loop.pyx", line 2040, in create_connection
    raise exceptions[0]
  File "uvloop/loop.pyx", line 2017, in uvloop.loop.Loop.create_connection
    await waiter
ConnectionRefusedError: [Errno 61] Connection refused

During handling of the above exception, another exception occurred:

Traceback (most recent call last):
  File "/Users/psw/Projects/decision-chat-bot/backend/jevtriage/realtime/subscriber.py", line 31, in _listen
    await pubsub.subscribe(self.channel)
  File "/Users/psw/Projects/decision-chat-bot/backend/.venv/lib/python3.14/site-packages/redis/asyncio/client.py", line 1071, in subscribe
    ret_val = await self.execute_command("SUBSCRIBE", *new_channels.keys())
              ^^^^^^^^^^^^^^^^^^^^^^^^^^^^^^^^^^^^^^^^^^^^^^^^^^^^^^^^^^^^^
  File "/Users/psw/Projects/decision-chat-bot/backend/.venv/lib/python3.14/site-packages/redis/asyncio/client.py", line 924, in execute_command
    await self.connect()
  File "/Users/psw/Projects/decision-chat-bot/backend/.venv/lib/python3.14/site-packages/redis/asyncio/client.py", line 934, in connect
    self.connection = await self.connection_pool.get_connection()
                      ^^^^^^^^^^^^^^^^^^^^^^^^^^^^^^^^^^^^^^^^^^^
  File "/Users/psw/Projects/decision-chat-bot/backend/.venv/lib/python3.14/site-packages/redis/asyncio/connection.py", line 1149, in get_connection
    await self.ensure_connection(connection)
  File "/Users/psw/Projects/decision-chat-bot/backend/.venv/lib/python3.14/site-packages/redis/asyncio/connection.py", line 1182, in ensure_connection
    await connection.connect()
  File "/Users/psw/Projects/decision-chat-bot/backend/.venv/lib/python3.14/site-packages/redis/asyncio/connection.py", line 296, in connect
    await self.connect_check_health(check_health=True)
  File "/Users/psw/Projects/decision-chat-bot/backend/.venv/lib/python3.14/site-packages/redis/asyncio/connection.py", line 315, in connect_check_health
    raise ConnectionError(self._error_message(e))
redis.exceptions.ConnectionError: Error 61 connecting to 127.0.0.1:16391. Connection refused.
Redis subscriber disconnected for tenant t-audit-e2e-1005
Traceback (most recent call last):
  File "/Users/psw/Projects/decision-chat-bot/backend/.venv/lib/python3.14/site-packages/redis/asyncio/connection.py", line 305, in connect_check_health
    await self.retry.call_with_retry(
        lambda: self._connect(), lambda error: self.disconnect()
    )
  File "/Users/psw/Projects/decision-chat-bot/backend/.venv/lib/python3.14/site-packages/redis/asyncio/retry.py", line 50, in call_with_retry
    return await do()
           ^^^^^^^^^^
  File "/Users/psw/Projects/decision-chat-bot/backend/.venv/lib/python3.14/site-packages/redis/asyncio/connection.py", line 760, in _connect
    reader, writer = await asyncio.open_connection(
                     ^^^^^^^^^^^^^^^^^^^^^^^^^^^^^^
        **self._connection_arguments()
        ^^^^^^^^^^^^^^^^^^^^^^^^^^^^^^
    )
    ^
  File "/Library/Frameworks/Python.framework/Versions/3.14/lib/python3.14/asyncio/streams.py", line 48, in open_connection
    transport, _ = await loop.create_connection(
                   ^^^^^^^^^^^^^^^^^^^^^^^^^^^^^
        lambda: protocol, host, port, **kwds)
        ^^^^^^^^^^^^^^^^^^^^^^^^^^^^^^^^^^^^^
  File "uvloop/loop.pyx", line 2040, in create_connection
    raise exceptions[0]
  File "uvloop/loop.pyx", line 2017, in uvloop.loop.Loop.create_connection
    await waiter
ConnectionRefusedError: [Errno 61] Connection refused

During handling of the above exception, another exception occurred:

Traceback (most recent call last):
  File "/Users/psw/Projects/decision-chat-bot/backend/jevtriage/realtime/subscriber.py", line 31, in _listen
    await pubsub.subscribe(self.channel)
  File "/Users/psw/Projects/decision-chat-bot/backend/.venv/lib/python3.14/site-packages/redis/asyncio/client.py", line 1071, in subscribe
    ret_val = await self.execute_command("SUBSCRIBE", *new_channels.keys())
              ^^^^^^^^^^^^^^^^^^^^^^^^^^^^^^^^^^^^^^^^^^^^^^^^^^^^^^^^^^^^^
  File "/Users/psw/Projects/decision-chat-bot/backend/.venv/lib/python3.14/site-packages/redis/asyncio/client.py", line 924, in execute_command
    await self.connect()
  File "/Users/psw/Projects/decision-chat-bot/backend/.venv/lib/python3.14/site-packages/redis/asyncio/client.py", line 934, in connect
    self.connection = await self.connection_pool.get_connection()
                      ^^^^^^^^^^^^^^^^^^^^^^^^^^^^^^^^^^^^^^^^^^^
  File "/Users/psw/Projects/decision-chat-bot/backend/.venv/lib/python3.14/site-packages/redis/asyncio/connection.py", line 1149, in get_connection
    await self.ensure_connection(connection)
  File "/Users/psw/Projects/decision-chat-bot/backend/.venv/lib/python3.14/site-packages/redis/asyncio/connection.py", line 1182, in ensure_connection
    await connection.connect()
  File "/Users/psw/Projects/decision-chat-bot/backend/.venv/lib/python3.14/site-packages/redis/asyncio/connection.py", line 296, in connect
    await self.connect_check_health(check_health=True)
  File "/Users/psw/Projects/decision-chat-bot/backend/.venv/lib/python3.14/site-packages/redis/asyncio/connection.py", line 315, in connect_check_health
    raise ConnectionError(self._error_message(e))
redis.exceptions.ConnectionError: Error 61 connecting to 127.0.0.1:16391. Connection refused.
Redis subscriber disconnected for tenant t-audit-e2e-1005
Traceback (most recent call last):
  File "/Users/psw/Projects/decision-chat-bot/backend/.venv/lib/python3.14/site-packages/redis/asyncio/connection.py", line 305, in connect_check_health
    await self.retry.call_with_retry(
        lambda: self._connect(), lambda error: self.disconnect()
    )
  File "/Users/psw/Projects/decision-chat-bot/backend/.venv/lib/python3.14/site-packages/redis/asyncio/retry.py", line 50, in call_with_retry
    return await do()
           ^^^^^^^^^^
  File "/Users/psw/Projects/decision-chat-bot/backend/.venv/lib/python3.14/site-packages/redis/asyncio/connection.py", line 760, in _connect
    reader, writer = await asyncio.open_connection(
                     ^^^^^^^^^^^^^^^^^^^^^^^^^^^^^^
        **self._connection_arguments()
        ^^^^^^^^^^^^^^^^^^^^^^^^^^^^^^
    )
    ^
  File "/Library/Frameworks/Python.framework/Versions/3.14/lib/python3.14/asyncio/streams.py", line 48, in open_connection
    transport, _ = await loop.create_connection(
                   ^^^^^^^^^^^^^^^^^^^^^^^^^^^^^
        lambda: protocol, host, port, **kwds)
        ^^^^^^^^^^^^^^^^^^^^^^^^^^^^^^^^^^^^^
  File "uvloop/loop.pyx", line 2040, in create_connection
    raise exceptions[0]
  File "uvloop/loop.pyx", line 2017, in uvloop.loop.Loop.create_connection
    await waiter
ConnectionRefusedError: [Errno 61] Connection refused

During handling of the above exception, another exception occurred:

Traceback (most recent call last):
  File "/Users/psw/Projects/decision-chat-bot/backend/jevtriage/realtime/subscriber.py", line 31, in _listen
    await pubsub.subscribe(self.channel)
  File "/Users/psw/Projects/decision-chat-bot/backend/.venv/lib/python3.14/site-packages/redis/asyncio/client.py", line 1071, in subscribe
    ret_val = await self.execute_command("SUBSCRIBE", *new_channels.keys())
              ^^^^^^^^^^^^^^^^^^^^^^^^^^^^^^^^^^^^^^^^^^^^^^^^^^^^^^^^^^^^^
  File "/Users/psw/Projects/decision-chat-bot/backend/.venv/lib/python3.14/site-packages/redis/asyncio/client.py", line 924, in execute_command
    await self.connect()
  File "/Users/psw/Projects/decision-chat-bot/backend/.venv/lib/python3.14/site-packages/redis/asyncio/client.py", line 934, in connect
    self.connection = await self.connection_pool.get_connection()
                      ^^^^^^^^^^^^^^^^^^^^^^^^^^^^^^^^^^^^^^^^^^^
  File "/Users/psw/Projects/decision-chat-bot/backend/.venv/lib/python3.14/site-packages/redis/asyncio/connection.py", line 1149, in get_connection
    await self.ensure_connection(connection)
  File "/Users/psw/Projects/decision-chat-bot/backend/.venv/lib/python3.14/site-packages/redis/asyncio/connection.py", line 1182, in ensure_connection
    await connection.connect()
  File "/Users/psw/Projects/decision-chat-bot/backend/.venv/lib/python3.14/site-packages/redis/asyncio/connection.py", line 296, in connect
    await self.connect_check_health(check_health=True)
  File "/Users/psw/Projects/decision-chat-bot/backend/.venv/lib/python3.14/site-packages/redis/asyncio/connection.py", line 315, in connect_check_health
    raise ConnectionError(self._error_message(e))
redis.exceptions.ConnectionError: Error 61 connecting to 127.0.0.1:16391. Connection refused.
Redis subscriber disconnected for tenant t-audit-e2e-1005
Traceback (most recent call last):
  File "/Users/psw/Projects/decision-chat-bot/backend/.venv/lib/python3.14/site-packages/redis/asyncio/connection.py", line 305, in connect_check_health
    await self.retry.call_with_retry(
        lambda: self._connect(), lambda error: self.disconnect()
    )
  File "/Users/psw/Projects/decision-chat-bot/backend/.venv/lib/python3.14/site-packages/redis/asyncio/retry.py", line 50, in call_with_retry
    return await do()
           ^^^^^^^^^^
  File "/Users/psw/Projects/decision-chat-bot/backend/.venv/lib/python3.14/site-packages/redis/asyncio/connection.py", line 760, in _connect
    reader, writer = await asyncio.open_connection(
                     ^^^^^^^^^^^^^^^^^^^^^^^^^^^^^^
        **self._connection_arguments()
        ^^^^^^^^^^^^^^^^^^^^^^^^^^^^^^
    )
    ^
  File "/Library/Frameworks/Python.framework/Versions/3.14/lib/python3.14/asyncio/streams.py", line 48, in open_connection
    transport, _ = await loop.create_connection(
                   ^^^^^^^^^^^^^^^^^^^^^^^^^^^^^
        lambda: protocol, host, port, **kwds)
        ^^^^^^^^^^^^^^^^^^^^^^^^^^^^^^^^^^^^^
  File "uvloop/loop.pyx", line 2040, in create_connection
    raise exceptions[0]
  File "uvloop/loop.pyx", line 2017, in uvloop.loop.Loop.create_connection
    await waiter
ConnectionRefusedError: [Errno 61] Connection refused

During handling of the above exception, another exception occurred:

Traceback (most recent call last):
  File "/Users/psw/Projects/decision-chat-bot/backend/jevtriage/realtime/subscriber.py", line 31, in _listen
    await pubsub.subscribe(self.channel)
  File "/Users/psw/Projects/decision-chat-bot/backend/.venv/lib/python3.14/site-packages/redis/asyncio/client.py", line 1071, in subscribe
    ret_val = await self.execute_command("SUBSCRIBE", *new_channels.keys())
              ^^^^^^^^^^^^^^^^^^^^^^^^^^^^^^^^^^^^^^^^^^^^^^^^^^^^^^^^^^^^^
  File "/Users/psw/Projects/decision-chat-bot/backend/.venv/lib/python3.14/site-packages/redis/asyncio/client.py", line 924, in execute_command
    await self.connect()
  File "/Users/psw/Projects/decision-chat-bot/backend/.venv/lib/python3.14/site-packages/redis/asyncio/client.py", line 934, in connect
    self.connection = await self.connection_pool.get_connection()
                      ^^^^^^^^^^^^^^^^^^^^^^^^^^^^^^^^^^^^^^^^^^^
  File "/Users/psw/Projects/decision-chat-bot/backend/.venv/lib/python3.14/site-packages/redis/asyncio/connection.py", line 1149, in get_connection
    await self.ensure_connection(connection)
  File "/Users/psw/Projects/decision-chat-bot/backend/.venv/lib/python3.14/site-packages/redis/asyncio/connection.py", line 1182, in ensure_connection
    await connection.connect()
  File "/Users/psw/Projects/decision-chat-bot/backend/.venv/lib/python3.14/site-packages/redis/asyncio/connection.py", line 296, in connect
    await self.connect_check_health(check_health=True)
  File "/Users/psw/Projects/decision-chat-bot/backend/.venv/lib/python3.14/site-packages/redis/asyncio/connection.py", line 315, in connect_check_health
    raise ConnectionError(self._error_message(e))
redis.exceptions.ConnectionError: Error 61 connecting to 127.0.0.1:16391. Connection refused.
Redis subscriber disconnected for tenant t-audit-e2e-1005
Traceback (most recent call last):
  File "/Users/psw/Projects/decision-chat-bot/backend/.venv/lib/python3.14/site-packages/redis/asyncio/connection.py", line 305, in connect_check_health
    await self.retry.call_with_retry(
        lambda: self._connect(), lambda error: self.disconnect()
    )
  File "/Users/psw/Projects/decision-chat-bot/backend/.venv/lib/python3.14/site-packages/redis/asyncio/retry.py", line 50, in call_with_retry
    return await do()
           ^^^^^^^^^^
  File "/Users/psw/Projects/decision-chat-bot/backend/.venv/lib/python3.14/site-packages/redis/asyncio/connection.py", line 760, in _connect
    reader, writer = await asyncio.open_connection(
                     ^^^^^^^^^^^^^^^^^^^^^^^^^^^^^^
        **self._connection_arguments()
        ^^^^^^^^^^^^^^^^^^^^^^^^^^^^^^
    )
    ^
  File "/Library/Frameworks/Python.framework/Versions/3.14/lib/python3.14/asyncio/streams.py", line 48, in open_connection
    transport, _ = await loop.create_connection(
                   ^^^^^^^^^^^^^^^^^^^^^^^^^^^^^
        lambda: protocol, host, port, **kwds)
        ^^^^^^^^^^^^^^^^^^^^^^^^^^^^^^^^^^^^^
  File "uvloop/loop.pyx", line 2040, in create_connection
    raise exceptions[0]
  File "uvloop/loop.pyx", line 2017, in uvloop.loop.Loop.create_connection
    await waiter
ConnectionRefusedError: [Errno 61] Connection refused

During handling of the above exception, another exception occurred:

Traceback (most recent call last):
  File "/Users/psw/Projects/decision-chat-bot/backend/jevtriage/realtime/subscriber.py", line 31, in _listen
    await pubsub.subscribe(self.channel)
  File "/Users/psw/Projects/decision-chat-bot/backend/.venv/lib/python3.14/site-packages/redis/asyncio/client.py", line 1071, in subscribe
    ret_val = await self.execute_command("SUBSCRIBE", *new_channels.keys())
              ^^^^^^^^^^^^^^^^^^^^^^^^^^^^^^^^^^^^^^^^^^^^^^^^^^^^^^^^^^^^^
  File "/Users/psw/Projects/decision-chat-bot/backend/.venv/lib/python3.14/site-packages/redis/asyncio/client.py", line 924, in execute_command
    await self.connect()
  File "/Users/psw/Projects/decision-chat-bot/backend/.venv/lib/python3.14/site-packages/redis/asyncio/client.py", line 934, in connect
    self.connection = await self.connection_pool.get_connection()
                      ^^^^^^^^^^^^^^^^^^^^^^^^^^^^^^^^^^^^^^^^^^^
  File "/Users/psw/Projects/decision-chat-bot/backend/.venv/lib/python3.14/site-packages/redis/asyncio/connection.py", line 1149, in get_connection
    await self.ensure_connection(connection)
  File "/Users/psw/Projects/decision-chat-bot/backend/.venv/lib/python3.14/site-packages/redis/asyncio/connection.py", line 1182, in ensure_connection
    await connection.connect()
  File "/Users/psw/Projects/decision-chat-bot/backend/.venv/lib/python3.14/site-packages/redis/asyncio/connection.py", line 296, in connect
    await self.connect_check_health(check_health=True)
  File "/Users/psw/Projects/decision-chat-bot/backend/.venv/lib/python3.14/site-packages/redis/asyncio/connection.py", line 315, in connect_check_health
    raise ConnectionError(self._error_message(e))
redis.exceptions.ConnectionError: Error 61 connecting to 127.0.0.1:16391. Connection refused.
Redis subscriber disconnected for tenant t-audit-e2e-1005
Traceback (most recent call last):
  File "/Users/psw/Projects/decision-chat-bot/backend/.venv/lib/python3.14/site-packages/redis/asyncio/connection.py", line 305, in connect_check_health
    await self.retry.call_with_retry(
        lambda: self._connect(), lambda error: self.disconnect()
    )
  File "/Users/psw/Projects/decision-chat-bot/backend/.venv/lib/python3.14/site-packages/redis/asyncio/retry.py", line 50, in call_with_retry
    return await do()
           ^^^^^^^^^^
  File "/Users/psw/Projects/decision-chat-bot/backend/.venv/lib/python3.14/site-packages/redis/asyncio/connection.py", line 760, in _connect
    reader, writer = await asyncio.open_connection(
                     ^^^^^^^^^^^^^^^^^^^^^^^^^^^^^^
        **self._connection_arguments()
        ^^^^^^^^^^^^^^^^^^^^^^^^^^^^^^
    )
    ^
  File "/Library/Frameworks/Python.framework/Versions/3.14/lib/python3.14/asyncio/streams.py", line 48, in open_connection
    transport, _ = await loop.create_connection(
                   ^^^^^^^^^^^^^^^^^^^^^^^^^^^^^
        lambda: protocol, host, port, **kwds)
        ^^^^^^^^^^^^^^^^^^^^^^^^^^^^^^^^^^^^^
  File "uvloop/loop.pyx", line 2040, in create_connection
    raise exceptions[0]
  File "uvloop/loop.pyx", line 2017, in uvloop.loop.Loop.create_connection
    await waiter
ConnectionRefusedError: [Errno 61] Connection refused

During handling of the above exception, another exception occurred:

Traceback (most recent call last):
  File "/Users/psw/Projects/decision-chat-bot/backend/jevtriage/realtime/subscriber.py", line 31, in _listen
    await pubsub.subscribe(self.channel)
  File "/Users/psw/Projects/decision-chat-bot/backend/.venv/lib/python3.14/site-packages/redis/asyncio/client.py", line 1071, in subscribe
    ret_val = await self.execute_command("SUBSCRIBE", *new_channels.keys())
              ^^^^^^^^^^^^^^^^^^^^^^^^^^^^^^^^^^^^^^^^^^^^^^^^^^^^^^^^^^^^^
  File "/Users/psw/Projects/decision-chat-bot/backend/.venv/lib/python3.14/site-packages/redis/asyncio/client.py", line 924, in execute_command
    await self.connect()
  File "/Users/psw/Projects/decision-chat-bot/backend/.venv/lib/python3.14/site-packages/redis/asyncio/client.py", line 934, in connect
    self.connection = await self.connection_pool.get_connection()
                      ^^^^^^^^^^^^^^^^^^^^^^^^^^^^^^^^^^^^^^^^^^^
  File "/Users/psw/Projects/decision-chat-bot/backend/.venv/lib/python3.14/site-packages/redis/asyncio/connection.py", line 1149, in get_connection
    await self.ensure_connection(connection)
  File "/Users/psw/Projects/decision-chat-bot/backend/.venv/lib/python3.14/site-packages/redis/asyncio/connection.py", line 1182, in ensure_connection
    await connection.connect()
  File "/Users/psw/Projects/decision-chat-bot/backend/.venv/lib/python3.14/site-packages/redis/asyncio/connection.py", line 296, in connect
    await self.connect_check_health(check_health=True)
  File "/Users/psw/Projects/decision-chat-bot/backend/.venv/lib/python3.14/site-packages/redis/asyncio/connection.py", line 315, in connect_check_health
    raise ConnectionError(self._error_message(e))
redis.exceptions.ConnectionError: Error 61 connecting to 127.0.0.1:16391. Connection refused.
Redis connection slot refresh failed
Traceback (most recent call last):
  File "/Users/psw/Projects/decision-chat-bot/backend/.venv/lib/python3.14/site-packages/redis/asyncio/connection.py", line 305, in connect_check_health
    await self.retry.call_with_retry(
        lambda: self._connect(), lambda error: self.disconnect()
    )
  File "/Users/psw/Projects/decision-chat-bot/backend/.venv/lib/python3.14/site-packages/redis/asyncio/retry.py", line 50, in call_with_retry
    return await do()
           ^^^^^^^^^^
  File "/Users/psw/Projects/decision-chat-bot/backend/.venv/lib/python3.14/site-packages/redis/asyncio/connection.py", line 760, in _connect
    reader, writer = await asyncio.open_connection(
                     ^^^^^^^^^^^^^^^^^^^^^^^^^^^^^^
        **self._connection_arguments()
        ^^^^^^^^^^^^^^^^^^^^^^^^^^^^^^
    )
    ^
  File "/Library/Frameworks/Python.framework/Versions/3.14/lib/python3.14/asyncio/streams.py", line 48, in open_connection
    transport, _ = await loop.create_connection(
                   ^^^^^^^^^^^^^^^^^^^^^^^^^^^^^
        lambda: protocol, host, port, **kwds)
        ^^^^^^^^^^^^^^^^^^^^^^^^^^^^^^^^^^^^^
  File "uvloop/loop.pyx", line 2040, in create_connection
    raise exceptions[0]
  File "uvloop/loop.pyx", line 2017, in uvloop.loop.Loop.create_connection
    await waiter
ConnectionRefusedError: [Errno 61] Connection refused

During handling of the above exception, another exception occurred:

Traceback (most recent call last):
  File "/Users/psw/Projects/decision-chat-bot/backend/jevtriage/realtime/notifier.py", line 88, in refresh
    await client.zadd("sse:connections", {token: time.time() + self.ttl}, xx=True)
  File "/Users/psw/Projects/decision-chat-bot/backend/.venv/lib/python3.14/site-packages/redis/asyncio/client.py", line 672, in execute_command
    conn = self.connection or await pool.get_connection()
                              ^^^^^^^^^^^^^^^^^^^^^^^^^^^
  File "/Users/psw/Projects/decision-chat-bot/backend/.venv/lib/python3.14/site-packages/redis/asyncio/connection.py", line 1149, in get_connection
    await self.ensure_connection(connection)
  File "/Users/psw/Projects/decision-chat-bot/backend/.venv/lib/python3.14/site-packages/redis/asyncio/connection.py", line 1182, in ensure_connection
    await connection.connect()
  File "/Users/psw/Projects/decision-chat-bot/backend/.venv/lib/python3.14/site-packages/redis/asyncio/connection.py", line 296, in connect
    await self.connect_check_health(check_health=True)
  File "/Users/psw/Projects/decision-chat-bot/backend/.venv/lib/python3.14/site-packages/redis/asyncio/connection.py", line 315, in connect_check_health
    raise ConnectionError(self._error_message(e))
redis.exceptions.ConnectionError: Error 61 connecting to 127.0.0.1:16391. Connection refused.
Redis connection slot refresh failed
Traceback (most recent call last):
  File "/Users/psw/Projects/decision-chat-bot/backend/.venv/lib/python3.14/site-packages/redis/asyncio/connection.py", line 305, in connect_check_health
    await self.retry.call_with_retry(
        lambda: self._connect(), lambda error: self.disconnect()
    )
  File "/Users/psw/Projects/decision-chat-bot/backend/.venv/lib/python3.14/site-packages/redis/asyncio/retry.py", line 50, in call_with_retry
    return await do()
           ^^^^^^^^^^
  File "/Users/psw/Projects/decision-chat-bot/backend/.venv/lib/python3.14/site-packages/redis/asyncio/connection.py", line 760, in _connect
    reader, writer = await asyncio.open_connection(
                     ^^^^^^^^^^^^^^^^^^^^^^^^^^^^^^
        **self._connection_arguments()
        ^^^^^^^^^^^^^^^^^^^^^^^^^^^^^^
    )
    ^
  File "/Library/Frameworks/Python.framework/Versions/3.14/lib/python3.14/asyncio/streams.py", line 48, in open_connection
    transport, _ = await loop.create_connection(
                   ^^^^^^^^^^^^^^^^^^^^^^^^^^^^^
        lambda: protocol, host, port, **kwds)
        ^^^^^^^^^^^^^^^^^^^^^^^^^^^^^^^^^^^^^
  File "uvloop/loop.pyx", line 2040, in create_connection
    raise exceptions[0]
  File "uvloop/loop.pyx", line 2017, in uvloop.loop.Loop.create_connection
    await waiter
ConnectionRefusedError: [Errno 61] Connection refused

During handling of the above exception, another exception occurred:

Traceback (most recent call last):
  File "/Users/psw/Projects/decision-chat-bot/backend/jevtriage/realtime/notifier.py", line 88, in refresh
    await client.zadd("sse:connections", {token: time.time() + self.ttl}, xx=True)
  File "/Users/psw/Projects/decision-chat-bot/backend/.venv/lib/python3.14/site-packages/redis/asyncio/client.py", line 672, in execute_command
    conn = self.connection or await pool.get_connection()
                              ^^^^^^^^^^^^^^^^^^^^^^^^^^^
  File "/Users/psw/Projects/decision-chat-bot/backend/.venv/lib/python3.14/site-packages/redis/asyncio/connection.py", line 1149, in get_connection
    await self.ensure_connection(connection)
  File "/Users/psw/Projects/decision-chat-bot/backend/.venv/lib/python3.14/site-packages/redis/asyncio/connection.py", line 1182, in ensure_connection
    await connection.connect()
  File "/Users/psw/Projects/decision-chat-bot/backend/.venv/lib/python3.14/site-packages/redis/asyncio/connection.py", line 296, in connect
    await self.connect_check_health(check_health=True)
  File "/Users/psw/Projects/decision-chat-bot/backend/.venv/lib/python3.14/site-packages/redis/asyncio/connection.py", line 315, in connect_check_health
    raise ConnectionError(self._error_message(e))
redis.exceptions.ConnectionError: Error 61 connecting to 127.0.0.1:16391. Connection refused.
INFO:     127.0.0.1:59801 - "GET /api/requests/req_f7ce2a90cbaf4292ab72e7ddb7872d77/judgment HTTP/1.1" 404 Not Found
INFO:     127.0.0.1:59800 - "GET /api/requests/req_f7ce2a90cbaf4292ab72e7ddb7872d77 HTTP/1.1" 200 OK
INFO:     127.0.0.1:59802 - "GET /api/requests/req_f7ce2a90cbaf4292ab72e7ddb7872d77/runs HTTP/1.1" 200 OK
Received notification from DBMS server: <GqlStatusObject gql_status='01G11', status_description='warn: null value eliminated in set function', position=None, raw_classification='UNRECOGNIZED', classification=<NotificationClassification.UNRECOGNIZED: 'UNRECOGNIZED'>, raw_severity='WARNING', severity=<NotificationSeverity.WARNING: 'WARNING'>, diagnostic_record={'_classification': 'UNRECOGNIZED', '_severity': 'WARNING', 'OPERATION': '', 'OPERATION_CODE': '0', 'CURRENT_SCHEMA': '/'}> for query: 'MATCH (q:Request {tenant_id:$tenant,id:$request}) MATCH (r:Run {tenant_id:$tenant,request_id:$request}) WHERE r.id=coalesce($run,q.active_run_id) OPTIONAL MATCH (r)-[:HAS_STEP]->(s:RunStep {tenant_id:$tenant}) RETURN q.status AS request_status,q.first_received_at AS received, r AS run,collect(s) AS steps'
Received notification from DBMS server: <GqlStatusObject gql_status='01G11', status_description='warn: null value eliminated in set function', position=None, raw_classification='UNRECOGNIZED', classification=<NotificationClassification.UNRECOGNIZED: 'UNRECOGNIZED'>, raw_severity='WARNING', severity=<NotificationSeverity.WARNING: 'WARNING'>, diagnostic_record={'_classification': 'UNRECOGNIZED', '_severity': 'WARNING', 'OPERATION': '', 'OPERATION_CODE': '0', 'CURRENT_SCHEMA': '/'}> for query: 'MATCH (o:ModelOutput {tenant_id:$tenant_id,run_id:$run_id})-[:OF_JUDGMENT]->(j:Judgment {tenant_id:$tenant_id,id:$judgment_id}) OPTIONAL MATCH (o)-[c:CITES]->(e:EvidenceSpan {tenant_id:$tenant_id}) RETURN o,collect(CASE WHEN e IS NULL THEN null ELSE {id:e.id,attachment_id:e.attachment_id,location_json:e.location_json,char_start:e.char_start,char_end:e.char_end,prob:c.prob,source:e.source,source_text:e.source_text} END) AS citations'
INFO:     127.0.0.1:59809 - "GET /api/requests/req_f7ce2a90cbaf4292ab72e7ddb7872d77/progress HTTP/1.1" 200 OK
INFO:     127.0.0.1:59808 - "GET /api/requests/req_f7ce2a90cbaf4292ab72e7ddb7872d77/judgment?run_id=run_72cc36932acd46e88620b1a32e44902c HTTP/1.1" 200 OK
Redis subscriber disconnected for tenant t-audit-e2e-1005
Traceback (most recent call last):
  File "/Users/psw/Projects/decision-chat-bot/backend/.venv/lib/python3.14/site-packages/redis/asyncio/connection.py", line 305, in connect_check_health
    await self.retry.call_with_retry(
        lambda: self._connect(), lambda error: self.disconnect()
    )
  File "/Users/psw/Projects/decision-chat-bot/backend/.venv/lib/python3.14/site-packages/redis/asyncio/retry.py", line 50, in call_with_retry
    return await do()
           ^^^^^^^^^^
  File "/Users/psw/Projects/decision-chat-bot/backend/.venv/lib/python3.14/site-packages/redis/asyncio/connection.py", line 760, in _connect
    reader, writer = await asyncio.open_connection(
                     ^^^^^^^^^^^^^^^^^^^^^^^^^^^^^^
        **self._connection_arguments()
        ^^^^^^^^^^^^^^^^^^^^^^^^^^^^^^
    )
    ^
  File "/Library/Frameworks/Python.framework/Versions/3.14/lib/python3.14/asyncio/streams.py", line 48, in open_connection
    transport, _ = await loop.create_connection(
                   ^^^^^^^^^^^^^^^^^^^^^^^^^^^^^
        lambda: protocol, host, port, **kwds)
        ^^^^^^^^^^^^^^^^^^^^^^^^^^^^^^^^^^^^^
  File "uvloop/loop.pyx", line 2040, in create_connection
    raise exceptions[0]
  File "uvloop/loop.pyx", line 2017, in uvloop.loop.Loop.create_connection
    await waiter
ConnectionRefusedError: [Errno 61] Connection refused

During handling of the above exception, another exception occurred:

Traceback (most recent call last):
  File "/Users/psw/Projects/decision-chat-bot/backend/jevtriage/realtime/subscriber.py", line 31, in _listen
    await pubsub.subscribe(self.channel)
  File "/Users/psw/Projects/decision-chat-bot/backend/.venv/lib/python3.14/site-packages/redis/asyncio/client.py", line 1071, in subscribe
    ret_val = await self.execute_command("SUBSCRIBE", *new_channels.keys())
              ^^^^^^^^^^^^^^^^^^^^^^^^^^^^^^^^^^^^^^^^^^^^^^^^^^^^^^^^^^^^^
  File "/Users/psw/Projects/decision-chat-bot/backend/.venv/lib/python3.14/site-packages/redis/asyncio/client.py", line 924, in execute_command
    await self.connect()
  File "/Users/psw/Projects/decision-chat-bot/backend/.venv/lib/python3.14/site-packages/redis/asyncio/client.py", line 934, in connect
    self.connection = await self.connection_pool.get_connection()
                      ^^^^^^^^^^^^^^^^^^^^^^^^^^^^^^^^^^^^^^^^^^^
  File "/Users/psw/Projects/decision-chat-bot/backend/.venv/lib/python3.14/site-packages/redis/asyncio/connection.py", line 1149, in get_connection
    await self.ensure_connection(connection)
  File "/Users/psw/Projects/decision-chat-bot/backend/.venv/lib/python3.14/site-packages/redis/asyncio/connection.py", line 1182, in ensure_connection
    await connection.connect()
  File "/Users/psw/Projects/decision-chat-bot/backend/.venv/lib/python3.14/site-packages/redis/asyncio/connection.py", line 296, in connect
    await self.connect_check_health(check_health=True)
  File "/Users/psw/Projects/decision-chat-bot/backend/.venv/lib/python3.14/site-packages/redis/asyncio/connection.py", line 315, in connect_check_health
    raise ConnectionError(self._error_message(e))
redis.exceptions.ConnectionError: Error 61 connecting to 127.0.0.1:16391. Connection refused.
Redis subscriber disconnected for tenant t-audit-e2e-1005
Traceback (most recent call last):
  File "/Users/psw/Projects/decision-chat-bot/backend/.venv/lib/python3.14/site-packages/redis/asyncio/connection.py", line 305, in connect_check_health
    await self.retry.call_with_retry(
        lambda: self._connect(), lambda error: self.disconnect()
    )
  File "/Users/psw/Projects/decision-chat-bot/backend/.venv/lib/python3.14/site-packages/redis/asyncio/retry.py", line 50, in call_with_retry
    return await do()
           ^^^^^^^^^^
  File "/Users/psw/Projects/decision-chat-bot/backend/.venv/lib/python3.14/site-packages/redis/asyncio/connection.py", line 760, in _connect
    reader, writer = await asyncio.open_connection(
                     ^^^^^^^^^^^^^^^^^^^^^^^^^^^^^^
        **self._connection_arguments()
        ^^^^^^^^^^^^^^^^^^^^^^^^^^^^^^
    )
    ^
  File "/Library/Frameworks/Python.framework/Versions/3.14/lib/python3.14/asyncio/streams.py", line 48, in open_connection
    transport, _ = await loop.create_connection(
                   ^^^^^^^^^^^^^^^^^^^^^^^^^^^^^
        lambda: protocol, host, port, **kwds)
        ^^^^^^^^^^^^^^^^^^^^^^^^^^^^^^^^^^^^^
  File "uvloop/loop.pyx", line 2040, in create_connection
    raise exceptions[0]
  File "uvloop/loop.pyx", line 2017, in uvloop.loop.Loop.create_connection
    await waiter
ConnectionRefusedError: [Errno 61] Connection refused

During handling of the above exception, another exception occurred:

Traceback (most recent call last):
  File "/Users/psw/Projects/decision-chat-bot/backend/jevtriage/realtime/subscriber.py", line 31, in _listen
    await pubsub.subscribe(self.channel)
  File "/Users/psw/Projects/decision-chat-bot/backend/.venv/lib/python3.14/site-packages/redis/asyncio/client.py", line 1071, in subscribe
    ret_val = await self.execute_command("SUBSCRIBE", *new_channels.keys())
              ^^^^^^^^^^^^^^^^^^^^^^^^^^^^^^^^^^^^^^^^^^^^^^^^^^^^^^^^^^^^^
  File "/Users/psw/Projects/decision-chat-bot/backend/.venv/lib/python3.14/site-packages/redis/asyncio/client.py", line 924, in execute_command
    await self.connect()
  File "/Users/psw/Projects/decision-chat-bot/backend/.venv/lib/python3.14/site-packages/redis/asyncio/client.py", line 934, in connect
    self.connection = await self.connection_pool.get_connection()
                      ^^^^^^^^^^^^^^^^^^^^^^^^^^^^^^^^^^^^^^^^^^^
  File "/Users/psw/Projects/decision-chat-bot/backend/.venv/lib/python3.14/site-packages/redis/asyncio/connection.py", line 1149, in get_connection
    await self.ensure_connection(connection)
  File "/Users/psw/Projects/decision-chat-bot/backend/.venv/lib/python3.14/site-packages/redis/asyncio/connection.py", line 1182, in ensure_connection
    await connection.connect()
  File "/Users/psw/Projects/decision-chat-bot/backend/.venv/lib/python3.14/site-packages/redis/asyncio/connection.py", line 296, in connect
    await self.connect_check_health(check_health=True)
  File "/Users/psw/Projects/decision-chat-bot/backend/.venv/lib/python3.14/site-packages/redis/asyncio/connection.py", line 315, in connect_check_health
    raise ConnectionError(self._error_message(e))
redis.exceptions.ConnectionError: Error 61 connecting to 127.0.0.1:16391. Connection refused.
Redis publish failed on tenant:t-audit-e2e-1005
Traceback (most recent call last):
  File "/Users/psw/Projects/decision-chat-bot/backend/.venv/lib/python3.14/site-packages/redis/asyncio/connection.py", line 305, in connect_check_health
    await self.retry.call_with_retry(
        lambda: self._connect(), lambda error: self.disconnect()
    )
  File "/Users/psw/Projects/decision-chat-bot/backend/.venv/lib/python3.14/site-packages/redis/asyncio/retry.py", line 50, in call_with_retry
    return await do()
           ^^^^^^^^^^
  File "/Users/psw/Projects/decision-chat-bot/backend/.venv/lib/python3.14/site-packages/redis/asyncio/connection.py", line 760, in _connect
    reader, writer = await asyncio.open_connection(
                     ^^^^^^^^^^^^^^^^^^^^^^^^^^^^^^
        **self._connection_arguments()
        ^^^^^^^^^^^^^^^^^^^^^^^^^^^^^^
    )
    ^
  File "/Library/Frameworks/Python.framework/Versions/3.14/lib/python3.14/asyncio/streams.py", line 48, in open_connection
    transport, _ = await loop.create_connection(
                   ^^^^^^^^^^^^^^^^^^^^^^^^^^^^^
        lambda: protocol, host, port, **kwds)
        ^^^^^^^^^^^^^^^^^^^^^^^^^^^^^^^^^^^^^
  File "uvloop/loop.pyx", line 2040, in create_connection
    raise exceptions[0]
  File "uvloop/loop.pyx", line 2017, in uvloop.loop.Loop.create_connection
    await waiter
ConnectionRefusedError: [Errno 61] Connection refused

During handling of the above exception, another exception occurred:

Traceback (most recent call last):
  File "/Users/psw/Projects/decision-chat-bot/backend/jevtriage/realtime/notifier.py", line 23, in _publish
    await client.publish(channel, value)
  File "/Users/psw/Projects/decision-chat-bot/backend/.venv/lib/python3.14/site-packages/redis/asyncio/client.py", line 672, in execute_command
    conn = self.connection or await pool.get_connection()
                              ^^^^^^^^^^^^^^^^^^^^^^^^^^^
  File "/Users/psw/Projects/decision-chat-bot/backend/.venv/lib/python3.14/site-packages/redis/asyncio/connection.py", line 1149, in get_connection
    await self.ensure_connection(connection)
  File "/Users/psw/Projects/decision-chat-bot/backend/.venv/lib/python3.14/site-packages/redis/asyncio/connection.py", line 1182, in ensure_connection
    await connection.connect()
  File "/Users/psw/Projects/decision-chat-bot/backend/.venv/lib/python3.14/site-packages/redis/asyncio/connection.py", line 296, in connect
    await self.connect_check_health(check_health=True)
  File "/Users/psw/Projects/decision-chat-bot/backend/.venv/lib/python3.14/site-packages/redis/asyncio/connection.py", line 315, in connect_check_health
    raise ConnectionError(self._error_message(e))
redis.exceptions.ConnectionError: Error 61 connecting to 127.0.0.1:16391. Connection refused.
INFO:     127.0.0.1:59831 - "POST /api/requests/req_f7ce2a90cbaf4292ab72e7ddb7872d77/runs/run_db95c45a1a1944149e794084021c5ad2/cancel HTTP/1.1" 200 OK
INFO:     127.0.0.1:59837 - "GET /api/requests?limit=50 HTTP/1.1" 200 OK
Redis subscriber disconnected for tenant t-audit-e2e-1005
Traceback (most recent call last):
  File "/Users/psw/Projects/decision-chat-bot/backend/.venv/lib/python3.14/site-packages/redis/asyncio/connection.py", line 305, in connect_check_health
    await self.retry.call_with_retry(
        lambda: self._connect(), lambda error: self.disconnect()
    )
  File "/Users/psw/Projects/decision-chat-bot/backend/.venv/lib/python3.14/site-packages/redis/asyncio/retry.py", line 50, in call_with_retry
    return await do()
           ^^^^^^^^^^
  File "/Users/psw/Projects/decision-chat-bot/backend/.venv/lib/python3.14/site-packages/redis/asyncio/connection.py", line 760, in _connect
    reader, writer = await asyncio.open_connection(
                     ^^^^^^^^^^^^^^^^^^^^^^^^^^^^^^
        **self._connection_arguments()
        ^^^^^^^^^^^^^^^^^^^^^^^^^^^^^^
    )
    ^
  File "/Library/Frameworks/Python.framework/Versions/3.14/lib/python3.14/asyncio/streams.py", line 48, in open_connection
    transport, _ = await loop.create_connection(
                   ^^^^^^^^^^^^^^^^^^^^^^^^^^^^^
        lambda: protocol, host, port, **kwds)
        ^^^^^^^^^^^^^^^^^^^^^^^^^^^^^^^^^^^^^
  File "uvloop/loop.pyx", line 2040, in create_connection
    raise exceptions[0]
  File "uvloop/loop.pyx", line 2017, in uvloop.loop.Loop.create_connection
    await waiter
ConnectionRefusedError: [Errno 61] Connection refused

During handling of the above exception, another exception occurred:

Traceback (most recent call last):
  File "/Users/psw/Projects/decision-chat-bot/backend/jevtriage/realtime/subscriber.py", line 31, in _listen
    await pubsub.subscribe(self.channel)
  File "/Users/psw/Projects/decision-chat-bot/backend/.venv/lib/python3.14/site-packages/redis/asyncio/client.py", line 1071, in subscribe
    ret_val = await self.execute_command("SUBSCRIBE", *new_channels.keys())
              ^^^^^^^^^^^^^^^^^^^^^^^^^^^^^^^^^^^^^^^^^^^^^^^^^^^^^^^^^^^^^
  File "/Users/psw/Projects/decision-chat-bot/backend/.venv/lib/python3.14/site-packages/redis/asyncio/client.py", line 924, in execute_command
    await self.connect()
  File "/Users/psw/Projects/decision-chat-bot/backend/.venv/lib/python3.14/site-packages/redis/asyncio/client.py", line 934, in connect
    self.connection = await self.connection_pool.get_connection()
                      ^^^^^^^^^^^^^^^^^^^^^^^^^^^^^^^^^^^^^^^^^^^
  File "/Users/psw/Projects/decision-chat-bot/backend/.venv/lib/python3.14/site-packages/redis/asyncio/connection.py", line 1149, in get_connection
    await self.ensure_connection(connection)
  File "/Users/psw/Projects/decision-chat-bot/backend/.venv/lib/python3.14/site-packages/redis/asyncio/connection.py", line 1182, in ensure_connection
    await connection.connect()
  File "/Users/psw/Projects/decision-chat-bot/backend/.venv/lib/python3.14/site-packages/redis/asyncio/connection.py", line 296, in connect
    await self.connect_check_health(check_health=True)
  File "/Users/psw/Projects/decision-chat-bot/backend/.venv/lib/python3.14/site-packages/redis/asyncio/connection.py", line 315, in connect_check_health
    raise ConnectionError(self._error_message(e))
redis.exceptions.ConnectionError: Error 61 connecting to 127.0.0.1:16391. Connection refused.
INFO:     127.0.0.1:59848 - "GET /api/requests/req_f7ce2a90cbaf4292ab72e7ddb7872d77/runs HTTP/1.1" 200 OK
INFO:     127.0.0.1:59847 - "GET /api/requests/req_f7ce2a90cbaf4292ab72e7ddb7872d77/judgment HTTP/1.1" 404 Not Found
INFO:     127.0.0.1:59846 - "GET /api/requests/req_f7ce2a90cbaf4292ab72e7ddb7872d77 HTTP/1.1" 200 OK
Received notification from DBMS server: <GqlStatusObject gql_status='01G11', status_description='warn: null value eliminated in set function', position=None, raw_classification='UNRECOGNIZED', classification=<NotificationClassification.UNRECOGNIZED: 'UNRECOGNIZED'>, raw_severity='WARNING', severity=<NotificationSeverity.WARNING: 'WARNING'>, diagnostic_record={'_classification': 'UNRECOGNIZED', '_severity': 'WARNING', 'OPERATION': '', 'OPERATION_CODE': '0', 'CURRENT_SCHEMA': '/'}> for query: 'MATCH (q:Request {tenant_id:$tenant,id:$request}) MATCH (r:Run {tenant_id:$tenant,request_id:$request}) WHERE r.id=coalesce($run,q.active_run_id) OPTIONAL MATCH (r)-[:HAS_STEP]->(s:RunStep {tenant_id:$tenant}) RETURN q.status AS request_status,q.first_received_at AS received, r AS run,collect(s) AS steps'
Received notification from DBMS server: <GqlStatusObject gql_status='01G11', status_description='warn: null value eliminated in set function', position=None, raw_classification='UNRECOGNIZED', classification=<NotificationClassification.UNRECOGNIZED: 'UNRECOGNIZED'>, raw_severity='WARNING', severity=<NotificationSeverity.WARNING: 'WARNING'>, diagnostic_record={'_classification': 'UNRECOGNIZED', '_severity': 'WARNING', 'OPERATION': '', 'OPERATION_CODE': '0', 'CURRENT_SCHEMA': '/'}> for query: 'MATCH (o:ModelOutput {tenant_id:$tenant_id,run_id:$run_id})-[:OF_JUDGMENT]->(j:Judgment {tenant_id:$tenant_id,id:$judgment_id}) OPTIONAL MATCH (o)-[c:CITES]->(e:EvidenceSpan {tenant_id:$tenant_id}) RETURN o,collect(CASE WHEN e IS NULL THEN null ELSE {id:e.id,attachment_id:e.attachment_id,location_json:e.location_json,char_start:e.char_start,char_end:e.char_end,prob:c.prob,source:e.source,source_text:e.source_text} END) AS citations'
INFO:     127.0.0.1:59854 - "GET /api/requests/req_f7ce2a90cbaf4292ab72e7ddb7872d77/progress HTTP/1.1" 200 OK
INFO:     127.0.0.1:59853 - "GET /api/requests/req_f7ce2a90cbaf4292ab72e7ddb7872d77/judgment?run_id=run_72cc36932acd46e88620b1a32e44902c HTTP/1.1" 200 OK
INFO:     127.0.0.1:59857 - "GET /api/requests?limit=50 HTTP/1.1" 200 OK
Redis subscriber disconnected for tenant t-audit-e2e-1005
Traceback (most recent call last):
  File "/Users/psw/Projects/decision-chat-bot/backend/.venv/lib/python3.14/site-packages/redis/asyncio/connection.py", line 305, in connect_check_health
    await self.retry.call_with_retry(
        lambda: self._connect(), lambda error: self.disconnect()
    )
  File "/Users/psw/Projects/decision-chat-bot/backend/.venv/lib/python3.14/site-packages/redis/asyncio/retry.py", line 50, in call_with_retry
    return await do()
           ^^^^^^^^^^
  File "/Users/psw/Projects/decision-chat-bot/backend/.venv/lib/python3.14/site-packages/redis/asyncio/connection.py", line 760, in _connect
    reader, writer = await asyncio.open_connection(
                     ^^^^^^^^^^^^^^^^^^^^^^^^^^^^^^
        **self._connection_arguments()
        ^^^^^^^^^^^^^^^^^^^^^^^^^^^^^^
    )
    ^
  File "/Library/Frameworks/Python.framework/Versions/3.14/lib/python3.14/asyncio/streams.py", line 48, in open_connection
    transport, _ = await loop.create_connection(
                   ^^^^^^^^^^^^^^^^^^^^^^^^^^^^^
        lambda: protocol, host, port, **kwds)
        ^^^^^^^^^^^^^^^^^^^^^^^^^^^^^^^^^^^^^
  File "uvloop/loop.pyx", line 2040, in create_connection
    raise exceptions[0]
  File "uvloop/loop.pyx", line 2017, in uvloop.loop.Loop.create_connection
    await waiter
ConnectionRefusedError: [Errno 61] Connection refused

During handling of the above exception, another exception occurred:

Traceback (most recent call last):
  File "/Users/psw/Projects/decision-chat-bot/backend/jevtriage/realtime/subscriber.py", line 31, in _listen
    await pubsub.subscribe(self.channel)
  File "/Users/psw/Projects/decision-chat-bot/backend/.venv/lib/python3.14/site-packages/redis/asyncio/client.py", line 1071, in subscribe
    ret_val = await self.execute_command("SUBSCRIBE", *new_channels.keys())
              ^^^^^^^^^^^^^^^^^^^^^^^^^^^^^^^^^^^^^^^^^^^^^^^^^^^^^^^^^^^^^
  File "/Users/psw/Projects/decision-chat-bot/backend/.venv/lib/python3.14/site-packages/redis/asyncio/client.py", line 924, in execute_command
    await self.connect()
  File "/Users/psw/Projects/decision-chat-bot/backend/.venv/lib/python3.14/site-packages/redis/asyncio/client.py", line 934, in connect
    self.connection = await self.connection_pool.get_connection()
                      ^^^^^^^^^^^^^^^^^^^^^^^^^^^^^^^^^^^^^^^^^^^
  File "/Users/psw/Projects/decision-chat-bot/backend/.venv/lib/python3.14/site-packages/redis/asyncio/connection.py", line 1149, in get_connection
    await self.ensure_connection(connection)
  File "/Users/psw/Projects/decision-chat-bot/backend/.venv/lib/python3.14/site-packages/redis/asyncio/connection.py", line 1182, in ensure_connection
    await connection.connect()
  File "/Users/psw/Projects/decision-chat-bot/backend/.venv/lib/python3.14/site-packages/redis/asyncio/connection.py", line 296, in connect
    await self.connect_check_health(check_health=True)
  File "/Users/psw/Projects/decision-chat-bot/backend/.venv/lib/python3.14/site-packages/redis/asyncio/connection.py", line 315, in connect_check_health
    raise ConnectionError(self._error_message(e))
redis.exceptions.ConnectionError: Error 61 connecting to 127.0.0.1:16391. Connection refused.
INFO:     127.0.0.1:59870 - "GET /api/requests?limit=50 HTTP/1.1" 200 OK
Redis subscriber disconnected for tenant t-audit-e2e-1005
Traceback (most recent call last):
  File "/Users/psw/Projects/decision-chat-bot/backend/.venv/lib/python3.14/site-packages/redis/asyncio/connection.py", line 591, in read_response
    response = await self._parser.read_response(
               ^^^^^^^^^^^^^^^^^^^^^^^^^^^^^^^^^
        disable_decoding=disable_decoding
        ^^^^^^^^^^^^^^^^^^^^^^^^^^^^^^^^^
    )
    ^
  File "/Users/psw/Projects/decision-chat-bot/backend/.venv/lib/python3.14/site-packages/redis/_parsers/resp2.py", line 82, in read_response
    response = await self._read_response(disable_decoding=disable_decoding)
               ^^^^^^^^^^^^^^^^^^^^^^^^^^^^^^^^^^^^^^^^^^^^^^^^^^^^^^^^^^^^
  File "/Users/psw/Projects/decision-chat-bot/backend/.venv/lib/python3.14/site-packages/redis/_parsers/resp2.py", line 90, in _read_response
    raw = await self._readline()
          ^^^^^^^^^^^^^^^^^^^^^^
  File "/Users/psw/Projects/decision-chat-bot/backend/.venv/lib/python3.14/site-packages/redis/_parsers/base.py", line 283, in _readline
    data = await self._stream.readline()
           ^^^^^^^^^^^^^^^^^^^^^^^^^^^^^
  File "/Library/Frameworks/Python.framework/Versions/3.14/lib/python3.14/asyncio/streams.py", line 562, in readline
    line = await self.readuntil(sep)
           ^^^^^^^^^^^^^^^^^^^^^^^^^
  File "/Library/Frameworks/Python.framework/Versions/3.14/lib/python3.14/asyncio/streams.py", line 677, in readuntil
    await self._wait_for_data('readuntil')
  File "/Library/Frameworks/Python.framework/Versions/3.14/lib/python3.14/asyncio/streams.py", line 539, in _wait_for_data
    await self._waiter
asyncio.exceptions.CancelledError

The above exception was the direct cause of the following exception:

Traceback (most recent call last):
  File "/Users/psw/Projects/decision-chat-bot/backend/.venv/lib/python3.14/site-packages/redis/asyncio/connection.py", line 590, in read_response
    async with async_timeout(read_timeout):
               ~~~~~~~~~~~~~^^^^^^^^^^^^^^
  File "/Library/Frameworks/Python.framework/Versions/3.14/lib/python3.14/asyncio/timeouts.py", line 115, in __aexit__
    raise TimeoutError from exc_val
TimeoutError

During handling of the above exception, another exception occurred:

Traceback (most recent call last):
  File "/Users/psw/Projects/decision-chat-bot/backend/jevtriage/realtime/subscriber.py", line 34, in _listen
    async for message in pubsub.listen():
        if message["type"] == "message":
            self._wake.set()
  File "/Users/psw/Projects/decision-chat-bot/backend/.venv/lib/python3.14/site-packages/redis/asyncio/client.py", line 1097, in listen
    response = await self.handle_message(await self.parse_response(block=True))
                                         ^^^^^^^^^^^^^^^^^^^^^^^^^^^^^^^^^^^^^
  File "/Users/psw/Projects/decision-chat-bot/backend/.venv/lib/python3.14/site-packages/redis/asyncio/client.py", line 984, in parse_response
    response = await self._execute(
               ^^^^^^^^^^^^^^^^^^^^
    ...<5 lines>...
    )
    ^
  File "/Users/psw/Projects/decision-chat-bot/backend/.venv/lib/python3.14/site-packages/redis/asyncio/client.py", line 964, in _execute
    return await conn.retry.call_with_retry(
           ^^^^^^^^^^^^^^^^^^^^^^^^^^^^^^^^^
    ...<2 lines>...
    )
    ^
  File "/Users/psw/Projects/decision-chat-bot/backend/.venv/lib/python3.14/site-packages/redis/asyncio/retry.py", line 55, in call_with_retry
    raise error
  File "/Users/psw/Projects/decision-chat-bot/backend/.venv/lib/python3.14/site-packages/redis/asyncio/retry.py", line 50, in call_with_retry
    return await do()
           ^^^^^^^^^^
  File "/Users/psw/Projects/decision-chat-bot/backend/.venv/lib/python3.14/site-packages/redis/asyncio/connection.py", line 609, in read_response
    raise TimeoutError(f"Timeout reading from {host_error}")
redis.exceptions.TimeoutError: Timeout reading from 127.0.0.1:16391
Redis subscriber disconnected for tenant t-audit-e2e-1005
Traceback (most recent call last):
  File "/Users/psw/Projects/decision-chat-bot/backend/.venv/lib/python3.14/site-packages/redis/asyncio/connection.py", line 591, in read_response
    response = await self._parser.read_response(
               ^^^^^^^^^^^^^^^^^^^^^^^^^^^^^^^^^
        disable_decoding=disable_decoding
        ^^^^^^^^^^^^^^^^^^^^^^^^^^^^^^^^^
    )
    ^
  File "/Users/psw/Projects/decision-chat-bot/backend/.venv/lib/python3.14/site-packages/redis/_parsers/resp2.py", line 82, in read_response
    response = await self._read_response(disable_decoding=disable_decoding)
               ^^^^^^^^^^^^^^^^^^^^^^^^^^^^^^^^^^^^^^^^^^^^^^^^^^^^^^^^^^^^
  File "/Users/psw/Projects/decision-chat-bot/backend/.venv/lib/python3.14/site-packages/redis/_parsers/resp2.py", line 90, in _read_response
    raw = await self._readline()
          ^^^^^^^^^^^^^^^^^^^^^^
  File "/Users/psw/Projects/decision-chat-bot/backend/.venv/lib/python3.14/site-packages/redis/_parsers/base.py", line 283, in _readline
    data = await self._stream.readline()
           ^^^^^^^^^^^^^^^^^^^^^^^^^^^^^
  File "/Library/Frameworks/Python.framework/Versions/3.14/lib/python3.14/asyncio/streams.py", line 562, in readline
    line = await self.readuntil(sep)
           ^^^^^^^^^^^^^^^^^^^^^^^^^
  File "/Library/Frameworks/Python.framework/Versions/3.14/lib/python3.14/asyncio/streams.py", line 677, in readuntil
    await self._wait_for_data('readuntil')
  File "/Library/Frameworks/Python.framework/Versions/3.14/lib/python3.14/asyncio/streams.py", line 539, in _wait_for_data
    await self._waiter
asyncio.exceptions.CancelledError

The above exception was the direct cause of the following exception:

Traceback (most recent call last):
  File "/Users/psw/Projects/decision-chat-bot/backend/.venv/lib/python3.14/site-packages/redis/asyncio/connection.py", line 590, in read_response
    async with async_timeout(read_timeout):
               ~~~~~~~~~~~~~^^^^^^^^^^^^^^
  File "/Library/Frameworks/Python.framework/Versions/3.14/lib/python3.14/asyncio/timeouts.py", line 115, in __aexit__
    raise TimeoutError from exc_val
TimeoutError

During handling of the above exception, another exception occurred:

Traceback (most recent call last):
  File "/Users/psw/Projects/decision-chat-bot/backend/jevtriage/realtime/subscriber.py", line 34, in _listen
    async for message in pubsub.listen():
        if message["type"] == "message":
            self._wake.set()
  File "/Users/psw/Projects/decision-chat-bot/backend/.venv/lib/python3.14/site-packages/redis/asyncio/client.py", line 1097, in listen
    response = await self.handle_message(await self.parse_response(block=True))
                                         ^^^^^^^^^^^^^^^^^^^^^^^^^^^^^^^^^^^^^
  File "/Users/psw/Projects/decision-chat-bot/backend/.venv/lib/python3.14/site-packages/redis/asyncio/client.py", line 984, in parse_response
    response = await self._execute(
               ^^^^^^^^^^^^^^^^^^^^
    ...<5 lines>...
    )
    ^
  File "/Users/psw/Projects/decision-chat-bot/backend/.venv/lib/python3.14/site-packages/redis/asyncio/client.py", line 964, in _execute
    return await conn.retry.call_with_retry(
           ^^^^^^^^^^^^^^^^^^^^^^^^^^^^^^^^^
    ...<2 lines>...
    )
    ^
  File "/Users/psw/Projects/decision-chat-bot/backend/.venv/lib/python3.14/site-packages/redis/asyncio/retry.py", line 55, in call_with_retry
    raise error
  File "/Users/psw/Projects/decision-chat-bot/backend/.venv/lib/python3.14/site-packages/redis/asyncio/retry.py", line 50, in call_with_retry
    return await do()
           ^^^^^^^^^^
  File "/Users/psw/Projects/decision-chat-bot/backend/.venv/lib/python3.14/site-packages/redis/asyncio/connection.py", line 609, in read_response
    raise TimeoutError(f"Timeout reading from {host_error}")
redis.exceptions.TimeoutError: Timeout reading from 127.0.0.1:16391
Redis subscriber disconnected for tenant t-audit-e2e-1005
Traceback (most recent call last):
  File "/Users/psw/Projects/decision-chat-bot/backend/.venv/lib/python3.14/site-packages/redis/asyncio/connection.py", line 591, in read_response
    response = await self._parser.read_response(
               ^^^^^^^^^^^^^^^^^^^^^^^^^^^^^^^^^
        disable_decoding=disable_decoding
        ^^^^^^^^^^^^^^^^^^^^^^^^^^^^^^^^^
    )
    ^
  File "/Users/psw/Projects/decision-chat-bot/backend/.venv/lib/python3.14/site-packages/redis/_parsers/resp2.py", line 82, in read_response
    response = await self._read_response(disable_decoding=disable_decoding)
               ^^^^^^^^^^^^^^^^^^^^^^^^^^^^^^^^^^^^^^^^^^^^^^^^^^^^^^^^^^^^
  File "/Users/psw/Projects/decision-chat-bot/backend/.venv/lib/python3.14/site-packages/redis/_parsers/resp2.py", line 90, in _read_response
    raw = await self._readline()
          ^^^^^^^^^^^^^^^^^^^^^^
  File "/Users/psw/Projects/decision-chat-bot/backend/.venv/lib/python3.14/site-packages/redis/_parsers/base.py", line 283, in _readline
    data = await self._stream.readline()
           ^^^^^^^^^^^^^^^^^^^^^^^^^^^^^
  File "/Library/Frameworks/Python.framework/Versions/3.14/lib/python3.14/asyncio/streams.py", line 562, in readline
    line = await self.readuntil(sep)
           ^^^^^^^^^^^^^^^^^^^^^^^^^
  File "/Library/Frameworks/Python.framework/Versions/3.14/lib/python3.14/asyncio/streams.py", line 677, in readuntil
    await self._wait_for_data('readuntil')
  File "/Library/Frameworks/Python.framework/Versions/3.14/lib/python3.14/asyncio/streams.py", line 539, in _wait_for_data
    await self._waiter
asyncio.exceptions.CancelledError

The above exception was the direct cause of the following exception:

Traceback (most recent call last):
  File "/Users/psw/Projects/decision-chat-bot/backend/.venv/lib/python3.14/site-packages/redis/asyncio/connection.py", line 590, in read_response
    async with async_timeout(read_timeout):
               ~~~~~~~~~~~~~^^^^^^^^^^^^^^
  File "/Library/Frameworks/Python.framework/Versions/3.14/lib/python3.14/asyncio/timeouts.py", line 115, in __aexit__
    raise TimeoutError from exc_val
TimeoutError

During handling of the above exception, another exception occurred:

Traceback (most recent call last):
  File "/Users/psw/Projects/decision-chat-bot/backend/jevtriage/realtime/subscriber.py", line 34, in _listen
    async for message in pubsub.listen():
        if message["type"] == "message":
            self._wake.set()
  File "/Users/psw/Projects/decision-chat-bot/backend/.venv/lib/python3.14/site-packages/redis/asyncio/client.py", line 1097, in listen
    response = await self.handle_message(await self.parse_response(block=True))
                                         ^^^^^^^^^^^^^^^^^^^^^^^^^^^^^^^^^^^^^
  File "/Users/psw/Projects/decision-chat-bot/backend/.venv/lib/python3.14/site-packages/redis/asyncio/client.py", line 984, in parse_response
    response = await self._execute(
               ^^^^^^^^^^^^^^^^^^^^
    ...<5 lines>...
    )
    ^
  File "/Users/psw/Projects/decision-chat-bot/backend/.venv/lib/python3.14/site-packages/redis/asyncio/client.py", line 964, in _execute
    return await conn.retry.call_with_retry(
           ^^^^^^^^^^^^^^^^^^^^^^^^^^^^^^^^^
    ...<2 lines>...
    )
    ^
  File "/Users/psw/Projects/decision-chat-bot/backend/.venv/lib/python3.14/site-packages/redis/asyncio/retry.py", line 55, in call_with_retry
    raise error
  File "/Users/psw/Projects/decision-chat-bot/backend/.venv/lib/python3.14/site-packages/redis/asyncio/retry.py", line 50, in call_with_retry
    return await do()
           ^^^^^^^^^^
  File "/Users/psw/Projects/decision-chat-bot/backend/.venv/lib/python3.14/site-packages/redis/asyncio/connection.py", line 609, in read_response
    raise TimeoutError(f"Timeout reading from {host_error}")
redis.exceptions.TimeoutError: Timeout reading from 127.0.0.1:16391
INFO:     127.0.0.1:59942 - "GET /api/requests/req_f7ce2a90cbaf4292ab72e7ddb7872d77/judgment HTTP/1.1" 404 Not Found
INFO:     127.0.0.1:59943 - "GET /api/requests/req_f7ce2a90cbaf4292ab72e7ddb7872d77/runs HTTP/1.1" 200 OK
INFO:     127.0.0.1:59941 - "GET /api/requests/req_f7ce2a90cbaf4292ab72e7ddb7872d77 HTTP/1.1" 200 OK
Received notification from DBMS server: <GqlStatusObject gql_status='01G11', status_description='warn: null value eliminated in set function', position=None, raw_classification='UNRECOGNIZED', classification=<NotificationClassification.UNRECOGNIZED: 'UNRECOGNIZED'>, raw_severity='WARNING', severity=<NotificationSeverity.WARNING: 'WARNING'>, diagnostic_record={'_classification': 'UNRECOGNIZED', '_severity': 'WARNING', 'OPERATION': '', 'OPERATION_CODE': '0', 'CURRENT_SCHEMA': '/'}> for query: 'MATCH (q:Request {tenant_id:$tenant,id:$request}) MATCH (r:Run {tenant_id:$tenant,request_id:$request}) WHERE r.id=coalesce($run,q.active_run_id) OPTIONAL MATCH (r)-[:HAS_STEP]->(s:RunStep {tenant_id:$tenant}) RETURN q.status AS request_status,q.first_received_at AS received, r AS run,collect(s) AS steps'
INFO:     127.0.0.1:59951 - "GET /api/requests/req_f7ce2a90cbaf4292ab72e7ddb7872d77/progress HTTP/1.1" 200 OK
Received notification from DBMS server: <GqlStatusObject gql_status='01G11', status_description='warn: null value eliminated in set function', position=None, raw_classification='UNRECOGNIZED', classification=<NotificationClassification.UNRECOGNIZED: 'UNRECOGNIZED'>, raw_severity='WARNING', severity=<NotificationSeverity.WARNING: 'WARNING'>, diagnostic_record={'_classification': 'UNRECOGNIZED', '_severity': 'WARNING', 'OPERATION': '', 'OPERATION_CODE': '0', 'CURRENT_SCHEMA': '/'}> for query: 'MATCH (o:ModelOutput {tenant_id:$tenant_id,run_id:$run_id})-[:OF_JUDGMENT]->(j:Judgment {tenant_id:$tenant_id,id:$judgment_id}) OPTIONAL MATCH (o)-[c:CITES]->(e:EvidenceSpan {tenant_id:$tenant_id}) RETURN o,collect(CASE WHEN e IS NULL THEN null ELSE {id:e.id,attachment_id:e.attachment_id,location_json:e.location_json,char_start:e.char_start,char_end:e.char_end,prob:c.prob,source:e.source,source_text:e.source_text} END) AS citations'
INFO:     127.0.0.1:59950 - "GET /api/requests/req_f7ce2a90cbaf4292ab72e7ddb7872d77/judgment?run_id=run_72cc36932acd46e88620b1a32e44902c HTTP/1.1" 200 OK
Redis subscriber disconnected for tenant t-audit-e2e-1005
Traceback (most recent call last):
  File "/Users/psw/Projects/decision-chat-bot/backend/.venv/lib/python3.14/site-packages/redis/asyncio/connection.py", line 591, in read_response
    response = await self._parser.read_response(
               ^^^^^^^^^^^^^^^^^^^^^^^^^^^^^^^^^
        disable_decoding=disable_decoding
        ^^^^^^^^^^^^^^^^^^^^^^^^^^^^^^^^^
    )
    ^
  File "/Users/psw/Projects/decision-chat-bot/backend/.venv/lib/python3.14/site-packages/redis/_parsers/resp2.py", line 82, in read_response
    response = await self._read_response(disable_decoding=disable_decoding)
               ^^^^^^^^^^^^^^^^^^^^^^^^^^^^^^^^^^^^^^^^^^^^^^^^^^^^^^^^^^^^
  File "/Users/psw/Projects/decision-chat-bot/backend/.venv/lib/python3.14/site-packages/redis/_parsers/resp2.py", line 90, in _read_response
    raw = await self._readline()
          ^^^^^^^^^^^^^^^^^^^^^^
  File "/Users/psw/Projects/decision-chat-bot/backend/.venv/lib/python3.14/site-packages/redis/_parsers/base.py", line 283, in _readline
    data = await self._stream.readline()
           ^^^^^^^^^^^^^^^^^^^^^^^^^^^^^
  File "/Library/Frameworks/Python.framework/Versions/3.14/lib/python3.14/asyncio/streams.py", line 562, in readline
    line = await self.readuntil(sep)
           ^^^^^^^^^^^^^^^^^^^^^^^^^
  File "/Library/Frameworks/Python.framework/Versions/3.14/lib/python3.14/asyncio/streams.py", line 677, in readuntil
    await self._wait_for_data('readuntil')
  File "/Library/Frameworks/Python.framework/Versions/3.14/lib/python3.14/asyncio/streams.py", line 539, in _wait_for_data
    await self._waiter
asyncio.exceptions.CancelledError

The above exception was the direct cause of the following exception:

Traceback (most recent call last):
  File "/Users/psw/Projects/decision-chat-bot/backend/.venv/lib/python3.14/site-packages/redis/asyncio/connection.py", line 590, in read_response
    async with async_timeout(read_timeout):
               ~~~~~~~~~~~~~^^^^^^^^^^^^^^
  File "/Library/Frameworks/Python.framework/Versions/3.14/lib/python3.14/asyncio/timeouts.py", line 115, in __aexit__
    raise TimeoutError from exc_val
TimeoutError

During handling of the above exception, another exception occurred:

Traceback (most recent call last):
  File "/Users/psw/Projects/decision-chat-bot/backend/jevtriage/realtime/subscriber.py", line 34, in _listen
    async for message in pubsub.listen():
        if message["type"] == "message":
            self._wake.set()
  File "/Users/psw/Projects/decision-chat-bot/backend/.venv/lib/python3.14/site-packages/redis/asyncio/client.py", line 1097, in listen
    response = await self.handle_message(await self.parse_response(block=True))
                                         ^^^^^^^^^^^^^^^^^^^^^^^^^^^^^^^^^^^^^
  File "/Users/psw/Projects/decision-chat-bot/backend/.venv/lib/python3.14/site-packages/redis/asyncio/client.py", line 984, in parse_response
    response = await self._execute(
               ^^^^^^^^^^^^^^^^^^^^
    ...<5 lines>...
    )
    ^
  File "/Users/psw/Projects/decision-chat-bot/backend/.venv/lib/python3.14/site-packages/redis/asyncio/client.py", line 964, in _execute
    return await conn.retry.call_with_retry(
           ^^^^^^^^^^^^^^^^^^^^^^^^^^^^^^^^^
    ...<2 lines>...
    )
    ^
  File "/Users/psw/Projects/decision-chat-bot/backend/.venv/lib/python3.14/site-packages/redis/asyncio/retry.py", line 55, in call_with_retry
    raise error
  File "/Users/psw/Projects/decision-chat-bot/backend/.venv/lib/python3.14/site-packages/redis/asyncio/retry.py", line 50, in call_with_retry
    return await do()
           ^^^^^^^^^^
  File "/Users/psw/Projects/decision-chat-bot/backend/.venv/lib/python3.14/site-packages/redis/asyncio/connection.py", line 609, in read_response
    raise TimeoutError(f"Timeout reading from {host_error}")
redis.exceptions.TimeoutError: Timeout reading from 127.0.0.1:16391
Redis subscriber disconnected for tenant t-audit-e2e-1005
Traceback (most recent call last):
  File "/Users/psw/Projects/decision-chat-bot/backend/.venv/lib/python3.14/site-packages/redis/asyncio/connection.py", line 591, in read_response
    response = await self._parser.read_response(
               ^^^^^^^^^^^^^^^^^^^^^^^^^^^^^^^^^
        disable_decoding=disable_decoding
        ^^^^^^^^^^^^^^^^^^^^^^^^^^^^^^^^^
    )
    ^
  File "/Users/psw/Projects/decision-chat-bot/backend/.venv/lib/python3.14/site-packages/redis/_parsers/resp2.py", line 82, in read_response
    response = await self._read_response(disable_decoding=disable_decoding)
               ^^^^^^^^^^^^^^^^^^^^^^^^^^^^^^^^^^^^^^^^^^^^^^^^^^^^^^^^^^^^
  File "/Users/psw/Projects/decision-chat-bot/backend/.venv/lib/python3.14/site-packages/redis/_parsers/resp2.py", line 90, in _read_response
    raw = await self._readline()
          ^^^^^^^^^^^^^^^^^^^^^^
  File "/Users/psw/Projects/decision-chat-bot/backend/.venv/lib/python3.14/site-packages/redis/_parsers/base.py", line 283, in _readline
    data = await self._stream.readline()
           ^^^^^^^^^^^^^^^^^^^^^^^^^^^^^
  File "/Library/Frameworks/Python.framework/Versions/3.14/lib/python3.14/asyncio/streams.py", line 562, in readline
    line = await self.readuntil(sep)
           ^^^^^^^^^^^^^^^^^^^^^^^^^
  File "/Library/Frameworks/Python.framework/Versions/3.14/lib/python3.14/asyncio/streams.py", line 677, in readuntil
    await self._wait_for_data('readuntil')
  File "/Library/Frameworks/Python.framework/Versions/3.14/lib/python3.14/asyncio/streams.py", line 539, in _wait_for_data
    await self._waiter
asyncio.exceptions.CancelledError

The above exception was the direct cause of the following exception:

Traceback (most recent call last):
  File "/Users/psw/Projects/decision-chat-bot/backend/.venv/lib/python3.14/site-packages/redis/asyncio/connection.py", line 590, in read_response
    async with async_timeout(read_timeout):
               ~~~~~~~~~~~~~^^^^^^^^^^^^^^
  File "/Library/Frameworks/Python.framework/Versions/3.14/lib/python3.14/asyncio/timeouts.py", line 115, in __aexit__
    raise TimeoutError from exc_val
TimeoutError

During handling of the above exception, another exception occurred:

Traceback (most recent call last):
  File "/Users/psw/Projects/decision-chat-bot/backend/jevtriage/realtime/subscriber.py", line 34, in _listen
    async for message in pubsub.listen():
        if message["type"] == "message":
            self._wake.set()
  File "/Users/psw/Projects/decision-chat-bot/backend/.venv/lib/python3.14/site-packages/redis/asyncio/client.py", line 1097, in listen
    response = await self.handle_message(await self.parse_response(block=True))
                                         ^^^^^^^^^^^^^^^^^^^^^^^^^^^^^^^^^^^^^
  File "/Users/psw/Projects/decision-chat-bot/backend/.venv/lib/python3.14/site-packages/redis/asyncio/client.py", line 984, in parse_response
    response = await self._execute(
               ^^^^^^^^^^^^^^^^^^^^
    ...<5 lines>...
    )
    ^
  File "/Users/psw/Projects/decision-chat-bot/backend/.venv/lib/python3.14/site-packages/redis/asyncio/client.py", line 964, in _execute
    return await conn.retry.call_with_retry(
           ^^^^^^^^^^^^^^^^^^^^^^^^^^^^^^^^^
    ...<2 lines>...
    )
    ^
  File "/Users/psw/Projects/decision-chat-bot/backend/.venv/lib/python3.14/site-packages/redis/asyncio/retry.py", line 55, in call_with_retry
    raise error
  File "/Users/psw/Projects/decision-chat-bot/backend/.venv/lib/python3.14/site-packages/redis/asyncio/retry.py", line 50, in call_with_retry
    return await do()
           ^^^^^^^^^^
  File "/Users/psw/Projects/decision-chat-bot/backend/.venv/lib/python3.14/site-packages/redis/asyncio/connection.py", line 609, in read_response
    raise TimeoutError(f"Timeout reading from {host_error}")
redis.exceptions.TimeoutError: Timeout reading from 127.0.0.1:16391
Redis subscriber disconnected for tenant t-audit-e2e-1005
Traceback (most recent call last):
  File "/Users/psw/Projects/decision-chat-bot/backend/.venv/lib/python3.14/site-packages/redis/asyncio/connection.py", line 591, in read_response
    response = await self._parser.read_response(
               ^^^^^^^^^^^^^^^^^^^^^^^^^^^^^^^^^
        disable_decoding=disable_decoding
        ^^^^^^^^^^^^^^^^^^^^^^^^^^^^^^^^^
    )
    ^
  File "/Users/psw/Projects/decision-chat-bot/backend/.venv/lib/python3.14/site-packages/redis/_parsers/resp2.py", line 82, in read_response
    response = await self._read_response(disable_decoding=disable_decoding)
               ^^^^^^^^^^^^^^^^^^^^^^^^^^^^^^^^^^^^^^^^^^^^^^^^^^^^^^^^^^^^
  File "/Users/psw/Projects/decision-chat-bot/backend/.venv/lib/python3.14/site-packages/redis/_parsers/resp2.py", line 90, in _read_response
    raw = await self._readline()
          ^^^^^^^^^^^^^^^^^^^^^^
  File "/Users/psw/Projects/decision-chat-bot/backend/.venv/lib/python3.14/site-packages/redis/_parsers/base.py", line 283, in _readline
    data = await self._stream.readline()
           ^^^^^^^^^^^^^^^^^^^^^^^^^^^^^
  File "/Library/Frameworks/Python.framework/Versions/3.14/lib/python3.14/asyncio/streams.py", line 562, in readline
    line = await self.readuntil(sep)
           ^^^^^^^^^^^^^^^^^^^^^^^^^
  File "/Library/Frameworks/Python.framework/Versions/3.14/lib/python3.14/asyncio/streams.py", line 677, in readuntil
    await self._wait_for_data('readuntil')
  File "/Library/Frameworks/Python.framework/Versions/3.14/lib/python3.14/asyncio/streams.py", line 539, in _wait_for_data
    await self._waiter
asyncio.exceptions.CancelledError

The above exception was the direct cause of the following exception:

Traceback (most recent call last):
  File "/Users/psw/Projects/decision-chat-bot/backend/.venv/lib/python3.14/site-packages/redis/asyncio/connection.py", line 590, in read_response
    async with async_timeout(read_timeout):
               ~~~~~~~~~~~~~^^^^^^^^^^^^^^
  File "/Library/Frameworks/Python.framework/Versions/3.14/lib/python3.14/asyncio/timeouts.py", line 115, in __aexit__
    raise TimeoutError from exc_val
TimeoutError

During handling of the above exception, another exception occurred:

Traceback (most recent call last):
  File "/Users/psw/Projects/decision-chat-bot/backend/jevtriage/realtime/subscriber.py", line 34, in _listen
    async for message in pubsub.listen():
        if message["type"] == "message":
            self._wake.set()
  File "/Users/psw/Projects/decision-chat-bot/backend/.venv/lib/python3.14/site-packages/redis/asyncio/client.py", line 1097, in listen
    response = await self.handle_message(await self.parse_response(block=True))
                                         ^^^^^^^^^^^^^^^^^^^^^^^^^^^^^^^^^^^^^
  File "/Users/psw/Projects/decision-chat-bot/backend/.venv/lib/python3.14/site-packages/redis/asyncio/client.py", line 984, in parse_response
    response = await self._execute(
               ^^^^^^^^^^^^^^^^^^^^
    ...<5 lines>...
    )
    ^
  File "/Users/psw/Projects/decision-chat-bot/backend/.venv/lib/python3.14/site-packages/redis/asyncio/client.py", line 964, in _execute
    return await conn.retry.call_with_retry(
           ^^^^^^^^^^^^^^^^^^^^^^^^^^^^^^^^^
    ...<2 lines>...
    )
    ^
  File "/Users/psw/Projects/decision-chat-bot/backend/.venv/lib/python3.14/site-packages/redis/asyncio/retry.py", line 55, in call_with_retry
    raise error
  File "/Users/psw/Projects/decision-chat-bot/backend/.venv/lib/python3.14/site-packages/redis/asyncio/retry.py", line 50, in call_with_retry
    return await do()
           ^^^^^^^^^^
  File "/Users/psw/Projects/decision-chat-bot/backend/.venv/lib/python3.14/site-packages/redis/asyncio/connection.py", line 609, in read_response
    raise TimeoutError(f"Timeout reading from {host_error}")
redis.exceptions.TimeoutError: Timeout reading from 127.0.0.1:16391
Redis subscriber disconnected for tenant t-audit-e2e-1005
Traceback (most recent call last):
  File "/Users/psw/Projects/decision-chat-bot/backend/.venv/lib/python3.14/site-packages/redis/asyncio/connection.py", line 591, in read_response
    response = await self._parser.read_response(
               ^^^^^^^^^^^^^^^^^^^^^^^^^^^^^^^^^
        disable_decoding=disable_decoding
        ^^^^^^^^^^^^^^^^^^^^^^^^^^^^^^^^^
    )
    ^
  File "/Users/psw/Projects/decision-chat-bot/backend/.venv/lib/python3.14/site-packages/redis/_parsers/resp2.py", line 82, in read_response
    response = await self._read_response(disable_decoding=disable_decoding)
               ^^^^^^^^^^^^^^^^^^^^^^^^^^^^^^^^^^^^^^^^^^^^^^^^^^^^^^^^^^^^
  File "/Users/psw/Projects/decision-chat-bot/backend/.venv/lib/python3.14/site-packages/redis/_parsers/resp2.py", line 90, in _read_response
    raw = await self._readline()
          ^^^^^^^^^^^^^^^^^^^^^^
  File "/Users/psw/Projects/decision-chat-bot/backend/.venv/lib/python3.14/site-packages/redis/_parsers/base.py", line 283, in _readline
    data = await self._stream.readline()
           ^^^^^^^^^^^^^^^^^^^^^^^^^^^^^
  File "/Library/Frameworks/Python.framework/Versions/3.14/lib/python3.14/asyncio/streams.py", line 562, in readline
    line = await self.readuntil(sep)
           ^^^^^^^^^^^^^^^^^^^^^^^^^
  File "/Library/Frameworks/Python.framework/Versions/3.14/lib/python3.14/asyncio/streams.py", line 677, in readuntil
    await self._wait_for_data('readuntil')
  File "/Library/Frameworks/Python.framework/Versions/3.14/lib/python3.14/asyncio/streams.py", line 539, in _wait_for_data
    await self._waiter
asyncio.exceptions.CancelledError

The above exception was the direct cause of the following exception:

Traceback (most recent call last):
  File "/Users/psw/Projects/decision-chat-bot/backend/.venv/lib/python3.14/site-packages/redis/asyncio/connection.py", line 590, in read_response
    async with async_timeout(read_timeout):
               ~~~~~~~~~~~~~^^^^^^^^^^^^^^
  File "/Library/Frameworks/Python.framework/Versions/3.14/lib/python3.14/asyncio/timeouts.py", line 115, in __aexit__
    raise TimeoutError from exc_val
TimeoutError

During handling of the above exception, another exception occurred:

Traceback (most recent call last):
  File "/Users/psw/Projects/decision-chat-bot/backend/jevtriage/realtime/subscriber.py", line 34, in _listen
    async for message in pubsub.listen():
        if message["type"] == "message":
            self._wake.set()
  File "/Users/psw/Projects/decision-chat-bot/backend/.venv/lib/python3.14/site-packages/redis/asyncio/client.py", line 1097, in listen
    response = await self.handle_message(await self.parse_response(block=True))
                                         ^^^^^^^^^^^^^^^^^^^^^^^^^^^^^^^^^^^^^
  File "/Users/psw/Projects/decision-chat-bot/backend/.venv/lib/python3.14/site-packages/redis/asyncio/client.py", line 984, in parse_response
    response = await self._execute(
               ^^^^^^^^^^^^^^^^^^^^
    ...<5 lines>...
    )
    ^
  File "/Users/psw/Projects/decision-chat-bot/backend/.venv/lib/python3.14/site-packages/redis/asyncio/client.py", line 964, in _execute
    return await conn.retry.call_with_retry(
           ^^^^^^^^^^^^^^^^^^^^^^^^^^^^^^^^^
    ...<2 lines>...
    )
    ^
  File "/Users/psw/Projects/decision-chat-bot/backend/.venv/lib/python3.14/site-packages/redis/asyncio/retry.py", line 55, in call_with_retry
    raise error
  File "/Users/psw/Projects/decision-chat-bot/backend/.venv/lib/python3.14/site-packages/redis/asyncio/retry.py", line 50, in call_with_retry
    return await do()
           ^^^^^^^^^^
  File "/Users/psw/Projects/decision-chat-bot/backend/.venv/lib/python3.14/site-packages/redis/asyncio/connection.py", line 609, in read_response
    raise TimeoutError(f"Timeout reading from {host_error}")
redis.exceptions.TimeoutError: Timeout reading from 127.0.0.1:16391
Redis subscriber disconnected for tenant t-audit-e2e-1005
Traceback (most recent call last):
  File "/Users/psw/Projects/decision-chat-bot/backend/.venv/lib/python3.14/site-packages/redis/asyncio/connection.py", line 591, in read_response
    response = await self._parser.read_response(
               ^^^^^^^^^^^^^^^^^^^^^^^^^^^^^^^^^
        disable_decoding=disable_decoding
        ^^^^^^^^^^^^^^^^^^^^^^^^^^^^^^^^^
    )
    ^
  File "/Users/psw/Projects/decision-chat-bot/backend/.venv/lib/python3.14/site-packages/redis/_parsers/resp2.py", line 82, in read_response
    response = await self._read_response(disable_decoding=disable_decoding)
               ^^^^^^^^^^^^^^^^^^^^^^^^^^^^^^^^^^^^^^^^^^^^^^^^^^^^^^^^^^^^
  File "/Users/psw/Projects/decision-chat-bot/backend/.venv/lib/python3.14/site-packages/redis/_parsers/resp2.py", line 90, in _read_response
    raw = await self._readline()
          ^^^^^^^^^^^^^^^^^^^^^^
  File "/Users/psw/Projects/decision-chat-bot/backend/.venv/lib/python3.14/site-packages/redis/_parsers/base.py", line 283, in _readline
    data = await self._stream.readline()
           ^^^^^^^^^^^^^^^^^^^^^^^^^^^^^
  File "/Library/Frameworks/Python.framework/Versions/3.14/lib/python3.14/asyncio/streams.py", line 562, in readline
    line = await self.readuntil(sep)
           ^^^^^^^^^^^^^^^^^^^^^^^^^
  File "/Library/Frameworks/Python.framework/Versions/3.14/lib/python3.14/asyncio/streams.py", line 677, in readuntil
    await self._wait_for_data('readuntil')
  File "/Library/Frameworks/Python.framework/Versions/3.14/lib/python3.14/asyncio/streams.py", line 539, in _wait_for_data
    await self._waiter
asyncio.exceptions.CancelledError

The above exception was the direct cause of the following exception:

Traceback (most recent call last):
  File "/Users/psw/Projects/decision-chat-bot/backend/.venv/lib/python3.14/site-packages/redis/asyncio/connection.py", line 590, in read_response
    async with async_timeout(read_timeout):
               ~~~~~~~~~~~~~^^^^^^^^^^^^^^
  File "/Library/Frameworks/Python.framework/Versions/3.14/lib/python3.14/asyncio/timeouts.py", line 115, in __aexit__
    raise TimeoutError from exc_val
TimeoutError

During handling of the above exception, another exception occurred:

Traceback (most recent call last):
  File "/Users/psw/Projects/decision-chat-bot/backend/jevtriage/realtime/subscriber.py", line 34, in _listen
    async for message in pubsub.listen():
        if message["type"] == "message":
            self._wake.set()
  File "/Users/psw/Projects/decision-chat-bot/backend/.venv/lib/python3.14/site-packages/redis/asyncio/client.py", line 1097, in listen
    response = await self.handle_message(await self.parse_response(block=True))
                                         ^^^^^^^^^^^^^^^^^^^^^^^^^^^^^^^^^^^^^
  File "/Users/psw/Projects/decision-chat-bot/backend/.venv/lib/python3.14/site-packages/redis/asyncio/client.py", line 984, in parse_response
    response = await self._execute(
               ^^^^^^^^^^^^^^^^^^^^
    ...<5 lines>...
    )
    ^
  File "/Users/psw/Projects/decision-chat-bot/backend/.venv/lib/python3.14/site-packages/redis/asyncio/client.py", line 964, in _execute
    return await conn.retry.call_with_retry(
           ^^^^^^^^^^^^^^^^^^^^^^^^^^^^^^^^^
    ...<2 lines>...
    )
    ^
  File "/Users/psw/Projects/decision-chat-bot/backend/.venv/lib/python3.14/site-packages/redis/asyncio/retry.py", line 55, in call_with_retry
    raise error
  File "/Users/psw/Projects/decision-chat-bot/backend/.venv/lib/python3.14/site-packages/redis/asyncio/retry.py", line 50, in call_with_retry
    return await do()
           ^^^^^^^^^^
  File "/Users/psw/Projects/decision-chat-bot/backend/.venv/lib/python3.14/site-packages/redis/asyncio/connection.py", line 609, in read_response
    raise TimeoutError(f"Timeout reading from {host_error}")
redis.exceptions.TimeoutError: Timeout reading from 127.0.0.1:16391
INFO:     127.0.0.1:60027 - "GET /api/requests/req_f7ce2a90cbaf4292ab72e7ddb7872d77/judgment HTTP/1.1" 404 Not Found
INFO:     127.0.0.1:60026 - "GET /api/requests/req_f7ce2a90cbaf4292ab72e7ddb7872d77 HTTP/1.1" 200 OK
INFO:     127.0.0.1:60028 - "GET /api/requests/req_f7ce2a90cbaf4292ab72e7ddb7872d77/runs HTTP/1.1" 200 OK
Received notification from DBMS server: <GqlStatusObject gql_status='01G11', status_description='warn: null value eliminated in set function', position=None, raw_classification='UNRECOGNIZED', classification=<NotificationClassification.UNRECOGNIZED: 'UNRECOGNIZED'>, raw_severity='WARNING', severity=<NotificationSeverity.WARNING: 'WARNING'>, diagnostic_record={'_classification': 'UNRECOGNIZED', '_severity': 'WARNING', 'OPERATION': '', 'OPERATION_CODE': '0', 'CURRENT_SCHEMA': '/'}> for query: 'MATCH (q:Request {tenant_id:$tenant,id:$request}) MATCH (r:Run {tenant_id:$tenant,request_id:$request}) WHERE r.id=coalesce($run,q.active_run_id) OPTIONAL MATCH (r)-[:HAS_STEP]->(s:RunStep {tenant_id:$tenant}) RETURN q.status AS request_status,q.first_received_at AS received, r AS run,collect(s) AS steps'
INFO:     127.0.0.1:60038 - "GET /api/requests/req_f7ce2a90cbaf4292ab72e7ddb7872d77/progress HTTP/1.1" 200 OK
Received notification from DBMS server: <GqlStatusObject gql_status='01G11', status_description='warn: null value eliminated in set function', position=None, raw_classification='UNRECOGNIZED', classification=<NotificationClassification.UNRECOGNIZED: 'UNRECOGNIZED'>, raw_severity='WARNING', severity=<NotificationSeverity.WARNING: 'WARNING'>, diagnostic_record={'_classification': 'UNRECOGNIZED', '_severity': 'WARNING', 'OPERATION': '', 'OPERATION_CODE': '0', 'CURRENT_SCHEMA': '/'}> for query: 'MATCH (o:ModelOutput {tenant_id:$tenant_id,run_id:$run_id})-[:OF_JUDGMENT]->(j:Judgment {tenant_id:$tenant_id,id:$judgment_id}) OPTIONAL MATCH (o)-[c:CITES]->(e:EvidenceSpan {tenant_id:$tenant_id}) RETURN o,collect(CASE WHEN e IS NULL THEN null ELSE {id:e.id,attachment_id:e.attachment_id,location_json:e.location_json,char_start:e.char_start,char_end:e.char_end,prob:c.prob,source:e.source,source_text:e.source_text} END) AS citations'
INFO:     127.0.0.1:60037 - "GET /api/requests/req_f7ce2a90cbaf4292ab72e7ddb7872d77/judgment?run_id=run_72cc36932acd46e88620b1a32e44902c HTTP/1.1" 200 OK
Redis subscriber disconnected for tenant t-audit-e2e-1005
Traceback (most recent call last):
  File "/Users/psw/Projects/decision-chat-bot/backend/.venv/lib/python3.14/site-packages/redis/asyncio/connection.py", line 591, in read_response
    response = await self._parser.read_response(
               ^^^^^^^^^^^^^^^^^^^^^^^^^^^^^^^^^
        disable_decoding=disable_decoding
        ^^^^^^^^^^^^^^^^^^^^^^^^^^^^^^^^^
    )
    ^
  File "/Users/psw/Projects/decision-chat-bot/backend/.venv/lib/python3.14/site-packages/redis/_parsers/resp2.py", line 82, in read_response
    response = await self._read_response(disable_decoding=disable_decoding)
               ^^^^^^^^^^^^^^^^^^^^^^^^^^^^^^^^^^^^^^^^^^^^^^^^^^^^^^^^^^^^
  File "/Users/psw/Projects/decision-chat-bot/backend/.venv/lib/python3.14/site-packages/redis/_parsers/resp2.py", line 90, in _read_response
    raw = await self._readline()
          ^^^^^^^^^^^^^^^^^^^^^^
  File "/Users/psw/Projects/decision-chat-bot/backend/.venv/lib/python3.14/site-packages/redis/_parsers/base.py", line 283, in _readline
    data = await self._stream.readline()
           ^^^^^^^^^^^^^^^^^^^^^^^^^^^^^
  File "/Library/Frameworks/Python.framework/Versions/3.14/lib/python3.14/asyncio/streams.py", line 562, in readline
    line = await self.readuntil(sep)
           ^^^^^^^^^^^^^^^^^^^^^^^^^
  File "/Library/Frameworks/Python.framework/Versions/3.14/lib/python3.14/asyncio/streams.py", line 677, in readuntil
    await self._wait_for_data('readuntil')
  File "/Library/Frameworks/Python.framework/Versions/3.14/lib/python3.14/asyncio/streams.py", line 539, in _wait_for_data
    await self._waiter
asyncio.exceptions.CancelledError

The above exception was the direct cause of the following exception:

Traceback (most recent call last):
  File "/Users/psw/Projects/decision-chat-bot/backend/.venv/lib/python3.14/site-packages/redis/asyncio/connection.py", line 590, in read_response
    async with async_timeout(read_timeout):
               ~~~~~~~~~~~~~^^^^^^^^^^^^^^
  File "/Library/Frameworks/Python.framework/Versions/3.14/lib/python3.14/asyncio/timeouts.py", line 115, in __aexit__
    raise TimeoutError from exc_val
TimeoutError

During handling of the above exception, another exception occurred:

Traceback (most recent call last):
  File "/Users/psw/Projects/decision-chat-bot/backend/jevtriage/realtime/subscriber.py", line 34, in _listen
    async for message in pubsub.listen():
        if message["type"] == "message":
            self._wake.set()
  File "/Users/psw/Projects/decision-chat-bot/backend/.venv/lib/python3.14/site-packages/redis/asyncio/client.py", line 1097, in listen
    response = await self.handle_message(await self.parse_response(block=True))
                                         ^^^^^^^^^^^^^^^^^^^^^^^^^^^^^^^^^^^^^
  File "/Users/psw/Projects/decision-chat-bot/backend/.venv/lib/python3.14/site-packages/redis/asyncio/client.py", line 984, in parse_response
    response = await self._execute(
               ^^^^^^^^^^^^^^^^^^^^
    ...<5 lines>...
    )
    ^
  File "/Users/psw/Projects/decision-chat-bot/backend/.venv/lib/python3.14/site-packages/redis/asyncio/client.py", line 964, in _execute
    return await conn.retry.call_with_retry(
           ^^^^^^^^^^^^^^^^^^^^^^^^^^^^^^^^^
    ...<2 lines>...
    )
    ^
  File "/Users/psw/Projects/decision-chat-bot/backend/.venv/lib/python3.14/site-packages/redis/asyncio/retry.py", line 55, in call_with_retry
    raise error
  File "/Users/psw/Projects/decision-chat-bot/backend/.venv/lib/python3.14/site-packages/redis/asyncio/retry.py", line 50, in call_with_retry
    return await do()
           ^^^^^^^^^^
  File "/Users/psw/Projects/decision-chat-bot/backend/.venv/lib/python3.14/site-packages/redis/asyncio/connection.py", line 609, in read_response
    raise TimeoutError(f"Timeout reading from {host_error}")
redis.exceptions.TimeoutError: Timeout reading from 127.0.0.1:16391
Redis subscriber disconnected for tenant t-audit-e2e-1005
Traceback (most recent call last):
  File "/Users/psw/Projects/decision-chat-bot/backend/.venv/lib/python3.14/site-packages/redis/asyncio/connection.py", line 591, in read_response
    response = await self._parser.read_response(
               ^^^^^^^^^^^^^^^^^^^^^^^^^^^^^^^^^
        disable_decoding=disable_decoding
        ^^^^^^^^^^^^^^^^^^^^^^^^^^^^^^^^^
    )
    ^
  File "/Users/psw/Projects/decision-chat-bot/backend/.venv/lib/python3.14/site-packages/redis/_parsers/resp2.py", line 82, in read_response
    response = await self._read_response(disable_decoding=disable_decoding)
               ^^^^^^^^^^^^^^^^^^^^^^^^^^^^^^^^^^^^^^^^^^^^^^^^^^^^^^^^^^^^
  File "/Users/psw/Projects/decision-chat-bot/backend/.venv/lib/python3.14/site-packages/redis/_parsers/resp2.py", line 90, in _read_response
    raw = await self._readline()
          ^^^^^^^^^^^^^^^^^^^^^^
  File "/Users/psw/Projects/decision-chat-bot/backend/.venv/lib/python3.14/site-packages/redis/_parsers/base.py", line 283, in _readline
    data = await self._stream.readline()
           ^^^^^^^^^^^^^^^^^^^^^^^^^^^^^
  File "/Library/Frameworks/Python.framework/Versions/3.14/lib/python3.14/asyncio/streams.py", line 562, in readline
    line = await self.readuntil(sep)
           ^^^^^^^^^^^^^^^^^^^^^^^^^
  File "/Library/Frameworks/Python.framework/Versions/3.14/lib/python3.14/asyncio/streams.py", line 677, in readuntil
    await self._wait_for_data('readuntil')
  File "/Library/Frameworks/Python.framework/Versions/3.14/lib/python3.14/asyncio/streams.py", line 539, in _wait_for_data
    await self._waiter
asyncio.exceptions.CancelledError

The above exception was the direct cause of the following exception:

Traceback (most recent call last):
  File "/Users/psw/Projects/decision-chat-bot/backend/.venv/lib/python3.14/site-packages/redis/asyncio/connection.py", line 590, in read_response
    async with async_timeout(read_timeout):
               ~~~~~~~~~~~~~^^^^^^^^^^^^^^
  File "/Library/Frameworks/Python.framework/Versions/3.14/lib/python3.14/asyncio/timeouts.py", line 115, in __aexit__
    raise TimeoutError from exc_val
TimeoutError

During handling of the above exception, another exception occurred:

Traceback (most recent call last):
  File "/Users/psw/Projects/decision-chat-bot/backend/jevtriage/realtime/subscriber.py", line 34, in _listen
    async for message in pubsub.listen():
        if message["type"] == "message":
            self._wake.set()
  File "/Users/psw/Projects/decision-chat-bot/backend/.venv/lib/python3.14/site-packages/redis/asyncio/client.py", line 1097, in listen
    response = await self.handle_message(await self.parse_response(block=True))
                                         ^^^^^^^^^^^^^^^^^^^^^^^^^^^^^^^^^^^^^
  File "/Users/psw/Projects/decision-chat-bot/backend/.venv/lib/python3.14/site-packages/redis/asyncio/client.py", line 984, in parse_response
    response = await self._execute(
               ^^^^^^^^^^^^^^^^^^^^
    ...<5 lines>...
    )
    ^
  File "/Users/psw/Projects/decision-chat-bot/backend/.venv/lib/python3.14/site-packages/redis/asyncio/client.py", line 964, in _execute
    return await conn.retry.call_with_retry(
           ^^^^^^^^^^^^^^^^^^^^^^^^^^^^^^^^^
    ...<2 lines>...
    )
    ^
  File "/Users/psw/Projects/decision-chat-bot/backend/.venv/lib/python3.14/site-packages/redis/asyncio/retry.py", line 55, in call_with_retry
    raise error
  File "/Users/psw/Projects/decision-chat-bot/backend/.venv/lib/python3.14/site-packages/redis/asyncio/retry.py", line 50, in call_with_retry
    return await do()
           ^^^^^^^^^^
  File "/Users/psw/Projects/decision-chat-bot/backend/.venv/lib/python3.14/site-packages/redis/asyncio/connection.py", line 609, in read_response
    raise TimeoutError(f"Timeout reading from {host_error}")
redis.exceptions.TimeoutError: Timeout reading from 127.0.0.1:16391
Redis subscriber disconnected for tenant t-audit-e2e-1005
Traceback (most recent call last):
  File "/Users/psw/Projects/decision-chat-bot/backend/.venv/lib/python3.14/site-packages/redis/asyncio/connection.py", line 591, in read_response
    response = await self._parser.read_response(
               ^^^^^^^^^^^^^^^^^^^^^^^^^^^^^^^^^
        disable_decoding=disable_decoding
        ^^^^^^^^^^^^^^^^^^^^^^^^^^^^^^^^^
    )
    ^
  File "/Users/psw/Projects/decision-chat-bot/backend/.venv/lib/python3.14/site-packages/redis/_parsers/resp2.py", line 82, in read_response
    response = await self._read_response(disable_decoding=disable_decoding)
               ^^^^^^^^^^^^^^^^^^^^^^^^^^^^^^^^^^^^^^^^^^^^^^^^^^^^^^^^^^^^
  File "/Users/psw/Projects/decision-chat-bot/backend/.venv/lib/python3.14/site-packages/redis/_parsers/resp2.py", line 90, in _read_response
    raw = await self._readline()
          ^^^^^^^^^^^^^^^^^^^^^^
  File "/Users/psw/Projects/decision-chat-bot/backend/.venv/lib/python3.14/site-packages/redis/_parsers/base.py", line 283, in _readline
    data = await self._stream.readline()
           ^^^^^^^^^^^^^^^^^^^^^^^^^^^^^
  File "/Library/Frameworks/Python.framework/Versions/3.14/lib/python3.14/asyncio/streams.py", line 562, in readline
    line = await self.readuntil(sep)
           ^^^^^^^^^^^^^^^^^^^^^^^^^
  File "/Library/Frameworks/Python.framework/Versions/3.14/lib/python3.14/asyncio/streams.py", line 677, in readuntil
    await self._wait_for_data('readuntil')
  File "/Library/Frameworks/Python.framework/Versions/3.14/lib/python3.14/asyncio/streams.py", line 539, in _wait_for_data
    await self._waiter
asyncio.exceptions.CancelledError

The above exception was the direct cause of the following exception:

Traceback (most recent call last):
  File "/Users/psw/Projects/decision-chat-bot/backend/.venv/lib/python3.14/site-packages/redis/asyncio/connection.py", line 590, in read_response
    async with async_timeout(read_timeout):
               ~~~~~~~~~~~~~^^^^^^^^^^^^^^
  File "/Library/Frameworks/Python.framework/Versions/3.14/lib/python3.14/asyncio/timeouts.py", line 115, in __aexit__
    raise TimeoutError from exc_val
TimeoutError

During handling of the above exception, another exception occurred:

Traceback (most recent call last):
  File "/Users/psw/Projects/decision-chat-bot/backend/jevtriage/realtime/subscriber.py", line 34, in _listen
    async for message in pubsub.listen():
        if message["type"] == "message":
            self._wake.set()
  File "/Users/psw/Projects/decision-chat-bot/backend/.venv/lib/python3.14/site-packages/redis/asyncio/client.py", line 1097, in listen
    response = await self.handle_message(await self.parse_response(block=True))
                                         ^^^^^^^^^^^^^^^^^^^^^^^^^^^^^^^^^^^^^
  File "/Users/psw/Projects/decision-chat-bot/backend/.venv/lib/python3.14/site-packages/redis/asyncio/client.py", line 984, in parse_response
    response = await self._execute(
               ^^^^^^^^^^^^^^^^^^^^
    ...<5 lines>...
    )
    ^
  File "/Users/psw/Projects/decision-chat-bot/backend/.venv/lib/python3.14/site-packages/redis/asyncio/client.py", line 964, in _execute
    return await conn.retry.call_with_retry(
           ^^^^^^^^^^^^^^^^^^^^^^^^^^^^^^^^^
    ...<2 lines>...
    )
    ^
  File "/Users/psw/Projects/decision-chat-bot/backend/.venv/lib/python3.14/site-packages/redis/asyncio/retry.py", line 55, in call_with_retry
    raise error
  File "/Users/psw/Projects/decision-chat-bot/backend/.venv/lib/python3.14/site-packages/redis/asyncio/retry.py", line 50, in call_with_retry
    return await do()
           ^^^^^^^^^^
  File "/Users/psw/Projects/decision-chat-bot/backend/.venv/lib/python3.14/site-packages/redis/asyncio/connection.py", line 609, in read_response
    raise TimeoutError(f"Timeout reading from {host_error}")
redis.exceptions.TimeoutError: Timeout reading from 127.0.0.1:16391
Received notification from DBMS server: <GqlStatusObject gql_status='01N52', status_description='warn: property key does not exist. The property `display_name` does not exist. Verify that the spelling is correct.', position=<SummaryInputPosition line=1, column=60, offset=59>, raw_classification='UNRECOGNIZED', classification=<NotificationClassification.UNRECOGNIZED: 'UNRECOGNIZED'>, raw_severity='WARNING', severity=<NotificationSeverity.WARNING: 'WARNING'>, diagnostic_record={'_classification': 'UNRECOGNIZED', '_severity': 'WARNING', '_position': {'offset': 59, 'line': 1, 'column': 60}, 'OPERATION': '', 'OPERATION_CODE': '0', 'CURRENT_SCHEMA': '/'}> for query: 'MATCH (u:User {id:$user_id,tenant_id:$tenant_id}) RETURN u.display_name AS display_name'
INFO:     127.0.0.1:60112 - "GET /api/auth/me HTTP/1.1" 200 OK
Received notification from DBMS server: <GqlStatusObject gql_status='01N52', status_description='warn: property key does not exist. The property `display_name` does not exist. Verify that the spelling is correct.', position=<SummaryInputPosition line=1, column=60, offset=59>, raw_classification='UNRECOGNIZED', classification=<NotificationClassification.UNRECOGNIZED: 'UNRECOGNIZED'>, raw_severity='WARNING', severity=<NotificationSeverity.WARNING: 'WARNING'>, diagnostic_record={'_classification': 'UNRECOGNIZED', '_severity': 'WARNING', '_position': {'offset': 59, 'line': 1, 'column': 60}, 'OPERATION': '', 'OPERATION_CODE': '0', 'CURRENT_SCHEMA': '/'}> for query: 'MATCH (u:User {id:$user_id,tenant_id:$tenant_id}) RETURN u.display_name AS display_name'
INFO:     127.0.0.1:60116 - "GET /api/learning/candidates HTTP/1.1" 403 Forbidden
INFO:     127.0.0.1:60113 - "GET /api/auth/me HTTP/1.1" 200 OK
INFO:     127.0.0.1:60117 - "GET /api/policy/active HTTP/1.1" 200 OK
INFO:     127.0.0.1:60122 - "GET /api/learning/candidates HTTP/1.1" 403 Forbidden
Received notification from DBMS server: <GqlStatusObject gql_status='01N52', status_description='warn: property key does not exist. The property `display_name` does not exist. Verify that the spelling is correct.', position=<SummaryInputPosition line=1, column=60, offset=59>, raw_classification='UNRECOGNIZED', classification=<NotificationClassification.UNRECOGNIZED: 'UNRECOGNIZED'>, raw_severity='WARNING', severity=<NotificationSeverity.WARNING: 'WARNING'>, diagnostic_record={'_classification': 'UNRECOGNIZED', '_severity': 'WARNING', '_position': {'offset': 59, 'line': 1, 'column': 60}, 'OPERATION': '', 'OPERATION_CODE': '0', 'CURRENT_SCHEMA': '/'}> for query: 'MATCH (u:User {id:$user_id,tenant_id:$tenant_id}) RETURN u.display_name AS display_name'
INFO:     127.0.0.1:60123 - "GET /api/auth/me HTTP/1.1" 200 OK
INFO:     127.0.0.1:60126 - "GET /api/policy/active HTTP/1.1" 200 OK
Received notification from DBMS server: <GqlStatusObject gql_status='01N52', status_description='warn: property key does not exist. The property `display_name` does not exist. Verify that the spelling is correct.', position=<SummaryInputPosition line=1, column=60, offset=59>, raw_classification='UNRECOGNIZED', classification=<NotificationClassification.UNRECOGNIZED: 'UNRECOGNIZED'>, raw_severity='WARNING', severity=<NotificationSeverity.WARNING: 'WARNING'>, diagnostic_record={'_classification': 'UNRECOGNIZED', '_severity': 'WARNING', '_position': {'offset': 59, 'line': 1, 'column': 60}, 'OPERATION': '', 'OPERATION_CODE': '0', 'CURRENT_SCHEMA': '/'}> for query: 'MATCH (u:User {id:$user_id,tenant_id:$tenant_id}) RETURN u.display_name AS display_name'
INFO:     127.0.0.1:60129 - "GET /api/auth/me HTTP/1.1" 200 OK
Redis subscriber disconnected for tenant t-audit-e2e-1005
Traceback (most recent call last):
  File "/Users/psw/Projects/decision-chat-bot/backend/.venv/lib/python3.14/site-packages/redis/asyncio/connection.py", line 591, in read_response
    response = await self._parser.read_response(
               ^^^^^^^^^^^^^^^^^^^^^^^^^^^^^^^^^
        disable_decoding=disable_decoding
        ^^^^^^^^^^^^^^^^^^^^^^^^^^^^^^^^^
    )
    ^
  File "/Users/psw/Projects/decision-chat-bot/backend/.venv/lib/python3.14/site-packages/redis/_parsers/resp2.py", line 82, in read_response
    response = await self._read_response(disable_decoding=disable_decoding)
               ^^^^^^^^^^^^^^^^^^^^^^^^^^^^^^^^^^^^^^^^^^^^^^^^^^^^^^^^^^^^
  File "/Users/psw/Projects/decision-chat-bot/backend/.venv/lib/python3.14/site-packages/redis/_parsers/resp2.py", line 90, in _read_response
    raw = await self._readline()
          ^^^^^^^^^^^^^^^^^^^^^^
  File "/Users/psw/Projects/decision-chat-bot/backend/.venv/lib/python3.14/site-packages/redis/_parsers/base.py", line 283, in _readline
    data = await self._stream.readline()
           ^^^^^^^^^^^^^^^^^^^^^^^^^^^^^
  File "/Library/Frameworks/Python.framework/Versions/3.14/lib/python3.14/asyncio/streams.py", line 562, in readline
    line = await self.readuntil(sep)
           ^^^^^^^^^^^^^^^^^^^^^^^^^
  File "/Library/Frameworks/Python.framework/Versions/3.14/lib/python3.14/asyncio/streams.py", line 677, in readuntil
    await self._wait_for_data('readuntil')
  File "/Library/Frameworks/Python.framework/Versions/3.14/lib/python3.14/asyncio/streams.py", line 539, in _wait_for_data
    await self._waiter
asyncio.exceptions.CancelledError

The above exception was the direct cause of the following exception:

Traceback (most recent call last):
  File "/Users/psw/Projects/decision-chat-bot/backend/.venv/lib/python3.14/site-packages/redis/asyncio/connection.py", line 590, in read_response
    async with async_timeout(read_timeout):
               ~~~~~~~~~~~~~^^^^^^^^^^^^^^
  File "/Library/Frameworks/Python.framework/Versions/3.14/lib/python3.14/asyncio/timeouts.py", line 115, in __aexit__
    raise TimeoutError from exc_val
TimeoutError

During handling of the above exception, another exception occurred:

Traceback (most recent call last):
  File "/Users/psw/Projects/decision-chat-bot/backend/jevtriage/realtime/subscriber.py", line 34, in _listen
    async for message in pubsub.listen():
        if message["type"] == "message":
            self._wake.set()
  File "/Users/psw/Projects/decision-chat-bot/backend/.venv/lib/python3.14/site-packages/redis/asyncio/client.py", line 1097, in listen
    response = await self.handle_message(await self.parse_response(block=True))
                                         ^^^^^^^^^^^^^^^^^^^^^^^^^^^^^^^^^^^^^
  File "/Users/psw/Projects/decision-chat-bot/backend/.venv/lib/python3.14/site-packages/redis/asyncio/client.py", line 984, in parse_response
    response = await self._execute(
               ^^^^^^^^^^^^^^^^^^^^
    ...<5 lines>...
    )
    ^
  File "/Users/psw/Projects/decision-chat-bot/backend/.venv/lib/python3.14/site-packages/redis/asyncio/client.py", line 964, in _execute
    return await conn.retry.call_with_retry(
           ^^^^^^^^^^^^^^^^^^^^^^^^^^^^^^^^^
    ...<2 lines>...
    )
    ^
  File "/Users/psw/Projects/decision-chat-bot/backend/.venv/lib/python3.14/site-packages/redis/asyncio/retry.py", line 55, in call_with_retry
    raise error
  File "/Users/psw/Projects/decision-chat-bot/backend/.venv/lib/python3.14/site-packages/redis/asyncio/retry.py", line 50, in call_with_retry
    return await do()
           ^^^^^^^^^^
  File "/Users/psw/Projects/decision-chat-bot/backend/.venv/lib/python3.14/site-packages/redis/asyncio/connection.py", line 609, in read_response
    raise TimeoutError(f"Timeout reading from {host_error}")
redis.exceptions.TimeoutError: Timeout reading from 127.0.0.1:16391
Redis subscriber disconnected for tenant t-audit-e2e-1005
Traceback (most recent call last):
  File "/Users/psw/Projects/decision-chat-bot/backend/.venv/lib/python3.14/site-packages/redis/asyncio/connection.py", line 591, in read_response
    response = await self._parser.read_response(
               ^^^^^^^^^^^^^^^^^^^^^^^^^^^^^^^^^
        disable_decoding=disable_decoding
        ^^^^^^^^^^^^^^^^^^^^^^^^^^^^^^^^^
    )
    ^
  File "/Users/psw/Projects/decision-chat-bot/backend/.venv/lib/python3.14/site-packages/redis/_parsers/resp2.py", line 82, in read_response
    response = await self._read_response(disable_decoding=disable_decoding)
               ^^^^^^^^^^^^^^^^^^^^^^^^^^^^^^^^^^^^^^^^^^^^^^^^^^^^^^^^^^^^
  File "/Users/psw/Projects/decision-chat-bot/backend/.venv/lib/python3.14/site-packages/redis/_parsers/resp2.py", line 90, in _read_response
    raw = await self._readline()
          ^^^^^^^^^^^^^^^^^^^^^^
  File "/Users/psw/Projects/decision-chat-bot/backend/.venv/lib/python3.14/site-packages/redis/_parsers/base.py", line 283, in _readline
    data = await self._stream.readline()
           ^^^^^^^^^^^^^^^^^^^^^^^^^^^^^
  File "/Library/Frameworks/Python.framework/Versions/3.14/lib/python3.14/asyncio/streams.py", line 562, in readline
    line = await self.readuntil(sep)
           ^^^^^^^^^^^^^^^^^^^^^^^^^
  File "/Library/Frameworks/Python.framework/Versions/3.14/lib/python3.14/asyncio/streams.py", line 677, in readuntil
    await self._wait_for_data('readuntil')
  File "/Library/Frameworks/Python.framework/Versions/3.14/lib/python3.14/asyncio/streams.py", line 539, in _wait_for_data
    await self._waiter
asyncio.exceptions.CancelledError

The above exception was the direct cause of the following exception:

Traceback (most recent call last):
  File "/Users/psw/Projects/decision-chat-bot/backend/.venv/lib/python3.14/site-packages/redis/asyncio/connection.py", line 590, in read_response
    async with async_timeout(read_timeout):
               ~~~~~~~~~~~~~^^^^^^^^^^^^^^
  File "/Library/Frameworks/Python.framework/Versions/3.14/lib/python3.14/asyncio/timeouts.py", line 115, in __aexit__
    raise TimeoutError from exc_val
TimeoutError

During handling of the above exception, another exception occurred:

Traceback (most recent call last):
  File "/Users/psw/Projects/decision-chat-bot/backend/jevtriage/realtime/subscriber.py", line 34, in _listen
    async for message in pubsub.listen():
        if message["type"] == "message":
            self._wake.set()
  File "/Users/psw/Projects/decision-chat-bot/backend/.venv/lib/python3.14/site-packages/redis/asyncio/client.py", line 1097, in listen
    response = await self.handle_message(await self.parse_response(block=True))
                                         ^^^^^^^^^^^^^^^^^^^^^^^^^^^^^^^^^^^^^
  File "/Users/psw/Projects/decision-chat-bot/backend/.venv/lib/python3.14/site-packages/redis/asyncio/client.py", line 984, in parse_response
    response = await self._execute(
               ^^^^^^^^^^^^^^^^^^^^
    ...<5 lines>...
    )
    ^
  File "/Users/psw/Projects/decision-chat-bot/backend/.venv/lib/python3.14/site-packages/redis/asyncio/client.py", line 964, in _execute
    return await conn.retry.call_with_retry(
           ^^^^^^^^^^^^^^^^^^^^^^^^^^^^^^^^^
    ...<2 lines>...
    )
    ^
  File "/Users/psw/Projects/decision-chat-bot/backend/.venv/lib/python3.14/site-packages/redis/asyncio/retry.py", line 55, in call_with_retry
    raise error
  File "/Users/psw/Projects/decision-chat-bot/backend/.venv/lib/python3.14/site-packages/redis/asyncio/retry.py", line 50, in call_with_retry
    return await do()
           ^^^^^^^^^^
  File "/Users/psw/Projects/decision-chat-bot/backend/.venv/lib/python3.14/site-packages/redis/asyncio/connection.py", line 609, in read_response
    raise TimeoutError(f"Timeout reading from {host_error}")
redis.exceptions.TimeoutError: Timeout reading from 127.0.0.1:16391
Redis subscriber disconnected for tenant t-audit-e2e-1005
Traceback (most recent call last):
  File "/Users/psw/Projects/decision-chat-bot/backend/.venv/lib/python3.14/site-packages/redis/asyncio/connection.py", line 591, in read_response
    response = await self._parser.read_response(
               ^^^^^^^^^^^^^^^^^^^^^^^^^^^^^^^^^
        disable_decoding=disable_decoding
        ^^^^^^^^^^^^^^^^^^^^^^^^^^^^^^^^^
    )
    ^
  File "/Users/psw/Projects/decision-chat-bot/backend/.venv/lib/python3.14/site-packages/redis/_parsers/resp2.py", line 82, in read_response
    response = await self._read_response(disable_decoding=disable_decoding)
               ^^^^^^^^^^^^^^^^^^^^^^^^^^^^^^^^^^^^^^^^^^^^^^^^^^^^^^^^^^^^
  File "/Users/psw/Projects/decision-chat-bot/backend/.venv/lib/python3.14/site-packages/redis/_parsers/resp2.py", line 90, in _read_response
    raw = await self._readline()
          ^^^^^^^^^^^^^^^^^^^^^^
  File "/Users/psw/Projects/decision-chat-bot/backend/.venv/lib/python3.14/site-packages/redis/_parsers/base.py", line 283, in _readline
    data = await self._stream.readline()
           ^^^^^^^^^^^^^^^^^^^^^^^^^^^^^
  File "/Library/Frameworks/Python.framework/Versions/3.14/lib/python3.14/asyncio/streams.py", line 562, in readline
    line = await self.readuntil(sep)
           ^^^^^^^^^^^^^^^^^^^^^^^^^
  File "/Library/Frameworks/Python.framework/Versions/3.14/lib/python3.14/asyncio/streams.py", line 677, in readuntil
    await self._wait_for_data('readuntil')
  File "/Library/Frameworks/Python.framework/Versions/3.14/lib/python3.14/asyncio/streams.py", line 539, in _wait_for_data
    await self._waiter
asyncio.exceptions.CancelledError

The above exception was the direct cause of the following exception:

Traceback (most recent call last):
  File "/Users/psw/Projects/decision-chat-bot/backend/.venv/lib/python3.14/site-packages/redis/asyncio/connection.py", line 590, in read_response
    async with async_timeout(read_timeout):
               ~~~~~~~~~~~~~^^^^^^^^^^^^^^
  File "/Library/Frameworks/Python.framework/Versions/3.14/lib/python3.14/asyncio/timeouts.py", line 115, in __aexit__
    raise TimeoutError from exc_val
TimeoutError

During handling of the above exception, another exception occurred:

Traceback (most recent call last):
  File "/Users/psw/Projects/decision-chat-bot/backend/jevtriage/realtime/subscriber.py", line 34, in _listen
    async for message in pubsub.listen():
        if message["type"] == "message":
            self._wake.set()
  File "/Users/psw/Projects/decision-chat-bot/backend/.venv/lib/python3.14/site-packages/redis/asyncio/client.py", line 1097, in listen
    response = await self.handle_message(await self.parse_response(block=True))
                                         ^^^^^^^^^^^^^^^^^^^^^^^^^^^^^^^^^^^^^
  File "/Users/psw/Projects/decision-chat-bot/backend/.venv/lib/python3.14/site-packages/redis/asyncio/client.py", line 984, in parse_response
    response = await self._execute(
               ^^^^^^^^^^^^^^^^^^^^
    ...<5 lines>...
    )
    ^
  File "/Users/psw/Projects/decision-chat-bot/backend/.venv/lib/python3.14/site-packages/redis/asyncio/client.py", line 964, in _execute
    return await conn.retry.call_with_retry(
           ^^^^^^^^^^^^^^^^^^^^^^^^^^^^^^^^^
    ...<2 lines>...
    )
    ^
  File "/Users/psw/Projects/decision-chat-bot/backend/.venv/lib/python3.14/site-packages/redis/asyncio/retry.py", line 55, in call_with_retry
    raise error
  File "/Users/psw/Projects/decision-chat-bot/backend/.venv/lib/python3.14/site-packages/redis/asyncio/retry.py", line 50, in call_with_retry
    return await do()
           ^^^^^^^^^^
  File "/Users/psw/Projects/decision-chat-bot/backend/.venv/lib/python3.14/site-packages/redis/asyncio/connection.py", line 609, in read_response
    raise TimeoutError(f"Timeout reading from {host_error}")
redis.exceptions.TimeoutError: Timeout reading from 127.0.0.1:16391
Redis subscriber disconnected for tenant t-audit-e2e-1005
Traceback (most recent call last):
  File "/Users/psw/Projects/decision-chat-bot/backend/.venv/lib/python3.14/site-packages/redis/asyncio/connection.py", line 591, in read_response
    response = await self._parser.read_response(
               ^^^^^^^^^^^^^^^^^^^^^^^^^^^^^^^^^
        disable_decoding=disable_decoding
        ^^^^^^^^^^^^^^^^^^^^^^^^^^^^^^^^^
    )
    ^
  File "/Users/psw/Projects/decision-chat-bot/backend/.venv/lib/python3.14/site-packages/redis/_parsers/resp2.py", line 82, in read_response
    response = await self._read_response(disable_decoding=disable_decoding)
               ^^^^^^^^^^^^^^^^^^^^^^^^^^^^^^^^^^^^^^^^^^^^^^^^^^^^^^^^^^^^
  File "/Users/psw/Projects/decision-chat-bot/backend/.venv/lib/python3.14/site-packages/redis/_parsers/resp2.py", line 90, in _read_response
    raw = await self._readline()
          ^^^^^^^^^^^^^^^^^^^^^^
  File "/Users/psw/Projects/decision-chat-bot/backend/.venv/lib/python3.14/site-packages/redis/_parsers/base.py", line 283, in _readline
    data = await self._stream.readline()
           ^^^^^^^^^^^^^^^^^^^^^^^^^^^^^
  File "/Library/Frameworks/Python.framework/Versions/3.14/lib/python3.14/asyncio/streams.py", line 562, in readline
    line = await self.readuntil(sep)
           ^^^^^^^^^^^^^^^^^^^^^^^^^
  File "/Library/Frameworks/Python.framework/Versions/3.14/lib/python3.14/asyncio/streams.py", line 677, in readuntil
    await self._wait_for_data('readuntil')
  File "/Library/Frameworks/Python.framework/Versions/3.14/lib/python3.14/asyncio/streams.py", line 539, in _wait_for_data
    await self._waiter
asyncio.exceptions.CancelledError

The above exception was the direct cause of the following exception:

Traceback (most recent call last):
  File "/Users/psw/Projects/decision-chat-bot/backend/.venv/lib/python3.14/site-packages/redis/asyncio/connection.py", line 590, in read_response
    async with async_timeout(read_timeout):
               ~~~~~~~~~~~~~^^^^^^^^^^^^^^
  File "/Library/Frameworks/Python.framework/Versions/3.14/lib/python3.14/asyncio/timeouts.py", line 115, in __aexit__
    raise TimeoutError from exc_val
TimeoutError

During handling of the above exception, another exception occurred:

Traceback (most recent call last):
  File "/Users/psw/Projects/decision-chat-bot/backend/jevtriage/realtime/subscriber.py", line 34, in _listen
    async for message in pubsub.listen():
        if message["type"] == "message":
            self._wake.set()
  File "/Users/psw/Projects/decision-chat-bot/backend/.venv/lib/python3.14/site-packages/redis/asyncio/client.py", line 1097, in listen
    response = await self.handle_message(await self.parse_response(block=True))
                                         ^^^^^^^^^^^^^^^^^^^^^^^^^^^^^^^^^^^^^
  File "/Users/psw/Projects/decision-chat-bot/backend/.venv/lib/python3.14/site-packages/redis/asyncio/client.py", line 984, in parse_response
    response = await self._execute(
               ^^^^^^^^^^^^^^^^^^^^
    ...<5 lines>...
    )
    ^
  File "/Users/psw/Projects/decision-chat-bot/backend/.venv/lib/python3.14/site-packages/redis/asyncio/client.py", line 964, in _execute
    return await conn.retry.call_with_retry(
           ^^^^^^^^^^^^^^^^^^^^^^^^^^^^^^^^^
    ...<2 lines>...
    )
    ^
  File "/Users/psw/Projects/decision-chat-bot/backend/.venv/lib/python3.14/site-packages/redis/asyncio/retry.py", line 55, in call_with_retry
    raise error
  File "/Users/psw/Projects/decision-chat-bot/backend/.venv/lib/python3.14/site-packages/redis/asyncio/retry.py", line 50, in call_with_retry
    return await do()
           ^^^^^^^^^^
  File "/Users/psw/Projects/decision-chat-bot/backend/.venv/lib/python3.14/site-packages/redis/asyncio/connection.py", line 609, in read_response
    raise TimeoutError(f"Timeout reading from {host_error}")
redis.exceptions.TimeoutError: Timeout reading from 127.0.0.1:16391
Redis subscriber disconnected for tenant t-audit-e2e-1005
Traceback (most recent call last):
  File "/Users/psw/Projects/decision-chat-bot/backend/.venv/lib/python3.14/site-packages/redis/asyncio/connection.py", line 591, in read_response
    response = await self._parser.read_response(
               ^^^^^^^^^^^^^^^^^^^^^^^^^^^^^^^^^
        disable_decoding=disable_decoding
        ^^^^^^^^^^^^^^^^^^^^^^^^^^^^^^^^^
    )
    ^
  File "/Users/psw/Projects/decision-chat-bot/backend/.venv/lib/python3.14/site-packages/redis/_parsers/resp2.py", line 82, in read_response
    response = await self._read_response(disable_decoding=disable_decoding)
               ^^^^^^^^^^^^^^^^^^^^^^^^^^^^^^^^^^^^^^^^^^^^^^^^^^^^^^^^^^^^
  File "/Users/psw/Projects/decision-chat-bot/backend/.venv/lib/python3.14/site-packages/redis/_parsers/resp2.py", line 90, in _read_response
    raw = await self._readline()
          ^^^^^^^^^^^^^^^^^^^^^^
  File "/Users/psw/Projects/decision-chat-bot/backend/.venv/lib/python3.14/site-packages/redis/_parsers/base.py", line 283, in _readline
    data = await self._stream.readline()
           ^^^^^^^^^^^^^^^^^^^^^^^^^^^^^
  File "/Library/Frameworks/Python.framework/Versions/3.14/lib/python3.14/asyncio/streams.py", line 562, in readline
    line = await self.readuntil(sep)
           ^^^^^^^^^^^^^^^^^^^^^^^^^
  File "/Library/Frameworks/Python.framework/Versions/3.14/lib/python3.14/asyncio/streams.py", line 677, in readuntil
    await self._wait_for_data('readuntil')
  File "/Library/Frameworks/Python.framework/Versions/3.14/lib/python3.14/asyncio/streams.py", line 539, in _wait_for_data
    await self._waiter
asyncio.exceptions.CancelledError

The above exception was the direct cause of the following exception:

Traceback (most recent call last):
  File "/Users/psw/Projects/decision-chat-bot/backend/.venv/lib/python3.14/site-packages/redis/asyncio/connection.py", line 590, in read_response
    async with async_timeout(read_timeout):
               ~~~~~~~~~~~~~^^^^^^^^^^^^^^
  File "/Library/Frameworks/Python.framework/Versions/3.14/lib/python3.14/asyncio/timeouts.py", line 115, in __aexit__
    raise TimeoutError from exc_val
TimeoutError

During handling of the above exception, another exception occurred:

Traceback (most recent call last):
  File "/Users/psw/Projects/decision-chat-bot/backend/jevtriage/realtime/subscriber.py", line 34, in _listen
    async for message in pubsub.listen():
        if message["type"] == "message":
            self._wake.set()
  File "/Users/psw/Projects/decision-chat-bot/backend/.venv/lib/python3.14/site-packages/redis/asyncio/client.py", line 1097, in listen
    response = await self.handle_message(await self.parse_response(block=True))
                                         ^^^^^^^^^^^^^^^^^^^^^^^^^^^^^^^^^^^^^
  File "/Users/psw/Projects/decision-chat-bot/backend/.venv/lib/python3.14/site-packages/redis/asyncio/client.py", line 984, in parse_response
    response = await self._execute(
               ^^^^^^^^^^^^^^^^^^^^
    ...<5 lines>...
    )
    ^
  File "/Users/psw/Projects/decision-chat-bot/backend/.venv/lib/python3.14/site-packages/redis/asyncio/client.py", line 964, in _execute
    return await conn.retry.call_with_retry(
           ^^^^^^^^^^^^^^^^^^^^^^^^^^^^^^^^^
    ...<2 lines>...
    )
    ^
  File "/Users/psw/Projects/decision-chat-bot/backend/.venv/lib/python3.14/site-packages/redis/asyncio/retry.py", line 55, in call_with_retry
    raise error
  File "/Users/psw/Projects/decision-chat-bot/backend/.venv/lib/python3.14/site-packages/redis/asyncio/retry.py", line 50, in call_with_retry
    return await do()
           ^^^^^^^^^^
  File "/Users/psw/Projects/decision-chat-bot/backend/.venv/lib/python3.14/site-packages/redis/asyncio/connection.py", line 609, in read_response
    raise TimeoutError(f"Timeout reading from {host_error}")
redis.exceptions.TimeoutError: Timeout reading from 127.0.0.1:16391
Redis subscriber disconnected for tenant t-audit-e2e-1005
Traceback (most recent call last):
  File "/Users/psw/Projects/decision-chat-bot/backend/.venv/lib/python3.14/site-packages/redis/asyncio/connection.py", line 591, in read_response
    response = await self._parser.read_response(
               ^^^^^^^^^^^^^^^^^^^^^^^^^^^^^^^^^
        disable_decoding=disable_decoding
        ^^^^^^^^^^^^^^^^^^^^^^^^^^^^^^^^^
    )
    ^
  File "/Users/psw/Projects/decision-chat-bot/backend/.venv/lib/python3.14/site-packages/redis/_parsers/resp2.py", line 82, in read_response
    response = await self._read_response(disable_decoding=disable_decoding)
               ^^^^^^^^^^^^^^^^^^^^^^^^^^^^^^^^^^^^^^^^^^^^^^^^^^^^^^^^^^^^
  File "/Users/psw/Projects/decision-chat-bot/backend/.venv/lib/python3.14/site-packages/redis/_parsers/resp2.py", line 90, in _read_response
    raw = await self._readline()
          ^^^^^^^^^^^^^^^^^^^^^^
  File "/Users/psw/Projects/decision-chat-bot/backend/.venv/lib/python3.14/site-packages/redis/_parsers/base.py", line 283, in _readline
    data = await self._stream.readline()
           ^^^^^^^^^^^^^^^^^^^^^^^^^^^^^
  File "/Library/Frameworks/Python.framework/Versions/3.14/lib/python3.14/asyncio/streams.py", line 562, in readline
    line = await self.readuntil(sep)
           ^^^^^^^^^^^^^^^^^^^^^^^^^
  File "/Library/Frameworks/Python.framework/Versions/3.14/lib/python3.14/asyncio/streams.py", line 677, in readuntil
    await self._wait_for_data('readuntil')
  File "/Library/Frameworks/Python.framework/Versions/3.14/lib/python3.14/asyncio/streams.py", line 539, in _wait_for_data
    await self._waiter
asyncio.exceptions.CancelledError

The above exception was the direct cause of the following exception:

Traceback (most recent call last):
  File "/Users/psw/Projects/decision-chat-bot/backend/.venv/lib/python3.14/site-packages/redis/asyncio/connection.py", line 590, in read_response
    async with async_timeout(read_timeout):
               ~~~~~~~~~~~~~^^^^^^^^^^^^^^
  File "/Library/Frameworks/Python.framework/Versions/3.14/lib/python3.14/asyncio/timeouts.py", line 115, in __aexit__
    raise TimeoutError from exc_val
TimeoutError

During handling of the above exception, another exception occurred:

Traceback (most recent call last):
  File "/Users/psw/Projects/decision-chat-bot/backend/jevtriage/realtime/subscriber.py", line 34, in _listen
    async for message in pubsub.listen():
        if message["type"] == "message":
            self._wake.set()
  File "/Users/psw/Projects/decision-chat-bot/backend/.venv/lib/python3.14/site-packages/redis/asyncio/client.py", line 1097, in listen
    response = await self.handle_message(await self.parse_response(block=True))
                                         ^^^^^^^^^^^^^^^^^^^^^^^^^^^^^^^^^^^^^
  File "/Users/psw/Projects/decision-chat-bot/backend/.venv/lib/python3.14/site-packages/redis/asyncio/client.py", line 984, in parse_response
    response = await self._execute(
               ^^^^^^^^^^^^^^^^^^^^
    ...<5 lines>...
    )
    ^
  File "/Users/psw/Projects/decision-chat-bot/backend/.venv/lib/python3.14/site-packages/redis/asyncio/client.py", line 964, in _execute
    return await conn.retry.call_with_retry(
           ^^^^^^^^^^^^^^^^^^^^^^^^^^^^^^^^^
    ...<2 lines>...
    )
    ^
  File "/Users/psw/Projects/decision-chat-bot/backend/.venv/lib/python3.14/site-packages/redis/asyncio/retry.py", line 55, in call_with_retry
    raise error
  File "/Users/psw/Projects/decision-chat-bot/backend/.venv/lib/python3.14/site-packages/redis/asyncio/retry.py", line 50, in call_with_retry
    return await do()
           ^^^^^^^^^^
  File "/Users/psw/Projects/decision-chat-bot/backend/.venv/lib/python3.14/site-packages/redis/asyncio/connection.py", line 609, in read_response
    raise TimeoutError(f"Timeout reading from {host_error}")
redis.exceptions.TimeoutError: Timeout reading from 127.0.0.1:16391
Redis subscriber disconnected for tenant t-audit-e2e-1005
Traceback (most recent call last):
  File "/Users/psw/Projects/decision-chat-bot/backend/.venv/lib/python3.14/site-packages/redis/asyncio/connection.py", line 591, in read_response
    response = await self._parser.read_response(
               ^^^^^^^^^^^^^^^^^^^^^^^^^^^^^^^^^
        disable_decoding=disable_decoding
        ^^^^^^^^^^^^^^^^^^^^^^^^^^^^^^^^^
    )
    ^
  File "/Users/psw/Projects/decision-chat-bot/backend/.venv/lib/python3.14/site-packages/redis/_parsers/resp2.py", line 82, in read_response
    response = await self._read_response(disable_decoding=disable_decoding)
               ^^^^^^^^^^^^^^^^^^^^^^^^^^^^^^^^^^^^^^^^^^^^^^^^^^^^^^^^^^^^
  File "/Users/psw/Projects/decision-chat-bot/backend/.venv/lib/python3.14/site-packages/redis/_parsers/resp2.py", line 90, in _read_response
    raw = await self._readline()
          ^^^^^^^^^^^^^^^^^^^^^^
  File "/Users/psw/Projects/decision-chat-bot/backend/.venv/lib/python3.14/site-packages/redis/_parsers/base.py", line 283, in _readline
    data = await self._stream.readline()
           ^^^^^^^^^^^^^^^^^^^^^^^^^^^^^
  File "/Library/Frameworks/Python.framework/Versions/3.14/lib/python3.14/asyncio/streams.py", line 562, in readline
    line = await self.readuntil(sep)
           ^^^^^^^^^^^^^^^^^^^^^^^^^
  File "/Library/Frameworks/Python.framework/Versions/3.14/lib/python3.14/asyncio/streams.py", line 677, in readuntil
    await self._wait_for_data('readuntil')
  File "/Library/Frameworks/Python.framework/Versions/3.14/lib/python3.14/asyncio/streams.py", line 539, in _wait_for_data
    await self._waiter
asyncio.exceptions.CancelledError

The above exception was the direct cause of the following exception:

Traceback (most recent call last):
  File "/Users/psw/Projects/decision-chat-bot/backend/.venv/lib/python3.14/site-packages/redis/asyncio/connection.py", line 590, in read_response
    async with async_timeout(read_timeout):
               ~~~~~~~~~~~~~^^^^^^^^^^^^^^
  File "/Library/Frameworks/Python.framework/Versions/3.14/lib/python3.14/asyncio/timeouts.py", line 115, in __aexit__
    raise TimeoutError from exc_val
TimeoutError

During handling of the above exception, another exception occurred:

Traceback (most recent call last):
  File "/Users/psw/Projects/decision-chat-bot/backend/jevtriage/realtime/subscriber.py", line 34, in _listen
    async for message in pubsub.listen():
        if message["type"] == "message":
            self._wake.set()
  File "/Users/psw/Projects/decision-chat-bot/backend/.venv/lib/python3.14/site-packages/redis/asyncio/client.py", line 1097, in listen
    response = await self.handle_message(await self.parse_response(block=True))
                                         ^^^^^^^^^^^^^^^^^^^^^^^^^^^^^^^^^^^^^
  File "/Users/psw/Projects/decision-chat-bot/backend/.venv/lib/python3.14/site-packages/redis/asyncio/client.py", line 984, in parse_response
    response = await self._execute(
               ^^^^^^^^^^^^^^^^^^^^
    ...<5 lines>...
    )
    ^
  File "/Users/psw/Projects/decision-chat-bot/backend/.venv/lib/python3.14/site-packages/redis/asyncio/client.py", line 964, in _execute
    return await conn.retry.call_with_retry(
           ^^^^^^^^^^^^^^^^^^^^^^^^^^^^^^^^^
    ...<2 lines>...
    )
    ^
  File "/Users/psw/Projects/decision-chat-bot/backend/.venv/lib/python3.14/site-packages/redis/asyncio/retry.py", line 55, in call_with_retry
    raise error
  File "/Users/psw/Projects/decision-chat-bot/backend/.venv/lib/python3.14/site-packages/redis/asyncio/retry.py", line 50, in call_with_retry
    return await do()
           ^^^^^^^^^^
  File "/Users/psw/Projects/decision-chat-bot/backend/.venv/lib/python3.14/site-packages/redis/asyncio/connection.py", line 609, in read_response
    raise TimeoutError(f"Timeout reading from {host_error}")
redis.exceptions.TimeoutError: Timeout reading from 127.0.0.1:16391
Redis subscriber disconnected for tenant t-audit-e2e-1005
Traceback (most recent call last):
  File "/Users/psw/Projects/decision-chat-bot/backend/.venv/lib/python3.14/site-packages/redis/asyncio/connection.py", line 591, in read_response
    response = await self._parser.read_response(
               ^^^^^^^^^^^^^^^^^^^^^^^^^^^^^^^^^
        disable_decoding=disable_decoding
        ^^^^^^^^^^^^^^^^^^^^^^^^^^^^^^^^^
    )
    ^
  File "/Users/psw/Projects/decision-chat-bot/backend/.venv/lib/python3.14/site-packages/redis/_parsers/resp2.py", line 82, in read_response
    response = await self._read_response(disable_decoding=disable_decoding)
               ^^^^^^^^^^^^^^^^^^^^^^^^^^^^^^^^^^^^^^^^^^^^^^^^^^^^^^^^^^^^
  File "/Users/psw/Projects/decision-chat-bot/backend/.venv/lib/python3.14/site-packages/redis/_parsers/resp2.py", line 90, in _read_response
    raw = await self._readline()
          ^^^^^^^^^^^^^^^^^^^^^^
  File "/Users/psw/Projects/decision-chat-bot/backend/.venv/lib/python3.14/site-packages/redis/_parsers/base.py", line 283, in _readline
    data = await self._stream.readline()
           ^^^^^^^^^^^^^^^^^^^^^^^^^^^^^
  File "/Library/Frameworks/Python.framework/Versions/3.14/lib/python3.14/asyncio/streams.py", line 562, in readline
    line = await self.readuntil(sep)
           ^^^^^^^^^^^^^^^^^^^^^^^^^
  File "/Library/Frameworks/Python.framework/Versions/3.14/lib/python3.14/asyncio/streams.py", line 677, in readuntil
    await self._wait_for_data('readuntil')
  File "/Library/Frameworks/Python.framework/Versions/3.14/lib/python3.14/asyncio/streams.py", line 539, in _wait_for_data
    await self._waiter
asyncio.exceptions.CancelledError

The above exception was the direct cause of the following exception:

Traceback (most recent call last):
  File "/Users/psw/Projects/decision-chat-bot/backend/.venv/lib/python3.14/site-packages/redis/asyncio/connection.py", line 590, in read_response
    async with async_timeout(read_timeout):
               ~~~~~~~~~~~~~^^^^^^^^^^^^^^
  File "/Library/Frameworks/Python.framework/Versions/3.14/lib/python3.14/asyncio/timeouts.py", line 115, in __aexit__
    raise TimeoutError from exc_val
TimeoutError

During handling of the above exception, another exception occurred:

Traceback (most recent call last):
  File "/Users/psw/Projects/decision-chat-bot/backend/jevtriage/realtime/subscriber.py", line 34, in _listen
    async for message in pubsub.listen():
        if message["type"] == "message":
            self._wake.set()
  File "/Users/psw/Projects/decision-chat-bot/backend/.venv/lib/python3.14/site-packages/redis/asyncio/client.py", line 1097, in listen
    response = await self.handle_message(await self.parse_response(block=True))
                                         ^^^^^^^^^^^^^^^^^^^^^^^^^^^^^^^^^^^^^
  File "/Users/psw/Projects/decision-chat-bot/backend/.venv/lib/python3.14/site-packages/redis/asyncio/client.py", line 984, in parse_response
    response = await self._execute(
               ^^^^^^^^^^^^^^^^^^^^
    ...<5 lines>...
    )
    ^
  File "/Users/psw/Projects/decision-chat-bot/backend/.venv/lib/python3.14/site-packages/redis/asyncio/client.py", line 964, in _execute
    return await conn.retry.call_with_retry(
           ^^^^^^^^^^^^^^^^^^^^^^^^^^^^^^^^^
    ...<2 lines>...
    )
    ^
  File "/Users/psw/Projects/decision-chat-bot/backend/.venv/lib/python3.14/site-packages/redis/asyncio/retry.py", line 55, in call_with_retry
    raise error
  File "/Users/psw/Projects/decision-chat-bot/backend/.venv/lib/python3.14/site-packages/redis/asyncio/retry.py", line 50, in call_with_retry
    return await do()
           ^^^^^^^^^^
  File "/Users/psw/Projects/decision-chat-bot/backend/.venv/lib/python3.14/site-packages/redis/asyncio/connection.py", line 609, in read_response
    raise TimeoutError(f"Timeout reading from {host_error}")
redis.exceptions.TimeoutError: Timeout reading from 127.0.0.1:16391
Redis subscriber disconnected for tenant t-audit-e2e-1005
Traceback (most recent call last):
  File "/Users/psw/Projects/decision-chat-bot/backend/.venv/lib/python3.14/site-packages/redis/asyncio/connection.py", line 591, in read_response
    response = await self._parser.read_response(
               ^^^^^^^^^^^^^^^^^^^^^^^^^^^^^^^^^
        disable_decoding=disable_decoding
        ^^^^^^^^^^^^^^^^^^^^^^^^^^^^^^^^^
    )
    ^
  File "/Users/psw/Projects/decision-chat-bot/backend/.venv/lib/python3.14/site-packages/redis/_parsers/resp2.py", line 82, in read_response
    response = await self._read_response(disable_decoding=disable_decoding)
               ^^^^^^^^^^^^^^^^^^^^^^^^^^^^^^^^^^^^^^^^^^^^^^^^^^^^^^^^^^^^
  File "/Users/psw/Projects/decision-chat-bot/backend/.venv/lib/python3.14/site-packages/redis/_parsers/resp2.py", line 90, in _read_response
    raw = await self._readline()
          ^^^^^^^^^^^^^^^^^^^^^^
  File "/Users/psw/Projects/decision-chat-bot/backend/.venv/lib/python3.14/site-packages/redis/_parsers/base.py", line 283, in _readline
    data = await self._stream.readline()
           ^^^^^^^^^^^^^^^^^^^^^^^^^^^^^
  File "/Library/Frameworks/Python.framework/Versions/3.14/lib/python3.14/asyncio/streams.py", line 562, in readline
    line = await self.readuntil(sep)
           ^^^^^^^^^^^^^^^^^^^^^^^^^
  File "/Library/Frameworks/Python.framework/Versions/3.14/lib/python3.14/asyncio/streams.py", line 677, in readuntil
    await self._wait_for_data('readuntil')
  File "/Library/Frameworks/Python.framework/Versions/3.14/lib/python3.14/asyncio/streams.py", line 539, in _wait_for_data
    await self._waiter
asyncio.exceptions.CancelledError

The above exception was the direct cause of the following exception:

Traceback (most recent call last):
  File "/Users/psw/Projects/decision-chat-bot/backend/.venv/lib/python3.14/site-packages/redis/asyncio/connection.py", line 590, in read_response
    async with async_timeout(read_timeout):
               ~~~~~~~~~~~~~^^^^^^^^^^^^^^
  File "/Library/Frameworks/Python.framework/Versions/3.14/lib/python3.14/asyncio/timeouts.py", line 115, in __aexit__
    raise TimeoutError from exc_val
TimeoutError

During handling of the above exception, another exception occurred:

Traceback (most recent call last):
  File "/Users/psw/Projects/decision-chat-bot/backend/jevtriage/realtime/subscriber.py", line 34, in _listen
    async for message in pubsub.listen():
        if message["type"] == "message":
            self._wake.set()
  File "/Users/psw/Projects/decision-chat-bot/backend/.venv/lib/python3.14/site-packages/redis/asyncio/client.py", line 1097, in listen
    response = await self.handle_message(await self.parse_response(block=True))
                                         ^^^^^^^^^^^^^^^^^^^^^^^^^^^^^^^^^^^^^
  File "/Users/psw/Projects/decision-chat-bot/backend/.venv/lib/python3.14/site-packages/redis/asyncio/client.py", line 984, in parse_response
    response = await self._execute(
               ^^^^^^^^^^^^^^^^^^^^
    ...<5 lines>...
    )
    ^
  File "/Users/psw/Projects/decision-chat-bot/backend/.venv/lib/python3.14/site-packages/redis/asyncio/client.py", line 964, in _execute
    return await conn.retry.call_with_retry(
           ^^^^^^^^^^^^^^^^^^^^^^^^^^^^^^^^^
    ...<2 lines>...
    )
    ^
  File "/Users/psw/Projects/decision-chat-bot/backend/.venv/lib/python3.14/site-packages/redis/asyncio/retry.py", line 55, in call_with_retry
    raise error
  File "/Users/psw/Projects/decision-chat-bot/backend/.venv/lib/python3.14/site-packages/redis/asyncio/retry.py", line 50, in call_with_retry
    return await do()
           ^^^^^^^^^^
  File "/Users/psw/Projects/decision-chat-bot/backend/.venv/lib/python3.14/site-packages/redis/asyncio/connection.py", line 609, in read_response
    raise TimeoutError(f"Timeout reading from {host_error}")
redis.exceptions.TimeoutError: Timeout reading from 127.0.0.1:16391
Redis subscriber disconnected for tenant t-audit-e2e-1005
Traceback (most recent call last):
  File "/Users/psw/Projects/decision-chat-bot/backend/.venv/lib/python3.14/site-packages/redis/asyncio/connection.py", line 591, in read_response
    response = await self._parser.read_response(
               ^^^^^^^^^^^^^^^^^^^^^^^^^^^^^^^^^
        disable_decoding=disable_decoding
        ^^^^^^^^^^^^^^^^^^^^^^^^^^^^^^^^^
    )
    ^
  File "/Users/psw/Projects/decision-chat-bot/backend/.venv/lib/python3.14/site-packages/redis/_parsers/resp2.py", line 82, in read_response
    response = await self._read_response(disable_decoding=disable_decoding)
               ^^^^^^^^^^^^^^^^^^^^^^^^^^^^^^^^^^^^^^^^^^^^^^^^^^^^^^^^^^^^
  File "/Users/psw/Projects/decision-chat-bot/backend/.venv/lib/python3.14/site-packages/redis/_parsers/resp2.py", line 90, in _read_response
    raw = await self._readline()
          ^^^^^^^^^^^^^^^^^^^^^^
  File "/Users/psw/Projects/decision-chat-bot/backend/.venv/lib/python3.14/site-packages/redis/_parsers/base.py", line 283, in _readline
    data = await self._stream.readline()
           ^^^^^^^^^^^^^^^^^^^^^^^^^^^^^
  File "/Library/Frameworks/Python.framework/Versions/3.14/lib/python3.14/asyncio/streams.py", line 562, in readline
    line = await self.readuntil(sep)
           ^^^^^^^^^^^^^^^^^^^^^^^^^
  File "/Library/Frameworks/Python.framework/Versions/3.14/lib/python3.14/asyncio/streams.py", line 677, in readuntil
    await self._wait_for_data('readuntil')
  File "/Library/Frameworks/Python.framework/Versions/3.14/lib/python3.14/asyncio/streams.py", line 539, in _wait_for_data
    await self._waiter
asyncio.exceptions.CancelledError

The above exception was the direct cause of the following exception:

Traceback (most recent call last):
  File "/Users/psw/Projects/decision-chat-bot/backend/.venv/lib/python3.14/site-packages/redis/asyncio/connection.py", line 590, in read_response
    async with async_timeout(read_timeout):
               ~~~~~~~~~~~~~^^^^^^^^^^^^^^
  File "/Library/Frameworks/Python.framework/Versions/3.14/lib/python3.14/asyncio/timeouts.py", line 115, in __aexit__
    raise TimeoutError from exc_val
TimeoutError

During handling of the above exception, another exception occurred:

Traceback (most recent call last):
  File "/Users/psw/Projects/decision-chat-bot/backend/jevtriage/realtime/subscriber.py", line 34, in _listen
    async for message in pubsub.listen():
        if message["type"] == "message":
            self._wake.set()
  File "/Users/psw/Projects/decision-chat-bot/backend/.venv/lib/python3.14/site-packages/redis/asyncio/client.py", line 1097, in listen
    response = await self.handle_message(await self.parse_response(block=True))
                                         ^^^^^^^^^^^^^^^^^^^^^^^^^^^^^^^^^^^^^
  File "/Users/psw/Projects/decision-chat-bot/backend/.venv/lib/python3.14/site-packages/redis/asyncio/client.py", line 984, in parse_response
    response = await self._execute(
               ^^^^^^^^^^^^^^^^^^^^
    ...<5 lines>...
    )
    ^
  File "/Users/psw/Projects/decision-chat-bot/backend/.venv/lib/python3.14/site-packages/redis/asyncio/client.py", line 964, in _execute
    return await conn.retry.call_with_retry(
           ^^^^^^^^^^^^^^^^^^^^^^^^^^^^^^^^^
    ...<2 lines>...
    )
    ^
  File "/Users/psw/Projects/decision-chat-bot/backend/.venv/lib/python3.14/site-packages/redis/asyncio/retry.py", line 55, in call_with_retry
    raise error
  File "/Users/psw/Projects/decision-chat-bot/backend/.venv/lib/python3.14/site-packages/redis/asyncio/retry.py", line 50, in call_with_retry
    return await do()
           ^^^^^^^^^^
  File "/Users/psw/Projects/decision-chat-bot/backend/.venv/lib/python3.14/site-packages/redis/asyncio/connection.py", line 609, in read_response
    raise TimeoutError(f"Timeout reading from {host_error}")
redis.exceptions.TimeoutError: Timeout reading from 127.0.0.1:16391
Redis subscriber disconnected for tenant t-audit-e2e-1005
Traceback (most recent call last):
  File "/Users/psw/Projects/decision-chat-bot/backend/.venv/lib/python3.14/site-packages/redis/asyncio/connection.py", line 591, in read_response
    response = await self._parser.read_response(
               ^^^^^^^^^^^^^^^^^^^^^^^^^^^^^^^^^
        disable_decoding=disable_decoding
        ^^^^^^^^^^^^^^^^^^^^^^^^^^^^^^^^^
    )
    ^
  File "/Users/psw/Projects/decision-chat-bot/backend/.venv/lib/python3.14/site-packages/redis/_parsers/resp2.py", line 82, in read_response
    response = await self._read_response(disable_decoding=disable_decoding)
               ^^^^^^^^^^^^^^^^^^^^^^^^^^^^^^^^^^^^^^^^^^^^^^^^^^^^^^^^^^^^
  File "/Users/psw/Projects/decision-chat-bot/backend/.venv/lib/python3.14/site-packages/redis/_parsers/resp2.py", line 90, in _read_response
    raw = await self._readline()
          ^^^^^^^^^^^^^^^^^^^^^^
  File "/Users/psw/Projects/decision-chat-bot/backend/.venv/lib/python3.14/site-packages/redis/_parsers/base.py", line 283, in _readline
    data = await self._stream.readline()
           ^^^^^^^^^^^^^^^^^^^^^^^^^^^^^
  File "/Library/Frameworks/Python.framework/Versions/3.14/lib/python3.14/asyncio/streams.py", line 562, in readline
    line = await self.readuntil(sep)
           ^^^^^^^^^^^^^^^^^^^^^^^^^
  File "/Library/Frameworks/Python.framework/Versions/3.14/lib/python3.14/asyncio/streams.py", line 677, in readuntil
    await self._wait_for_data('readuntil')
  File "/Library/Frameworks/Python.framework/Versions/3.14/lib/python3.14/asyncio/streams.py", line 539, in _wait_for_data
    await self._waiter
asyncio.exceptions.CancelledError

The above exception was the direct cause of the following exception:

Traceback (most recent call last):
  File "/Users/psw/Projects/decision-chat-bot/backend/.venv/lib/python3.14/site-packages/redis/asyncio/connection.py", line 590, in read_response
    async with async_timeout(read_timeout):
               ~~~~~~~~~~~~~^^^^^^^^^^^^^^
  File "/Library/Frameworks/Python.framework/Versions/3.14/lib/python3.14/asyncio/timeouts.py", line 115, in __aexit__
    raise TimeoutError from exc_val
TimeoutError

During handling of the above exception, another exception occurred:

Traceback (most recent call last):
  File "/Users/psw/Projects/decision-chat-bot/backend/jevtriage/realtime/subscriber.py", line 34, in _listen
    async for message in pubsub.listen():
        if message["type"] == "message":
            self._wake.set()
  File "/Users/psw/Projects/decision-chat-bot/backend/.venv/lib/python3.14/site-packages/redis/asyncio/client.py", line 1097, in listen
    response = await self.handle_message(await self.parse_response(block=True))
                                         ^^^^^^^^^^^^^^^^^^^^^^^^^^^^^^^^^^^^^
  File "/Users/psw/Projects/decision-chat-bot/backend/.venv/lib/python3.14/site-packages/redis/asyncio/client.py", line 984, in parse_response
    response = await self._execute(
               ^^^^^^^^^^^^^^^^^^^^
    ...<5 lines>...
    )
    ^
  File "/Users/psw/Projects/decision-chat-bot/backend/.venv/lib/python3.14/site-packages/redis/asyncio/client.py", line 964, in _execute
    return await conn.retry.call_with_retry(
           ^^^^^^^^^^^^^^^^^^^^^^^^^^^^^^^^^
    ...<2 lines>...
    )
    ^
  File "/Users/psw/Projects/decision-chat-bot/backend/.venv/lib/python3.14/site-packages/redis/asyncio/retry.py", line 55, in call_with_retry
    raise error
  File "/Users/psw/Projects/decision-chat-bot/backend/.venv/lib/python3.14/site-packages/redis/asyncio/retry.py", line 50, in call_with_retry
    return await do()
           ^^^^^^^^^^
  File "/Users/psw/Projects/decision-chat-bot/backend/.venv/lib/python3.14/site-packages/redis/asyncio/connection.py", line 609, in read_response
    raise TimeoutError(f"Timeout reading from {host_error}")
redis.exceptions.TimeoutError: Timeout reading from 127.0.0.1:16391
Redis subscriber disconnected for tenant t-audit-e2e-1005
Traceback (most recent call last):
  File "/Users/psw/Projects/decision-chat-bot/backend/.venv/lib/python3.14/site-packages/redis/asyncio/connection.py", line 591, in read_response
    response = await self._parser.read_response(
               ^^^^^^^^^^^^^^^^^^^^^^^^^^^^^^^^^
        disable_decoding=disable_decoding
        ^^^^^^^^^^^^^^^^^^^^^^^^^^^^^^^^^
    )
    ^
  File "/Users/psw/Projects/decision-chat-bot/backend/.venv/lib/python3.14/site-packages/redis/_parsers/resp2.py", line 82, in read_response
    response = await self._read_response(disable_decoding=disable_decoding)
               ^^^^^^^^^^^^^^^^^^^^^^^^^^^^^^^^^^^^^^^^^^^^^^^^^^^^^^^^^^^^
  File "/Users/psw/Projects/decision-chat-bot/backend/.venv/lib/python3.14/site-packages/redis/_parsers/resp2.py", line 90, in _read_response
    raw = await self._readline()
          ^^^^^^^^^^^^^^^^^^^^^^
  File "/Users/psw/Projects/decision-chat-bot/backend/.venv/lib/python3.14/site-packages/redis/_parsers/base.py", line 283, in _readline
    data = await self._stream.readline()
           ^^^^^^^^^^^^^^^^^^^^^^^^^^^^^
  File "/Library/Frameworks/Python.framework/Versions/3.14/lib/python3.14/asyncio/streams.py", line 562, in readline
    line = await self.readuntil(sep)
           ^^^^^^^^^^^^^^^^^^^^^^^^^
  File "/Library/Frameworks/Python.framework/Versions/3.14/lib/python3.14/asyncio/streams.py", line 677, in readuntil
    await self._wait_for_data('readuntil')
  File "/Library/Frameworks/Python.framework/Versions/3.14/lib/python3.14/asyncio/streams.py", line 539, in _wait_for_data
    await self._waiter
asyncio.exceptions.CancelledError

The above exception was the direct cause of the following exception:

Traceback (most recent call last):
  File "/Users/psw/Projects/decision-chat-bot/backend/.venv/lib/python3.14/site-packages/redis/asyncio/connection.py", line 590, in read_response
    async with async_timeout(read_timeout):
               ~~~~~~~~~~~~~^^^^^^^^^^^^^^
  File "/Library/Frameworks/Python.framework/Versions/3.14/lib/python3.14/asyncio/timeouts.py", line 115, in __aexit__
    raise TimeoutError from exc_val
TimeoutError

During handling of the above exception, another exception occurred:

Traceback (most recent call last):
  File "/Users/psw/Projects/decision-chat-bot/backend/jevtriage/realtime/subscriber.py", line 34, in _listen
    async for message in pubsub.listen():
        if message["type"] == "message":
            self._wake.set()
  File "/Users/psw/Projects/decision-chat-bot/backend/.venv/lib/python3.14/site-packages/redis/asyncio/client.py", line 1097, in listen
    response = await self.handle_message(await self.parse_response(block=True))
                                         ^^^^^^^^^^^^^^^^^^^^^^^^^^^^^^^^^^^^^
  File "/Users/psw/Projects/decision-chat-bot/backend/.venv/lib/python3.14/site-packages/redis/asyncio/client.py", line 984, in parse_response
    response = await self._execute(
               ^^^^^^^^^^^^^^^^^^^^
    ...<5 lines>...
    )
    ^
  File "/Users/psw/Projects/decision-chat-bot/backend/.venv/lib/python3.14/site-packages/redis/asyncio/client.py", line 964, in _execute
    return await conn.retry.call_with_retry(
           ^^^^^^^^^^^^^^^^^^^^^^^^^^^^^^^^^
    ...<2 lines>...
    )
    ^
  File "/Users/psw/Projects/decision-chat-bot/backend/.venv/lib/python3.14/site-packages/redis/asyncio/retry.py", line 55, in call_with_retry
    raise error
  File "/Users/psw/Projects/decision-chat-bot/backend/.venv/lib/python3.14/site-packages/redis/asyncio/retry.py", line 50, in call_with_retry
    return await do()
           ^^^^^^^^^^
  File "/Users/psw/Projects/decision-chat-bot/backend/.venv/lib/python3.14/site-packages/redis/asyncio/connection.py", line 609, in read_response
    raise TimeoutError(f"Timeout reading from {host_error}")
redis.exceptions.TimeoutError: Timeout reading from 127.0.0.1:16391
Redis subscriber disconnected for tenant t-audit-e2e-1005
Traceback (most recent call last):
  File "/Users/psw/Projects/decision-chat-bot/backend/.venv/lib/python3.14/site-packages/redis/asyncio/connection.py", line 591, in read_response
    response = await self._parser.read_response(
               ^^^^^^^^^^^^^^^^^^^^^^^^^^^^^^^^^
        disable_decoding=disable_decoding
        ^^^^^^^^^^^^^^^^^^^^^^^^^^^^^^^^^
    )
    ^
  File "/Users/psw/Projects/decision-chat-bot/backend/.venv/lib/python3.14/site-packages/redis/_parsers/resp2.py", line 82, in read_response
    response = await self._read_response(disable_decoding=disable_decoding)
               ^^^^^^^^^^^^^^^^^^^^^^^^^^^^^^^^^^^^^^^^^^^^^^^^^^^^^^^^^^^^
  File "/Users/psw/Projects/decision-chat-bot/backend/.venv/lib/python3.14/site-packages/redis/_parsers/resp2.py", line 90, in _read_response
    raw = await self._readline()
          ^^^^^^^^^^^^^^^^^^^^^^
  File "/Users/psw/Projects/decision-chat-bot/backend/.venv/lib/python3.14/site-packages/redis/_parsers/base.py", line 283, in _readline
    data = await self._stream.readline()
           ^^^^^^^^^^^^^^^^^^^^^^^^^^^^^
  File "/Library/Frameworks/Python.framework/Versions/3.14/lib/python3.14/asyncio/streams.py", line 562, in readline
    line = await self.readuntil(sep)
           ^^^^^^^^^^^^^^^^^^^^^^^^^
  File "/Library/Frameworks/Python.framework/Versions/3.14/lib/python3.14/asyncio/streams.py", line 677, in readuntil
    await self._wait_for_data('readuntil')
  File "/Library/Frameworks/Python.framework/Versions/3.14/lib/python3.14/asyncio/streams.py", line 539, in _wait_for_data
    await self._waiter
asyncio.exceptions.CancelledError

The above exception was the direct cause of the following exception:

Traceback (most recent call last):
  File "/Users/psw/Projects/decision-chat-bot/backend/.venv/lib/python3.14/site-packages/redis/asyncio/connection.py", line 590, in read_response
    async with async_timeout(read_timeout):
               ~~~~~~~~~~~~~^^^^^^^^^^^^^^
  File "/Library/Frameworks/Python.framework/Versions/3.14/lib/python3.14/asyncio/timeouts.py", line 115, in __aexit__
    raise TimeoutError from exc_val
TimeoutError

During handling of the above exception, another exception occurred:

Traceback (most recent call last):
  File "/Users/psw/Projects/decision-chat-bot/backend/jevtriage/realtime/subscriber.py", line 34, in _listen
    async for message in pubsub.listen():
        if message["type"] == "message":
            self._wake.set()
  File "/Users/psw/Projects/decision-chat-bot/backend/.venv/lib/python3.14/site-packages/redis/asyncio/client.py", line 1097, in listen
    response = await self.handle_message(await self.parse_response(block=True))
                                         ^^^^^^^^^^^^^^^^^^^^^^^^^^^^^^^^^^^^^
  File "/Users/psw/Projects/decision-chat-bot/backend/.venv/lib/python3.14/site-packages/redis/asyncio/client.py", line 984, in parse_response
    response = await self._execute(
               ^^^^^^^^^^^^^^^^^^^^
    ...<5 lines>...
    )
    ^
  File "/Users/psw/Projects/decision-chat-bot/backend/.venv/lib/python3.14/site-packages/redis/asyncio/client.py", line 964, in _execute
    return await conn.retry.call_with_retry(
           ^^^^^^^^^^^^^^^^^^^^^^^^^^^^^^^^^
    ...<2 lines>...
    )
    ^
  File "/Users/psw/Projects/decision-chat-bot/backend/.venv/lib/python3.14/site-packages/redis/asyncio/retry.py", line 55, in call_with_retry
    raise error
  File "/Users/psw/Projects/decision-chat-bot/backend/.venv/lib/python3.14/site-packages/redis/asyncio/retry.py", line 50, in call_with_retry
    return await do()
           ^^^^^^^^^^
  File "/Users/psw/Projects/decision-chat-bot/backend/.venv/lib/python3.14/site-packages/redis/asyncio/connection.py", line 609, in read_response
    raise TimeoutError(f"Timeout reading from {host_error}")
redis.exceptions.TimeoutError: Timeout reading from 127.0.0.1:16391
Redis subscriber disconnected for tenant t-audit-e2e-1005
Traceback (most recent call last):
  File "/Users/psw/Projects/decision-chat-bot/backend/.venv/lib/python3.14/site-packages/redis/asyncio/connection.py", line 591, in read_response
    response = await self._parser.read_response(
               ^^^^^^^^^^^^^^^^^^^^^^^^^^^^^^^^^
        disable_decoding=disable_decoding
        ^^^^^^^^^^^^^^^^^^^^^^^^^^^^^^^^^
    )
    ^
  File "/Users/psw/Projects/decision-chat-bot/backend/.venv/lib/python3.14/site-packages/redis/_parsers/resp2.py", line 82, in read_response
    response = await self._read_response(disable_decoding=disable_decoding)
               ^^^^^^^^^^^^^^^^^^^^^^^^^^^^^^^^^^^^^^^^^^^^^^^^^^^^^^^^^^^^
  File "/Users/psw/Projects/decision-chat-bot/backend/.venv/lib/python3.14/site-packages/redis/_parsers/resp2.py", line 90, in _read_response
    raw = await self._readline()
          ^^^^^^^^^^^^^^^^^^^^^^
  File "/Users/psw/Projects/decision-chat-bot/backend/.venv/lib/python3.14/site-packages/redis/_parsers/base.py", line 283, in _readline
    data = await self._stream.readline()
           ^^^^^^^^^^^^^^^^^^^^^^^^^^^^^
  File "/Library/Frameworks/Python.framework/Versions/3.14/lib/python3.14/asyncio/streams.py", line 562, in readline
    line = await self.readuntil(sep)
           ^^^^^^^^^^^^^^^^^^^^^^^^^
  File "/Library/Frameworks/Python.framework/Versions/3.14/lib/python3.14/asyncio/streams.py", line 677, in readuntil
    await self._wait_for_data('readuntil')
  File "/Library/Frameworks/Python.framework/Versions/3.14/lib/python3.14/asyncio/streams.py", line 539, in _wait_for_data
    await self._waiter
asyncio.exceptions.CancelledError

The above exception was the direct cause of the following exception:

Traceback (most recent call last):
  File "/Users/psw/Projects/decision-chat-bot/backend/.venv/lib/python3.14/site-packages/redis/asyncio/connection.py", line 590, in read_response
    async with async_timeout(read_timeout):
               ~~~~~~~~~~~~~^^^^^^^^^^^^^^
  File "/Library/Frameworks/Python.framework/Versions/3.14/lib/python3.14/asyncio/timeouts.py", line 115, in __aexit__
    raise TimeoutError from exc_val
TimeoutError

During handling of the above exception, another exception occurred:

Traceback (most recent call last):
  File "/Users/psw/Projects/decision-chat-bot/backend/jevtriage/realtime/subscriber.py", line 34, in _listen
    async for message in pubsub.listen():
        if message["type"] == "message":
            self._wake.set()
  File "/Users/psw/Projects/decision-chat-bot/backend/.venv/lib/python3.14/site-packages/redis/asyncio/client.py", line 1097, in listen
    response = await self.handle_message(await self.parse_response(block=True))
                                         ^^^^^^^^^^^^^^^^^^^^^^^^^^^^^^^^^^^^^
  File "/Users/psw/Projects/decision-chat-bot/backend/.venv/lib/python3.14/site-packages/redis/asyncio/client.py", line 984, in parse_response
    response = await self._execute(
               ^^^^^^^^^^^^^^^^^^^^
    ...<5 lines>...
    )
    ^
  File "/Users/psw/Projects/decision-chat-bot/backend/.venv/lib/python3.14/site-packages/redis/asyncio/client.py", line 964, in _execute
    return await conn.retry.call_with_retry(
           ^^^^^^^^^^^^^^^^^^^^^^^^^^^^^^^^^
    ...<2 lines>...
    )
    ^
  File "/Users/psw/Projects/decision-chat-bot/backend/.venv/lib/python3.14/site-packages/redis/asyncio/retry.py", line 55, in call_with_retry
    raise error
  File "/Users/psw/Projects/decision-chat-bot/backend/.venv/lib/python3.14/site-packages/redis/asyncio/retry.py", line 50, in call_with_retry
    return await do()
           ^^^^^^^^^^
  File "/Users/psw/Projects/decision-chat-bot/backend/.venv/lib/python3.14/site-packages/redis/asyncio/connection.py", line 609, in read_response
    raise TimeoutError(f"Timeout reading from {host_error}")
redis.exceptions.TimeoutError: Timeout reading from 127.0.0.1:16391
INFO:     127.0.0.1:60673 - "POST /api/auth/login HTTP/1.1" 200 OK
INFO:     127.0.0.1:60675 - "POST /api/auth/login HTTP/1.1" 200 OK
INFO:     127.0.0.1:60678 - "GET /api/evaluation/candidates?split=tuning HTTP/1.1" 200 OK
INFO:     127.0.0.1:60680 - "PUT /api/evaluation/candidates/tuning/pharma-001 HTTP/1.1" 200 OK
Received notification from DBMS server: <GqlStatusObject gql_status='01N52', status_description='warn: property key does not exist. The property `display_name` does not exist. Verify that the spelling is correct.', position=<SummaryInputPosition line=1, column=60, offset=59>, raw_classification='UNRECOGNIZED', classification=<NotificationClassification.UNRECOGNIZED: 'UNRECOGNIZED'>, raw_severity='WARNING', severity=<NotificationSeverity.WARNING: 'WARNING'>, diagnostic_record={'_classification': 'UNRECOGNIZED', '_severity': 'WARNING', '_position': {'offset': 59, 'line': 1, 'column': 60}, 'OPERATION': '', 'OPERATION_CODE': '0', 'CURRENT_SCHEMA': '/'}> for query: 'MATCH (u:User {id:$user_id,tenant_id:$tenant_id}) RETURN u.display_name AS display_name'
INFO:     127.0.0.1:60691 - "GET /api/auth/me HTTP/1.1" 200 OK
Received notification from DBMS server: <GqlStatusObject gql_status='01N52', status_description='warn: property key does not exist. The property `display_name` does not exist. Verify that the spelling is correct.', position=<SummaryInputPosition line=1, column=60, offset=59>, raw_classification='UNRECOGNIZED', classification=<NotificationClassification.UNRECOGNIZED: 'UNRECOGNIZED'>, raw_severity='WARNING', severity=<NotificationSeverity.WARNING: 'WARNING'>, diagnostic_record={'_classification': 'UNRECOGNIZED', '_severity': 'WARNING', '_position': {'offset': 59, 'line': 1, 'column': 60}, 'OPERATION': '', 'OPERATION_CODE': '0', 'CURRENT_SCHEMA': '/'}> for query: 'MATCH (u:User {id:$user_id,tenant_id:$tenant_id}) RETURN u.display_name AS display_name'
INFO:     127.0.0.1:60692 - "GET /api/auth/me HTTP/1.1" 200 OK
Received notification from DBMS server: <GqlStatusObject gql_status='01N52', status_description='warn: property key does not exist. The property `display_name` does not exist. Verify that the spelling is correct.', position=<SummaryInputPosition line=1, column=60, offset=59>, raw_classification='UNRECOGNIZED', classification=<NotificationClassification.UNRECOGNIZED: 'UNRECOGNIZED'>, raw_severity='WARNING', severity=<NotificationSeverity.WARNING: 'WARNING'>, diagnostic_record={'_classification': 'UNRECOGNIZED', '_severity': 'WARNING', '_position': {'offset': 59, 'line': 1, 'column': 60}, 'OPERATION': '', 'OPERATION_CODE': '0', 'CURRENT_SCHEMA': '/'}> for query: 'MATCH (u:User {id:$user_id,tenant_id:$tenant_id}) RETURN u.display_name AS display_name'
INFO:     127.0.0.1:60694 - "GET /api/auth/me HTTP/1.1" 200 OK
Received notification from DBMS server: <GqlStatusObject gql_status='01N52', status_description='warn: property key does not exist. The property `display_name` does not exist. Verify that the spelling is correct.', position=<SummaryInputPosition line=1, column=60, offset=59>, raw_classification='UNRECOGNIZED', classification=<NotificationClassification.UNRECOGNIZED: 'UNRECOGNIZED'>, raw_severity='WARNING', severity=<NotificationSeverity.WARNING: 'WARNING'>, diagnostic_record={'_classification': 'UNRECOGNIZED', '_severity': 'WARNING', '_position': {'offset': 59, 'line': 1, 'column': 60}, 'OPERATION': '', 'OPERATION_CODE': '0', 'CURRENT_SCHEMA': '/'}> for query: 'MATCH (u:User {id:$user_id,tenant_id:$tenant_id}) RETURN u.display_name AS display_name'
INFO:     127.0.0.1:60695 - "GET /api/auth/me HTTP/1.1" 200 OK
INFO:     127.0.0.1:60696 - "GET /api/evaluation/candidates?split=tuning HTTP/1.1" 200 OK
INFO:     127.0.0.1:60700 - "GET /api/evaluation/candidates?split=tuning HTTP/1.1" 200 OK
INFO:     127.0.0.1:60701 - "PUT /api/evaluation/candidates/tuning/pharma-001 HTTP/1.1" 200 OK
INFO:     127.0.0.1:60702 - "GET /api/evaluation/candidates?split=tuning HTTP/1.1" 200 OK
INFO:     127.0.0.1:60704 - "PUT /api/evaluation/candidates/tuning/pharma-002 HTTP/1.1" 200 OK
INFO:     127.0.0.1:60705 - "GET /api/evaluation/candidates?split=tuning HTTP/1.1" 200 OK
INFO:     127.0.0.1:60707 - "PUT /api/evaluation/candidates/tuning/pharma-003 HTTP/1.1" 200 OK
INFO:     127.0.0.1:60709 - "GET /api/evaluation/candidates?split=tuning HTTP/1.1" 200 OK
INFO:     127.0.0.1:60711 - "PUT /api/evaluation/candidates/tuning/pharma-004 HTTP/1.1" 200 OK
INFO:     127.0.0.1:60713 - "GET /api/evaluation/candidates?split=tuning HTTP/1.1" 200 OK
INFO:     127.0.0.1:60715 - "GET /api/evaluation/candidates?split=tuning HTTP/1.1" 200 OK
INFO:     127.0.0.1:60717 - "GET /api/evaluation/candidates?split=tuning HTTP/1.1" 200 OK
INFO:     127.0.0.1:60722 - "POST /api/auth/login HTTP/1.1" 200 OK
INFO:     127.0.0.1:60724 - "POST /api/auth/login HTTP/1.1" 200 OK
INFO:     127.0.0.1:60726 - "GET /api/evaluation/candidates?split=tuning HTTP/1.1" 200 OK
INFO:     127.0.0.1:60728 - "PUT /api/evaluation/candidates/tuning/pharma-001 HTTP/1.1" 200 OK
Received notification from DBMS server: <GqlStatusObject gql_status='01N52', status_description='warn: property key does not exist. The property `display_name` does not exist. Verify that the spelling is correct.', position=<SummaryInputPosition line=1, column=60, offset=59>, raw_classification='UNRECOGNIZED', classification=<NotificationClassification.UNRECOGNIZED: 'UNRECOGNIZED'>, raw_severity='WARNING', severity=<NotificationSeverity.WARNING: 'WARNING'>, diagnostic_record={'_classification': 'UNRECOGNIZED', '_severity': 'WARNING', '_position': {'offset': 59, 'line': 1, 'column': 60}, 'OPERATION': '', 'OPERATION_CODE': '0', 'CURRENT_SCHEMA': '/'}> for query: 'MATCH (u:User {id:$user_id,tenant_id:$tenant_id}) RETURN u.display_name AS display_name'
Received notification from DBMS server: <GqlStatusObject gql_status='01N52', status_description='warn: property key does not exist. The property `display_name` does not exist. Verify that the spelling is correct.', position=<SummaryInputPosition line=1, column=60, offset=59>, raw_classification='UNRECOGNIZED', classification=<NotificationClassification.UNRECOGNIZED: 'UNRECOGNIZED'>, raw_severity='WARNING', severity=<NotificationSeverity.WARNING: 'WARNING'>, diagnostic_record={'_classification': 'UNRECOGNIZED', '_severity': 'WARNING', '_position': {'offset': 59, 'line': 1, 'column': 60}, 'OPERATION': '', 'OPERATION_CODE': '0', 'CURRENT_SCHEMA': '/'}> for query: 'MATCH (u:User {id:$user_id,tenant_id:$tenant_id}) RETURN u.display_name AS display_name'
INFO:     127.0.0.1:60738 - "GET /api/auth/me HTTP/1.1" 200 OK
INFO:     127.0.0.1:60737 - "GET /api/auth/me HTTP/1.1" 200 OK
Received notification from DBMS server: <GqlStatusObject gql_status='01N52', status_description='warn: property key does not exist. The property `display_name` does not exist. Verify that the spelling is correct.', position=<SummaryInputPosition line=1, column=60, offset=59>, raw_classification='UNRECOGNIZED', classification=<NotificationClassification.UNRECOGNIZED: 'UNRECOGNIZED'>, raw_severity='WARNING', severity=<NotificationSeverity.WARNING: 'WARNING'>, diagnostic_record={'_classification': 'UNRECOGNIZED', '_severity': 'WARNING', '_position': {'offset': 59, 'line': 1, 'column': 60}, 'OPERATION': '', 'OPERATION_CODE': '0', 'CURRENT_SCHEMA': '/'}> for query: 'MATCH (u:User {id:$user_id,tenant_id:$tenant_id}) RETURN u.display_name AS display_name'
Received notification from DBMS server: <GqlStatusObject gql_status='01N52', status_description='warn: property key does not exist. The property `display_name` does not exist. Verify that the spelling is correct.', position=<SummaryInputPosition line=1, column=60, offset=59>, raw_classification='UNRECOGNIZED', classification=<NotificationClassification.UNRECOGNIZED: 'UNRECOGNIZED'>, raw_severity='WARNING', severity=<NotificationSeverity.WARNING: 'WARNING'>, diagnostic_record={'_classification': 'UNRECOGNIZED', '_severity': 'WARNING', '_position': {'offset': 59, 'line': 1, 'column': 60}, 'OPERATION': '', 'OPERATION_CODE': '0', 'CURRENT_SCHEMA': '/'}> for query: 'MATCH (u:User {id:$user_id,tenant_id:$tenant_id}) RETURN u.display_name AS display_name'
INFO:     127.0.0.1:60741 - "GET /api/auth/me HTTP/1.1" 200 OK
INFO:     127.0.0.1:60742 - "GET /api/auth/me HTTP/1.1" 200 OK
INFO:     127.0.0.1:60743 - "GET /api/evaluation/candidates?split=tuning HTTP/1.1" 200 OK
INFO:     127.0.0.1:60744 - "GET /api/evaluation/candidates?split=tuning HTTP/1.1" 200 OK
INFO:     127.0.0.1:60747 - "PUT /api/evaluation/candidates/tuning/pharma-001 HTTP/1.1" 200 OK
INFO:     127.0.0.1:60748 - "GET /api/evaluation/candidates?split=tuning HTTP/1.1" 200 OK
INFO:     127.0.0.1:60749 - "PUT /api/evaluation/candidates/tuning/pharma-002 HTTP/1.1" 200 OK
INFO:     127.0.0.1:60750 - "GET /api/evaluation/candidates?split=tuning HTTP/1.1" 200 OK
INFO:     127.0.0.1:60752 - "PUT /api/evaluation/candidates/tuning/pharma-003 HTTP/1.1" 200 OK
INFO:     127.0.0.1:60754 - "GET /api/evaluation/candidates?split=tuning HTTP/1.1" 200 OK
INFO:     127.0.0.1:60757 - "PUT /api/evaluation/candidates/tuning/pharma-004 HTTP/1.1" 200 OK
INFO:     127.0.0.1:60759 - "GET /api/evaluation/candidates?split=tuning HTTP/1.1" 200 OK
INFO:     127.0.0.1:60761 - "GET /api/evaluation/candidates?split=tuning HTTP/1.1" 200 OK
INFO:     127.0.0.1:60763 - "GET /api/evaluation/candidates?split=tuning HTTP/1.1" 200 OK
INFO:     127.0.0.1:60808 - "POST /api/auth/login HTTP/1.1" 200 OK
Received notification from DBMS server: <GqlStatusObject gql_status='01N52', status_description='warn: property key does not exist. The property `display_name` does not exist. Verify that the spelling is correct.', position=<SummaryInputPosition line=1, column=60, offset=59>, raw_classification='UNRECOGNIZED', classification=<NotificationClassification.UNRECOGNIZED: 'UNRECOGNIZED'>, raw_severity='WARNING', severity=<NotificationSeverity.WARNING: 'WARNING'>, diagnostic_record={'_classification': 'UNRECOGNIZED', '_severity': 'WARNING', '_position': {'offset': 59, 'line': 1, 'column': 60}, 'OPERATION': '', 'OPERATION_CODE': '0', 'CURRENT_SCHEMA': '/'}> for query: 'MATCH (u:User {id:$user_id,tenant_id:$tenant_id}) RETURN u.display_name AS display_name'
INFO:     127.0.0.1:60823 - "GET /api/auth/me HTTP/1.1" 200 OK
Received notification from DBMS server: <GqlStatusObject gql_status='01N52', status_description='warn: property key does not exist. The property `display_name` does not exist. Verify that the spelling is correct.', position=<SummaryInputPosition line=1, column=60, offset=59>, raw_classification='UNRECOGNIZED', classification=<NotificationClassification.UNRECOGNIZED: 'UNRECOGNIZED'>, raw_severity='WARNING', severity=<NotificationSeverity.WARNING: 'WARNING'>, diagnostic_record={'_classification': 'UNRECOGNIZED', '_severity': 'WARNING', '_position': {'offset': 59, 'line': 1, 'column': 60}, 'OPERATION': '', 'OPERATION_CODE': '0', 'CURRENT_SCHEMA': '/'}> for query: 'MATCH (u:User {id:$user_id,tenant_id:$tenant_id}) RETURN u.display_name AS display_name'
INFO:     127.0.0.1:60824 - "GET /api/auth/me HTTP/1.1" 200 OK
Received notification from DBMS server: <GqlStatusObject gql_status='01N52', status_description='warn: property key does not exist. The property `display_name` does not exist. Verify that the spelling is correct.', position=<SummaryInputPosition line=1, column=60, offset=59>, raw_classification='UNRECOGNIZED', classification=<NotificationClassification.UNRECOGNIZED: 'UNRECOGNIZED'>, raw_severity='WARNING', severity=<NotificationSeverity.WARNING: 'WARNING'>, diagnostic_record={'_classification': 'UNRECOGNIZED', '_severity': 'WARNING', '_position': {'offset': 59, 'line': 1, 'column': 60}, 'OPERATION': '', 'OPERATION_CODE': '0', 'CURRENT_SCHEMA': '/'}> for query: 'MATCH (u:User {id:$user_id,tenant_id:$tenant_id}) RETURN u.display_name AS display_name'
INFO:     127.0.0.1:60830 - "GET /api/auth/me HTTP/1.1" 200 OK
Received notification from DBMS server: <GqlStatusObject gql_status='01N52', status_description='warn: property key does not exist. The property `display_name` does not exist. Verify that the spelling is correct.', position=<SummaryInputPosition line=1, column=60, offset=59>, raw_classification='UNRECOGNIZED', classification=<NotificationClassification.UNRECOGNIZED: 'UNRECOGNIZED'>, raw_severity='WARNING', severity=<NotificationSeverity.WARNING: 'WARNING'>, diagnostic_record={'_classification': 'UNRECOGNIZED', '_severity': 'WARNING', '_position': {'offset': 59, 'line': 1, 'column': 60}, 'OPERATION': '', 'OPERATION_CODE': '0', 'CURRENT_SCHEMA': '/'}> for query: 'MATCH (u:User {id:$user_id,tenant_id:$tenant_id}) RETURN u.display_name AS display_name'
INFO:     127.0.0.1:60832 - "GET /api/requests/req_33a60302a76c4b96906b01cdf11aab4e/runs HTTP/1.1" 200 OK
INFO:     127.0.0.1:60833 - "GET /api/auth/me HTTP/1.1" 200 OK
INFO:     127.0.0.1:60834 - "GET /api/requests/req_33a60302a76c4b96906b01cdf11aab4e/runs HTTP/1.1" 200 OK
Received notification from DBMS server: <GqlStatusObject gql_status='01G11', status_description='warn: null value eliminated in set function', position=None, raw_classification='UNRECOGNIZED', classification=<NotificationClassification.UNRECOGNIZED: 'UNRECOGNIZED'>, raw_severity='WARNING', severity=<NotificationSeverity.WARNING: 'WARNING'>, diagnostic_record={'_classification': 'UNRECOGNIZED', '_severity': 'WARNING', 'OPERATION': '', 'OPERATION_CODE': '0', 'CURRENT_SCHEMA': '/'}> for query: 'MATCH (r:Run {tenant_id:$tenant_id,id:$run_id}) OPTIONAL MATCH (r)-[:HAS_STEP]->(s:RunStep {tenant_id:$tenant_id}) OPTIONAL MATCH (v:Review {tenant_id:$tenant_id,request_id:r.request_id,run_id:r.id}) OPTIONAL MATCH (d:ReviewDecision {tenant_id:$tenant_id,review_id:v.id}) RETURN r,collect(DISTINCT s) AS steps,collect(DISTINCT v) AS reviews,collect(DISTINCT d) AS decisions'
INFO:     127.0.0.1:60837 - "GET /api/observe/runs/run_4c5a5a8e145b4a1b9e294720783d8544/flow HTTP/1.1" 200 OK
INFO:     127.0.0.1:60838 - "GET /api/observe/runs/run_4c5a5a8e145b4a1b9e294720783d8544/playback HTTP/1.1" 200 OK
INFO:     127.0.0.1:60831 - "GET /api/requests?limit=50 HTTP/1.1" 200 OK
INFO:     127.0.0.1:60845 - "GET /api/requests?limit=50 HTTP/1.1" 200 OK
INFO:     127.0.0.1:61777 - "GET /api/requests?limit=100 HTTP/1.1" 200 OK
Received notification from DBMS server: <GqlStatusObject gql_status='01G11', status_description='warn: null value eliminated in set function', position=None, raw_classification='UNRECOGNIZED', classification=<NotificationClassification.UNRECOGNIZED: 'UNRECOGNIZED'>, raw_severity='WARNING', severity=<NotificationSeverity.WARNING: 'WARNING'>, diagnostic_record={'_classification': 'UNRECOGNIZED', '_severity': 'WARNING', 'OPERATION': '', 'OPERATION_CODE': '0', 'CURRENT_SCHEMA': '/'}> for query: 'MATCH (q:Request {tenant_id:$tenant})-[:HAS_TASK]->(t:Task {tenant_id:$tenant}) OPTIONAL MATCH (t)-[a:ASSIGNED_TO]->(o:Org {tenant_id:$tenant}) OPTIONAL MATCH (p:Task {tenant_id:$tenant})-[:PRECEDES]->(t) RETURN q,t,collect(DISTINCT {org:o.id,role:a.role}) AS orgs,collect(DISTINCT p) AS predecessors ORDER BY t.created_at DESC'
INFO:     127.0.0.1:61781 - "GET /api/tasks HTTP/1.1" 200 OK
INFO:     127.0.0.1:61785 - "GET /api/requests/audit_map_req/runs HTTP/1.1" 200 OK
INFO:     127.0.0.1:61789 - "GET /api/requests/req_33a60302a76c4b96906b01cdf11aab4e/runs HTTP/1.1" 200 OK
INFO:     127.0.0.1:61792 - "GET /api/requests/req_3503948c4b87404cba4714536567406e/runs HTTP/1.1" 200 OK
INFO:     127.0.0.1:61796 - "GET /api/requests/req_f7ce2a90cbaf4292ab72e7ddb7872d77/runs HTTP/1.1" 200 OK
INFO:     127.0.0.1:61800 - "GET /api/requests/req_7e2fe8f1d23f4cff9d0510fbbb470984/runs HTTP/1.1" 200 OK
Received notification from DBMS server: <GqlStatusObject gql_status='01G11', status_description='warn: null value eliminated in set function', position=None, raw_classification='UNRECOGNIZED', classification=<NotificationClassification.UNRECOGNIZED: 'UNRECOGNIZED'>, raw_severity='WARNING', severity=<NotificationSeverity.WARNING: 'WARNING'>, diagnostic_record={'_classification': 'UNRECOGNIZED', '_severity': 'WARNING', 'OPERATION': '', 'OPERATION_CODE': '0', 'CURRENT_SCHEMA': '/'}> for query: 'MATCH (v:Review {tenant_id:$tenant_id,run_id:$run_id}) OPTIONAL MATCH (v)-[:HAS_DECISION]->(h:ReviewDecision) OPTIONAL MATCH (h)-[:RECORDED]->(c:Correction) RETURN v,collect(DISTINCT h) AS history,collect(DISTINCT c) AS corrections ORDER BY v.created_at'
INFO:     127.0.0.1:61929 - "GET /api/observe/steps/step_dceb8af4208546c28d0ab4ead335bcd1 HTTP/1.1" 200 OK
INFO:     127.0.0.1:61956 - "GET /api/requests?limit=100 HTTP/1.1" 200 OK
Received notification from DBMS server: <GqlStatusObject gql_status='01G11', status_description='warn: null value eliminated in set function', position=None, raw_classification='UNRECOGNIZED', classification=<NotificationClassification.UNRECOGNIZED: 'UNRECOGNIZED'>, raw_severity='WARNING', severity=<NotificationSeverity.WARNING: 'WARNING'>, diagnostic_record={'_classification': 'UNRECOGNIZED', '_severity': 'WARNING', 'OPERATION': '', 'OPERATION_CODE': '0', 'CURRENT_SCHEMA': '/'}> for query: 'MATCH (q:Request {tenant_id:$tenant})-[:HAS_TASK]->(t:Task {tenant_id:$tenant}) OPTIONAL MATCH (t)-[a:ASSIGNED_TO]->(o:Org {tenant_id:$tenant}) OPTIONAL MATCH (p:Task {tenant_id:$tenant})-[:PRECEDES]->(t) RETURN q,t,collect(DISTINCT {org:o.id,role:a.role}) AS orgs,collect(DISTINCT p) AS predecessors ORDER BY t.created_at DESC'
INFO:     127.0.0.1:61961 - "GET /api/tasks HTTP/1.1" 200 OK
INFO:     127.0.0.1:61964 - "GET /api/requests/audit_map_req/runs HTTP/1.1" 200 OK
INFO:     127.0.0.1:61967 - "GET /api/requests/req_33a60302a76c4b96906b01cdf11aab4e/runs HTTP/1.1" 200 OK
INFO:     127.0.0.1:61970 - "GET /api/requests/req_3503948c4b87404cba4714536567406e/runs HTTP/1.1" 200 OK
INFO:     127.0.0.1:61974 - "GET /api/requests/req_f7ce2a90cbaf4292ab72e7ddb7872d77/runs HTTP/1.1" 200 OK
INFO:     127.0.0.1:61980 - "GET /api/requests/req_7e2fe8f1d23f4cff9d0510fbbb470984/runs HTTP/1.1" 200 OK
Received notification from DBMS server: <GqlStatusObject gql_status='01N52', status_description='warn: property key does not exist. The property `display_name` does not exist. Verify that the spelling is correct.', position=<SummaryInputPosition line=1, column=60, offset=59>, raw_classification='UNRECOGNIZED', classification=<NotificationClassification.UNRECOGNIZED: 'UNRECOGNIZED'>, raw_severity='WARNING', severity=<NotificationSeverity.WARNING: 'WARNING'>, diagnostic_record={'_classification': 'UNRECOGNIZED', '_severity': 'WARNING', '_position': {'offset': 59, 'line': 1, 'column': 60}, 'OPERATION': '', 'OPERATION_CODE': '0', 'CURRENT_SCHEMA': '/'}> for query: 'MATCH (u:User {id:$user_id,tenant_id:$tenant_id}) RETURN u.display_name AS display_name'
INFO:     127.0.0.1:62002 - "GET /api/auth/me HTTP/1.1" 200 OK
Received notification from DBMS server: <GqlStatusObject gql_status='01N52', status_description='warn: property key does not exist. The property `display_name` does not exist. Verify that the spelling is correct.', position=<SummaryInputPosition line=1, column=60, offset=59>, raw_classification='UNRECOGNIZED', classification=<NotificationClassification.UNRECOGNIZED: 'UNRECOGNIZED'>, raw_severity='WARNING', severity=<NotificationSeverity.WARNING: 'WARNING'>, diagnostic_record={'_classification': 'UNRECOGNIZED', '_severity': 'WARNING', '_position': {'offset': 59, 'line': 1, 'column': 60}, 'OPERATION': '', 'OPERATION_CODE': '0', 'CURRENT_SCHEMA': '/'}> for query: 'MATCH (u:User {id:$user_id,tenant_id:$tenant_id}) RETURN u.display_name AS display_name'
INFO:     127.0.0.1:62003 - "GET /api/auth/me HTTP/1.1" 200 OK
Received notification from DBMS server: <GqlStatusObject gql_status='01N52', status_description='warn: property key does not exist. The property `display_name` does not exist. Verify that the spelling is correct.', position=<SummaryInputPosition line=1, column=60, offset=59>, raw_classification='UNRECOGNIZED', classification=<NotificationClassification.UNRECOGNIZED: 'UNRECOGNIZED'>, raw_severity='WARNING', severity=<NotificationSeverity.WARNING: 'WARNING'>, diagnostic_record={'_classification': 'UNRECOGNIZED', '_severity': 'WARNING', '_position': {'offset': 59, 'line': 1, 'column': 60}, 'OPERATION': '', 'OPERATION_CODE': '0', 'CURRENT_SCHEMA': '/'}> for query: 'MATCH (u:User {id:$user_id,tenant_id:$tenant_id}) RETURN u.display_name AS display_name'
INFO:     127.0.0.1:62009 - "GET /api/auth/me HTTP/1.1" 200 OK
Received notification from DBMS server: <GqlStatusObject gql_status='01N52', status_description='warn: property key does not exist. The property `display_name` does not exist. Verify that the spelling is correct.', position=<SummaryInputPosition line=1, column=60, offset=59>, raw_classification='UNRECOGNIZED', classification=<NotificationClassification.UNRECOGNIZED: 'UNRECOGNIZED'>, raw_severity='WARNING', severity=<NotificationSeverity.WARNING: 'WARNING'>, diagnostic_record={'_classification': 'UNRECOGNIZED', '_severity': 'WARNING', '_position': {'offset': 59, 'line': 1, 'column': 60}, 'OPERATION': '', 'OPERATION_CODE': '0', 'CURRENT_SCHEMA': '/'}> for query: 'MATCH (u:User {id:$user_id,tenant_id:$tenant_id}) RETURN u.display_name AS display_name'
INFO:     127.0.0.1:62010 - "GET /api/auth/me HTTP/1.1" 200 OK
INFO:     127.0.0.1:62008 - "GET /api/graph/judgment?request_id=req_3503948c4b87404cba4714536567406e&depth=6 HTTP/1.1" 200 OK
INFO:     127.0.0.1:62013 - "GET /api/graph/judgment?request_id=req_3503948c4b87404cba4714536567406e&depth=6 HTTP/1.1" 200 OK
INFO:     127.0.0.1:62633 - "GET /api/graph/judgment/nodes/step_72a8b216da6547af9b8009949085e05f?kind=RunStep HTTP/1.1" 200 OK
INFO:     127.0.0.1:62634 - "GET /api/graph/judgment/path?node_id=step_72a8b216da6547af9b8009949085e05f&kind=RunStep&direction=both HTTP/1.1" 200 OK
Received notification from DBMS server: <GqlStatusObject gql_status='01N52', status_description='warn: property key does not exist. The property `display_name` does not exist. Verify that the spelling is correct.', position=<SummaryInputPosition line=1, column=60, offset=59>, raw_classification='UNRECOGNIZED', classification=<NotificationClassification.UNRECOGNIZED: 'UNRECOGNIZED'>, raw_severity='WARNING', severity=<NotificationSeverity.WARNING: 'WARNING'>, diagnostic_record={'_classification': 'UNRECOGNIZED', '_severity': 'WARNING', '_position': {'offset': 59, 'line': 1, 'column': 60}, 'OPERATION': '', 'OPERATION_CODE': '0', 'CURRENT_SCHEMA': '/'}> for query: 'MATCH (u:User {id:$user_id,tenant_id:$tenant_id}) RETURN u.display_name AS display_name'
INFO:     127.0.0.1:63205 - "GET /api/auth/me HTTP/1.1" 200 OK
Received notification from DBMS server: <GqlStatusObject gql_status='01N52', status_description='warn: property key does not exist. The property `display_name` does not exist. Verify that the spelling is correct.', position=<SummaryInputPosition line=1, column=60, offset=59>, raw_classification='UNRECOGNIZED', classification=<NotificationClassification.UNRECOGNIZED: 'UNRECOGNIZED'>, raw_severity='WARNING', severity=<NotificationSeverity.WARNING: 'WARNING'>, diagnostic_record={'_classification': 'UNRECOGNIZED', '_severity': 'WARNING', '_position': {'offset': 59, 'line': 1, 'column': 60}, 'OPERATION': '', 'OPERATION_CODE': '0', 'CURRENT_SCHEMA': '/'}> for query: 'MATCH (u:User {id:$user_id,tenant_id:$tenant_id}) RETURN u.display_name AS display_name'
INFO:     127.0.0.1:63206 - "GET /api/auth/me HTTP/1.1" 200 OK
Received notification from DBMS server: <GqlStatusObject gql_status='01N52', status_description='warn: property key does not exist. The property `display_name` does not exist. Verify that the spelling is correct.', position=<SummaryInputPosition line=1, column=60, offset=59>, raw_classification='UNRECOGNIZED', classification=<NotificationClassification.UNRECOGNIZED: 'UNRECOGNIZED'>, raw_severity='WARNING', severity=<NotificationSeverity.WARNING: 'WARNING'>, diagnostic_record={'_classification': 'UNRECOGNIZED', '_severity': 'WARNING', '_position': {'offset': 59, 'line': 1, 'column': 60}, 'OPERATION': '', 'OPERATION_CODE': '0', 'CURRENT_SCHEMA': '/'}> for query: 'MATCH (u:User {id:$user_id,tenant_id:$tenant_id}) RETURN u.display_name AS display_name'
INFO:     127.0.0.1:63210 - "GET /api/auth/me HTTP/1.1" 200 OK
Received notification from DBMS server: <GqlStatusObject gql_status='01N52', status_description='warn: property key does not exist. The property `display_name` does not exist. Verify that the spelling is correct.', position=<SummaryInputPosition line=1, column=60, offset=59>, raw_classification='UNRECOGNIZED', classification=<NotificationClassification.UNRECOGNIZED: 'UNRECOGNIZED'>, raw_severity='WARNING', severity=<NotificationSeverity.WARNING: 'WARNING'>, diagnostic_record={'_classification': 'UNRECOGNIZED', '_severity': 'WARNING', '_position': {'offset': 59, 'line': 1, 'column': 60}, 'OPERATION': '', 'OPERATION_CODE': '0', 'CURRENT_SCHEMA': '/'}> for query: 'MATCH (u:User {id:$user_id,tenant_id:$tenant_id}) RETURN u.display_name AS display_name'
INFO:     127.0.0.1:63214 - "GET /api/auth/me HTTP/1.1" 200 OK
INFO:     127.0.0.1:63209 - "GET /api/graph/judgment?rule_id=R-AUDIT-E2E-01&depth=6 HTTP/1.1" 200 OK
INFO:     127.0.0.1:63217 - "GET /api/graph/judgment?rule_id=R-AUDIT-E2E-01&depth=6 HTTP/1.1" 200 OK
INFO:     127.0.0.1:63556 - "POST /api/auth/login HTTP/1.1" 200 OK
Received notification from DBMS server: <GqlStatusObject gql_status='01N52', status_description='warn: property key does not exist. The property `display_name` does not exist. Verify that the spelling is correct.', position=<SummaryInputPosition line=1, column=60, offset=59>, raw_classification='UNRECOGNIZED', classification=<NotificationClassification.UNRECOGNIZED: 'UNRECOGNIZED'>, raw_severity='WARNING', severity=<NotificationSeverity.WARNING: 'WARNING'>, diagnostic_record={'_classification': 'UNRECOGNIZED', '_severity': 'WARNING', '_position': {'offset': 59, 'line': 1, 'column': 60}, 'OPERATION': '', 'OPERATION_CODE': '0', 'CURRENT_SCHEMA': '/'}> for query: 'MATCH (u:User {id:$user_id,tenant_id:$tenant_id}) RETURN u.display_name AS display_name'
INFO:     127.0.0.1:63571 - "GET /api/auth/me HTTP/1.1" 200 OK
Received notification from DBMS server: <GqlStatusObject gql_status='01N52', status_description='warn: property key does not exist. The property `display_name` does not exist. Verify that the spelling is correct.', position=<SummaryInputPosition line=1, column=60, offset=59>, raw_classification='UNRECOGNIZED', classification=<NotificationClassification.UNRECOGNIZED: 'UNRECOGNIZED'>, raw_severity='WARNING', severity=<NotificationSeverity.WARNING: 'WARNING'>, diagnostic_record={'_classification': 'UNRECOGNIZED', '_severity': 'WARNING', '_position': {'offset': 59, 'line': 1, 'column': 60}, 'OPERATION': '', 'OPERATION_CODE': '0', 'CURRENT_SCHEMA': '/'}> for query: 'MATCH (u:User {id:$user_id,tenant_id:$tenant_id}) RETURN u.display_name AS display_name'
INFO:     127.0.0.1:63572 - "GET /api/auth/me HTTP/1.1" 200 OK
Received notification from DBMS server: <GqlStatusObject gql_status='01N52', status_description='warn: property key does not exist. The property `display_name` does not exist. Verify that the spelling is correct.', position=<SummaryInputPosition line=1, column=60, offset=59>, raw_classification='UNRECOGNIZED', classification=<NotificationClassification.UNRECOGNIZED: 'UNRECOGNIZED'>, raw_severity='WARNING', severity=<NotificationSeverity.WARNING: 'WARNING'>, diagnostic_record={'_classification': 'UNRECOGNIZED', '_severity': 'WARNING', '_position': {'offset': 59, 'line': 1, 'column': 60}, 'OPERATION': '', 'OPERATION_CODE': '0', 'CURRENT_SCHEMA': '/'}> for query: 'MATCH (u:User {id:$user_id,tenant_id:$tenant_id}) RETURN u.display_name AS display_name'
INFO:     127.0.0.1:63576 - "GET /api/learning/candidates HTTP/1.1" 200 OK
INFO:     127.0.0.1:63575 - "GET /api/auth/me HTTP/1.1" 200 OK
INFO:     127.0.0.1:63577 - "GET /api/policy/active HTTP/1.1" 200 OK
INFO:     127.0.0.1:63582 - "GET /api/policy/active HTTP/1.1" 200 OK
Received notification from DBMS server: <GqlStatusObject gql_status='01N52', status_description='warn: property key does not exist. The property `display_name` does not exist. Verify that the spelling is correct.', position=<SummaryInputPosition line=1, column=60, offset=59>, raw_classification='UNRECOGNIZED', classification=<NotificationClassification.UNRECOGNIZED: 'UNRECOGNIZED'>, raw_severity='WARNING', severity=<NotificationSeverity.WARNING: 'WARNING'>, diagnostic_record={'_classification': 'UNRECOGNIZED', '_severity': 'WARNING', '_position': {'offset': 59, 'line': 1, 'column': 60}, 'OPERATION': '', 'OPERATION_CODE': '0', 'CURRENT_SCHEMA': '/'}> for query: 'MATCH (u:User {id:$user_id,tenant_id:$tenant_id}) RETURN u.display_name AS display_name'
INFO:     127.0.0.1:63580 - "GET /api/learning/candidates HTTP/1.1" 200 OK
INFO:     127.0.0.1:63581 - "GET /api/auth/me HTTP/1.1" 200 OK
INFO:     127.0.0.1:63592 - "GET /api/learning/candidates HTTP/1.1" 200 OK
INFO:     127.0.0.1:63590 - "GET /api/policy/active HTTP/1.1" 200 OK
INFO:     127.0.0.1:63585 - "GET /api/learning/corrections HTTP/1.1" 200 OK
INFO:     127.0.0.1:63595 - "GET /api/learning/rules HTTP/1.1" 200 OK
INFO:     127.0.0.1:63598 - "GET /api/learning/corrections HTTP/1.1" 200 OK
Received notification from DBMS server: <GqlStatusObject gql_status='01G11', status_description='warn: null value eliminated in set function', position=None, raw_classification='UNRECOGNIZED', classification=<NotificationClassification.UNRECOGNIZED: 'UNRECOGNIZED'>, raw_severity='WARNING', severity=<NotificationSeverity.WARNING: 'WARNING'>, diagnostic_record={'_classification': 'UNRECOGNIZED', '_severity': 'WARNING', 'OPERATION': '', 'OPERATION_CODE': '0', 'CURRENT_SCHEMA': '/'}> for query: 'MATCH (r:RuleVersion {tenant_id:$tenant,rule_id:$rule_id}) OPTIONAL MATCH (r)-[:DERIVED_FROM]->(d:RuleDecision {tenant_id:$tenant}) OPTIONAL MATCH (r)-[:PUBLISHED_IN]->(c:ConfigVersion {tenant_id:$tenant}) OPTIONAL MATCH (s:RunStep {tenant_id:$tenant})-[a:APPLIED]->(r) RETURN r.version AS version,r.status AS status,r.body AS body,d.insufficient_approved AS insufficient_approved,collect(DISTINCT c.version) AS config_versions,count(DISTINCT a) AS application_count ORDER BY version'
INFO:     127.0.0.1:63601 - "GET /api/learning/rules/R-AUDIT-E2E-01 HTTP/1.1" 200 OK
INFO:     127.0.0.1:63604 - "GET /api/learning/corrections HTTP/1.1" 200 OK
Received notification from DBMS server: <GqlStatusObject gql_status='01G11', status_description='warn: null value eliminated in set function', position=None, raw_classification='UNRECOGNIZED', classification=<NotificationClassification.UNRECOGNIZED: 'UNRECOGNIZED'>, raw_severity='WARNING', severity=<NotificationSeverity.WARNING: 'WARNING'>, diagnostic_record={'_classification': 'UNRECOGNIZED', '_severity': 'WARNING', 'OPERATION': '', 'OPERATION_CODE': '0', 'CURRENT_SCHEMA': '/'}> for query: "MATCH (h:ReviewDecision {tenant_id:$tenant}) OPTIONAL MATCH (h)-[:RECORDED]->(c:Correction {tenant_id:$tenant}) WITH h,collect(c) AS corrections WHERE h.action IN ['approve','approve_with_changes'] RETURN h.id AS decision_id,h.action AS action,h.request_id AS request_id,h.run_id AS run_id,[c IN corrections WHERE c IS NOT NULL | {field:c.field,value:c.corrected_value}] AS edits"
INFO:     127.0.0.1:63964 - "POST /api/learning/candidates/generate HTTP/1.1" 200 OK
INFO:     127.0.0.1:63972 - "GET /api/learning/candidates HTTP/1.1" 200 OK
INFO:     127.0.0.1:63973 - "GET /api/policy/active HTTP/1.1" 200 OK
INFO:     127.0.0.1:63979 - "GET /api/learning/rules HTTP/1.1" 200 OK
INFO:     127.0.0.1:63978 - "GET /api/learning/corrections HTTP/1.1" 200 OK
Received notification from DBMS server: <GqlStatusObject gql_status='01G11', status_description='warn: null value eliminated in set function', position=None, raw_classification='UNRECOGNIZED', classification=<NotificationClassification.UNRECOGNIZED: 'UNRECOGNIZED'>, raw_severity='WARNING', severity=<NotificationSeverity.WARNING: 'WARNING'>, diagnostic_record={'_classification': 'UNRECOGNIZED', '_severity': 'WARNING', 'OPERATION': '', 'OPERATION_CODE': '0', 'CURRENT_SCHEMA': '/'}> for query: 'MATCH (r:RuleVersion {tenant_id:$tenant,rule_id:$rule_id}) OPTIONAL MATCH (r)-[:DERIVED_FROM]->(d:RuleDecision {tenant_id:$tenant}) OPTIONAL MATCH (r)-[:PUBLISHED_IN]->(c:ConfigVersion {tenant_id:$tenant}) OPTIONAL MATCH (s:RunStep {tenant_id:$tenant})-[a:APPLIED]->(r) RETURN r.version AS version,r.status AS status,r.body AS body,d.insufficient_approved AS insufficient_approved,collect(DISTINCT c.version) AS config_versions,count(DISTINCT a) AS application_count ORDER BY version'
INFO:     127.0.0.1:63983 - "GET /api/learning/rules/R-AUDIT-E2E-01 HTTP/1.1" 200 OK
INFO:     127.0.0.1:64023 - "POST /api/auth/login HTTP/1.1" 200 OK
Received notification from DBMS server: <GqlStatusObject gql_status='01N52', status_description='warn: property key does not exist. The property `display_name` does not exist. Verify that the spelling is correct.', position=<SummaryInputPosition line=1, column=60, offset=59>, raw_classification='UNRECOGNIZED', classification=<NotificationClassification.UNRECOGNIZED: 'UNRECOGNIZED'>, raw_severity='WARNING', severity=<NotificationSeverity.WARNING: 'WARNING'>, diagnostic_record={'_classification': 'UNRECOGNIZED', '_severity': 'WARNING', '_position': {'offset': 59, 'line': 1, 'column': 60}, 'OPERATION': '', 'OPERATION_CODE': '0', 'CURRENT_SCHEMA': '/'}> for query: 'MATCH (u:User {id:$user_id,tenant_id:$tenant_id}) RETURN u.display_name AS display_name'
INFO:     127.0.0.1:64035 - "GET /api/auth/me HTTP/1.1" 200 OK
Received notification from DBMS server: <GqlStatusObject gql_status='01N52', status_description='warn: property key does not exist. The property `display_name` does not exist. Verify that the spelling is correct.', position=<SummaryInputPosition line=1, column=60, offset=59>, raw_classification='UNRECOGNIZED', classification=<NotificationClassification.UNRECOGNIZED: 'UNRECOGNIZED'>, raw_severity='WARNING', severity=<NotificationSeverity.WARNING: 'WARNING'>, diagnostic_record={'_classification': 'UNRECOGNIZED', '_severity': 'WARNING', '_position': {'offset': 59, 'line': 1, 'column': 60}, 'OPERATION': '', 'OPERATION_CODE': '0', 'CURRENT_SCHEMA': '/'}> for query: 'MATCH (u:User {id:$user_id,tenant_id:$tenant_id}) RETURN u.display_name AS display_name'
INFO:     127.0.0.1:64036 - "GET /api/auth/me HTTP/1.1" 200 OK
Received notification from DBMS server: <GqlStatusObject gql_status='01N52', status_description='warn: property key does not exist. The property `display_name` does not exist. Verify that the spelling is correct.', position=<SummaryInputPosition line=1, column=60, offset=59>, raw_classification='UNRECOGNIZED', classification=<NotificationClassification.UNRECOGNIZED: 'UNRECOGNIZED'>, raw_severity='WARNING', severity=<NotificationSeverity.WARNING: 'WARNING'>, diagnostic_record={'_classification': 'UNRECOGNIZED', '_severity': 'WARNING', '_position': {'offset': 59, 'line': 1, 'column': 60}, 'OPERATION': '', 'OPERATION_CODE': '0', 'CURRENT_SCHEMA': '/'}> for query: 'MATCH (u:User {id:$user_id,tenant_id:$tenant_id}) RETURN u.display_name AS display_name'
INFO:     127.0.0.1:64041 - "GET /api/auth/me HTTP/1.1" 200 OK
INFO:     127.0.0.1:64042 - "GET /api/events/stream?after=0 HTTP/1.1" 200 OK
INFO:     127.0.0.1:64040 - "GET /api/requests?limit=50 HTTP/1.1" 200 OK
Received notification from DBMS server: <GqlStatusObject gql_status='01N52', status_description='warn: property key does not exist. The property `display_name` does not exist. Verify that the spelling is correct.', position=<SummaryInputPosition line=1, column=60, offset=59>, raw_classification='UNRECOGNIZED', classification=<NotificationClassification.UNRECOGNIZED: 'UNRECOGNIZED'>, raw_severity='WARNING', severity=<NotificationSeverity.WARNING: 'WARNING'>, diagnostic_record={'_classification': 'UNRECOGNIZED', '_severity': 'WARNING', '_position': {'offset': 59, 'line': 1, 'column': 60}, 'OPERATION': '', 'OPERATION_CODE': '0', 'CURRENT_SCHEMA': '/'}> for query: 'MATCH (u:User {id:$user_id,tenant_id:$tenant_id}) RETURN u.display_name AS display_name'
INFO:     127.0.0.1:64044 - "GET /api/auth/me HTTP/1.1" 200 OK
INFO:     127.0.0.1:64045 - "GET /api/requests?limit=50 HTTP/1.1" 200 OK
Received notification from DBMS server: <GqlStatusObject gql_status='01G11', status_description='warn: null value eliminated in set function', position=None, raw_classification='UNRECOGNIZED', classification=<NotificationClassification.UNRECOGNIZED: 'UNRECOGNIZED'>, raw_severity='WARNING', severity=<NotificationSeverity.WARNING: 'WARNING'>, diagnostic_record={'_classification': 'UNRECOGNIZED', '_severity': 'WARNING', 'OPERATION': '', 'OPERATION_CODE': '0', 'CURRENT_SCHEMA': '/'}> for query: 'MATCH (r:Request {id:$id,tenant_id:$tenant_id}) OPTIONAL MATCH (r)-[:HAS_REVISION]->(i:InputRevision) OPTIONAL MATCH (i)-[:HAS_ATTACHMENT]->(a:Attachment) OPTIONAL MATCH (active:Run {id:r.active_run_id,tenant_id:$tenant_id}) RETURN r,collect(DISTINCT i) AS revisions,collect(DISTINCT a) AS attachments,active'
INFO:     127.0.0.1:64047 - "GET /api/requests/audit_map_req HTTP/1.1" 200 OK
Received notification from DBMS server: <GqlStatusObject gql_status='01N52', status_description='warn: property key does not exist. The property `display_name` does not exist. Verify that the spelling is correct.', position=<SummaryInputPosition line=1, column=60, offset=59>, raw_classification='UNRECOGNIZED', classification=<NotificationClassification.UNRECOGNIZED: 'UNRECOGNIZED'>, raw_severity='WARNING', severity=<NotificationSeverity.WARNING: 'WARNING'>, diagnostic_record={'_classification': 'UNRECOGNIZED', '_severity': 'WARNING', '_position': {'offset': 59, 'line': 1, 'column': 60}, 'OPERATION': '', 'OPERATION_CODE': '0', 'CURRENT_SCHEMA': '/'}> for query: 'MATCH (u:User {id:$user_id,tenant_id:$tenant_id}) RETURN u.display_name AS display_name'
INFO:     127.0.0.1:64054 - "POST /api/auth/login HTTP/1.1" 200 OK
Received notification from DBMS server: <GqlStatusObject gql_status='01N52', status_description='warn: property key does not exist. The property `display_name` does not exist. Verify that the spelling is correct.', position=<SummaryInputPosition line=1, column=60, offset=59>, raw_classification='UNRECOGNIZED', classification=<NotificationClassification.UNRECOGNIZED: 'UNRECOGNIZED'>, raw_severity='WARNING', severity=<NotificationSeverity.WARNING: 'WARNING'>, diagnostic_record={'_classification': 'UNRECOGNIZED', '_severity': 'WARNING', '_position': {'offset': 59, 'line': 1, 'column': 60}, 'OPERATION': '', 'OPERATION_CODE': '0', 'CURRENT_SCHEMA': '/'}> for query: 'MATCH (u:User {id:$user_id,tenant_id:$tenant_id}) RETURN u.display_name AS display_name'
INFO:     127.0.0.1:64065 - "GET /api/auth/me HTTP/1.1" 200 OK
Received notification from DBMS server: <GqlStatusObject gql_status='01N52', status_description='warn: property key does not exist. The property `display_name` does not exist. Verify that the spelling is correct.', position=<SummaryInputPosition line=1, column=60, offset=59>, raw_classification='UNRECOGNIZED', classification=<NotificationClassification.UNRECOGNIZED: 'UNRECOGNIZED'>, raw_severity='WARNING', severity=<NotificationSeverity.WARNING: 'WARNING'>, diagnostic_record={'_classification': 'UNRECOGNIZED', '_severity': 'WARNING', '_position': {'offset': 59, 'line': 1, 'column': 60}, 'OPERATION': '', 'OPERATION_CODE': '0', 'CURRENT_SCHEMA': '/'}> for query: 'MATCH (u:User {id:$user_id,tenant_id:$tenant_id}) RETURN u.display_name AS display_name'
INFO:     127.0.0.1:64066 - "GET /api/auth/me HTTP/1.1" 200 OK
INFO:     127.0.0.1:64069 - "GET /api/events/stream?after=0 HTTP/1.1" 200 OK
INFO:     127.0.0.1:64068 - "GET /api/requests?limit=50 HTTP/1.1" 200 OK
Received notification from DBMS server: <GqlStatusObject gql_status='01N52', status_description='warn: property key does not exist. The property `display_name` does not exist. Verify that the spelling is correct.', position=<SummaryInputPosition line=1, column=60, offset=59>, raw_classification='UNRECOGNIZED', classification=<NotificationClassification.UNRECOGNIZED: 'UNRECOGNIZED'>, raw_severity='WARNING', severity=<NotificationSeverity.WARNING: 'WARNING'>, diagnostic_record={'_classification': 'UNRECOGNIZED', '_severity': 'WARNING', '_position': {'offset': 59, 'line': 1, 'column': 60}, 'OPERATION': '', 'OPERATION_CODE': '0', 'CURRENT_SCHEMA': '/'}> for query: 'MATCH (u:User {id:$user_id,tenant_id:$tenant_id}) RETURN u.display_name AS display_name'
INFO:     127.0.0.1:64071 - "GET /api/auth/me HTTP/1.1" 200 OK
Received notification from DBMS server: <GqlStatusObject gql_status='01N52', status_description='warn: property key does not exist. The property `display_name` does not exist. Verify that the spelling is correct.', position=<SummaryInputPosition line=1, column=60, offset=59>, raw_classification='UNRECOGNIZED', classification=<NotificationClassification.UNRECOGNIZED: 'UNRECOGNIZED'>, raw_severity='WARNING', severity=<NotificationSeverity.WARNING: 'WARNING'>, diagnostic_record={'_classification': 'UNRECOGNIZED', '_severity': 'WARNING', '_position': {'offset': 59, 'line': 1, 'column': 60}, 'OPERATION': '', 'OPERATION_CODE': '0', 'CURRENT_SCHEMA': '/'}> for query: 'MATCH (u:User {id:$user_id,tenant_id:$tenant_id}) RETURN u.display_name AS display_name'
INFO:     127.0.0.1:64077 - "GET /api/auth/me HTTP/1.1" 200 OK
INFO:     127.0.0.1:64074 - "GET /api/requests?limit=50 HTTP/1.1" 200 OK
INFO:     127.0.0.1:64075 - "GET /api/requests?limit=50 HTTP/1.1" 200 OK
Received notification from DBMS server: <GqlStatusObject gql_status='01N52', status_description='warn: property key does not exist. The property `display_name` does not exist. Verify that the spelling is correct.', position=<SummaryInputPosition line=1, column=60, offset=59>, raw_classification='UNRECOGNIZED', classification=<NotificationClassification.UNRECOGNIZED: 'UNRECOGNIZED'>, raw_severity='WARNING', severity=<NotificationSeverity.WARNING: 'WARNING'>, diagnostic_record={'_classification': 'UNRECOGNIZED', '_severity': 'WARNING', '_position': {'offset': 59, 'line': 1, 'column': 60}, 'OPERATION': '', 'OPERATION_CODE': '0', 'CURRENT_SCHEMA': '/'}> for query: 'MATCH (u:User {id:$user_id,tenant_id:$tenant_id}) RETURN u.display_name AS display_name'
Received notification from DBMS server: <GqlStatusObject gql_status='01N52', status_description='warn: property key does not exist. The property `display_name` does not exist. Verify that the spelling is correct.', position=<SummaryInputPosition line=1, column=60, offset=59>, raw_classification='UNRECOGNIZED', classification=<NotificationClassification.UNRECOGNIZED: 'UNRECOGNIZED'>, raw_severity='WARNING', severity=<NotificationSeverity.WARNING: 'WARNING'>, diagnostic_record={'_classification': 'UNRECOGNIZED', '_severity': 'WARNING', '_position': {'offset': 59, 'line': 1, 'column': 60}, 'OPERATION': '', 'OPERATION_CODE': '0', 'CURRENT_SCHEMA': '/'}> for query: 'MATCH (u:User {id:$user_id,tenant_id:$tenant_id}) RETURN u.display_name AS display_name'
Received notification from DBMS server: <GqlStatusObject gql_status='01N52', status_description='warn: property key does not exist. The property `display_name` does not exist. Verify that the spelling is correct.', position=<SummaryInputPosition line=1, column=60, offset=59>, raw_classification='UNRECOGNIZED', classification=<NotificationClassification.UNRECOGNIZED: 'UNRECOGNIZED'>, raw_severity='WARNING', severity=<NotificationSeverity.WARNING: 'WARNING'>, diagnostic_record={'_classification': 'UNRECOGNIZED', '_severity': 'WARNING', '_position': {'offset': 59, 'line': 1, 'column': 60}, 'OPERATION': '', 'OPERATION_CODE': '0', 'CURRENT_SCHEMA': '/'}> for query: 'MATCH (u:User {id:$user_id,tenant_id:$tenant_id}) RETURN u.display_name AS display_name'
INFO:     127.0.0.1:64090 - "GET /api/auth/me HTTP/1.1" 200 OK
Received notification from DBMS server: <GqlStatusObject gql_status='01N52', status_description='warn: property key does not exist. The property `display_name` does not exist. Verify that the spelling is correct.', position=<SummaryInputPosition line=1, column=60, offset=59>, raw_classification='UNRECOGNIZED', classification=<NotificationClassification.UNRECOGNIZED: 'UNRECOGNIZED'>, raw_severity='WARNING', severity=<NotificationSeverity.WARNING: 'WARNING'>, diagnostic_record={'_classification': 'UNRECOGNIZED', '_severity': 'WARNING', '_position': {'offset': 59, 'line': 1, 'column': 60}, 'OPERATION': '', 'OPERATION_CODE': '0', 'CURRENT_SCHEMA': '/'}> for query: 'MATCH (u:User {id:$user_id,tenant_id:$tenant_id}) RETURN u.display_name AS display_name'
INFO:     127.0.0.1:64092 - "GET /api/auth/me HTTP/1.1" 200 OK
INFO:     127.0.0.1:64097 - "GET /api/requests/audit_map_req/judgment HTTP/1.1" 404 Not Found
INFO:     127.0.0.1:64100 - "GET /api/events/stream?after=5 HTTP/1.1" 200 OK
Received notification from DBMS server: <GqlStatusObject gql_status='01G11', status_description='warn: null value eliminated in set function', position=None, raw_classification='UNRECOGNIZED', classification=<NotificationClassification.UNRECOGNIZED: 'UNRECOGNIZED'>, raw_severity='WARNING', severity=<NotificationSeverity.WARNING: 'WARNING'>, diagnostic_record={'_classification': 'UNRECOGNIZED', '_severity': 'WARNING', 'OPERATION': '', 'OPERATION_CODE': '0', 'CURRENT_SCHEMA': '/'}> for query: 'MATCH (r:Request {id:$id,tenant_id:$tenant_id}) OPTIONAL MATCH (r)-[:HAS_REVISION]->(i:InputRevision) OPTIONAL MATCH (i)-[:HAS_ATTACHMENT]->(a:Attachment) OPTIONAL MATCH (active:Run {id:r.active_run_id,tenant_id:$tenant_id}) RETURN r,collect(DISTINCT i) AS revisions,collect(DISTINCT a) AS attachments,active'
Received notification from DBMS server: <GqlStatusObject gql_status='01G11', status_description='warn: null value eliminated in set function', position=None, raw_classification='UNRECOGNIZED', classification=<NotificationClassification.UNRECOGNIZED: 'UNRECOGNIZED'>, raw_severity='WARNING', severity=<NotificationSeverity.WARNING: 'WARNING'>, diagnostic_record={'_classification': 'UNRECOGNIZED', '_severity': 'WARNING', 'OPERATION': '', 'OPERATION_CODE': '0', 'CURRENT_SCHEMA': '/'}> for query: 'MATCH (r:Request {tenant_id:$tenant_id, id:$request_id}) OPTIONAL MATCH (e:Event {tenant_id:$tenant_id, request_id:$request_id}) RETURN r.status AS status, r.active_run_id AS active_run_id, coalesce(max(e.seq),0) AS latest_seq'
INFO:     127.0.0.1:64094 - "GET /api/requests?limit=50 HTTP/1.1" 200 OK
INFO:     127.0.0.1:64096 - "GET /api/requests/audit_map_req HTTP/1.1" 200 OK
INFO:     127.0.0.1:64095 - "GET /api/events/snapshot?request_id=audit_map_req HTTP/1.1" 200 OK
INFO:     127.0.0.1:64098 - "GET /api/requests/audit_map_req/runs HTTP/1.1" 200 OK
Received notification from DBMS server: <GqlStatusObject gql_status='01N52', status_description='warn: property key does not exist. The property `display_name` does not exist. Verify that the spelling is correct.', position=<SummaryInputPosition line=1, column=60, offset=59>, raw_classification='UNRECOGNIZED', classification=<NotificationClassification.UNRECOGNIZED: 'UNRECOGNIZED'>, raw_severity='WARNING', severity=<NotificationSeverity.WARNING: 'WARNING'>, diagnostic_record={'_classification': 'UNRECOGNIZED', '_severity': 'WARNING', '_position': {'offset': 59, 'line': 1, 'column': 60}, 'OPERATION': '', 'OPERATION_CODE': '0', 'CURRENT_SCHEMA': '/'}> for query: 'MATCH (u:User {id:$user_id,tenant_id:$tenant_id}) RETURN u.display_name AS display_name'
INFO:     127.0.0.1:64103 - "GET /api/auth/me HTTP/1.1" 200 OK
Received notification from DBMS server: <GqlStatusObject gql_status='01G11', status_description='warn: null value eliminated in set function', position=None, raw_classification='UNRECOGNIZED', classification=<NotificationClassification.UNRECOGNIZED: 'UNRECOGNIZED'>, raw_severity='WARNING', severity=<NotificationSeverity.WARNING: 'WARNING'>, diagnostic_record={'_classification': 'UNRECOGNIZED', '_severity': 'WARNING', 'OPERATION': '', 'OPERATION_CODE': '0', 'CURRENT_SCHEMA': '/'}> for query: 'MATCH (r:Request {tenant_id:$tenant_id, id:$request_id}) OPTIONAL MATCH (e:Event {tenant_id:$tenant_id, request_id:$request_id}) RETURN r.status AS status, r.active_run_id AS active_run_id, coalesce(max(e.seq),0) AS latest_seq'
Received notification from DBMS server: <GqlStatusObject gql_status='01N52', status_description='warn: property key does not exist. The property `display_name` does not exist. Verify that the spelling is correct.', position=<SummaryInputPosition line=1, column=60, offset=59>, raw_classification='UNRECOGNIZED', classification=<NotificationClassification.UNRECOGNIZED: 'UNRECOGNIZED'>, raw_severity='WARNING', severity=<NotificationSeverity.WARNING: 'WARNING'>, diagnostic_record={'_classification': 'UNRECOGNIZED', '_severity': 'WARNING', '_position': {'offset': 59, 'line': 1, 'column': 60}, 'OPERATION': '', 'OPERATION_CODE': '0', 'CURRENT_SCHEMA': '/'}> for query: 'MATCH (u:User {id:$user_id,tenant_id:$tenant_id}) RETURN u.display_name AS display_name'
INFO:     127.0.0.1:64110 - "GET /api/events/snapshot?request_id=audit_map_req HTTP/1.1" 200 OK
INFO:     127.0.0.1:64109 - "GET /api/requests?limit=50 HTTP/1.1" 200 OK
INFO:     127.0.0.1:64115 - "GET /api/auth/me HTTP/1.1" 200 OK
INFO:     127.0.0.1:64112 - "GET /api/requests/audit_map_req/progress HTTP/1.1" 404 Not Found
INFO:     127.0.0.1:64111 - "GET /api/requests/audit_map_req/judgment?run_id=audit_map_run HTTP/1.1" 404 Not Found
Received notification from DBMS server: <GqlStatusObject gql_status='01N52', status_description='warn: property key does not exist. The property `display_name` does not exist. Verify that the spelling is correct.', position=<SummaryInputPosition line=1, column=60, offset=59>, raw_classification='UNRECOGNIZED', classification=<NotificationClassification.UNRECOGNIZED: 'UNRECOGNIZED'>, raw_severity='WARNING', severity=<NotificationSeverity.WARNING: 'WARNING'>, diagnostic_record={'_classification': 'UNRECOGNIZED', '_severity': 'WARNING', '_position': {'offset': 59, 'line': 1, 'column': 60}, 'OPERATION': '', 'OPERATION_CODE': '0', 'CURRENT_SCHEMA': '/'}> for query: 'MATCH (u:User {id:$user_id,tenant_id:$tenant_id}) RETURN u.display_name AS display_name'
INFO:     127.0.0.1:64121 - "GET /api/auth/me HTTP/1.1" 200 OK
INFO:     127.0.0.1:64118 - "GET /api/requests?limit=50 HTTP/1.1" 200 OK
INFO:     127.0.0.1:64119 - "GET /api/events/stream?after=5 HTTP/1.1" 200 OK
Received notification from DBMS server: <GqlStatusObject gql_status='01N52', status_description='warn: property key does not exist. The property `display_name` does not exist. Verify that the spelling is correct.', position=<SummaryInputPosition line=1, column=60, offset=59>, raw_classification='UNRECOGNIZED', classification=<NotificationClassification.UNRECOGNIZED: 'UNRECOGNIZED'>, raw_severity='WARNING', severity=<NotificationSeverity.WARNING: 'WARNING'>, diagnostic_record={'_classification': 'UNRECOGNIZED', '_severity': 'WARNING', '_position': {'offset': 59, 'line': 1, 'column': 60}, 'OPERATION': '', 'OPERATION_CODE': '0', 'CURRENT_SCHEMA': '/'}> for query: 'MATCH (u:User {id:$user_id,tenant_id:$tenant_id}) RETURN u.display_name AS display_name'
INFO:     127.0.0.1:64124 - "GET /api/auth/me HTTP/1.1" 200 OK
Received notification from DBMS server: <GqlStatusObject gql_status='01G11', status_description='warn: null value eliminated in set function', position=None, raw_classification='UNRECOGNIZED', classification=<NotificationClassification.UNRECOGNIZED: 'UNRECOGNIZED'>, raw_severity='WARNING', severity=<NotificationSeverity.WARNING: 'WARNING'>, diagnostic_record={'_classification': 'UNRECOGNIZED', '_severity': 'WARNING', 'OPERATION': '', 'OPERATION_CODE': '0', 'CURRENT_SCHEMA': '/'}> for query: 'MATCH (r:Request {id:$id,tenant_id:$tenant_id}) OPTIONAL MATCH (r)-[:HAS_REVISION]->(i:InputRevision) OPTIONAL MATCH (i)-[:HAS_ATTACHMENT]->(a:Attachment) OPTIONAL MATCH (active:Run {id:r.active_run_id,tenant_id:$tenant_id}) RETURN r,collect(DISTINCT i) AS revisions,collect(DISTINCT a) AS attachments,active'
INFO:     127.0.0.1:64128 - "GET /api/requests/audit_map_req HTTP/1.1" 200 OK
Redis subscriber disconnected for tenant t-audit-e2e-1005
Traceback (most recent call last):
  File "/Users/psw/Projects/decision-chat-bot/backend/.venv/lib/python3.14/site-packages/redis/asyncio/connection.py", line 591, in read_response
    response = await self._parser.read_response(
               ^^^^^^^^^^^^^^^^^^^^^^^^^^^^^^^^^
        disable_decoding=disable_decoding
        ^^^^^^^^^^^^^^^^^^^^^^^^^^^^^^^^^
    )
    ^
  File "/Users/psw/Projects/decision-chat-bot/backend/.venv/lib/python3.14/site-packages/redis/_parsers/resp2.py", line 82, in read_response
    response = await self._read_response(disable_decoding=disable_decoding)
               ^^^^^^^^^^^^^^^^^^^^^^^^^^^^^^^^^^^^^^^^^^^^^^^^^^^^^^^^^^^^
  File "/Users/psw/Projects/decision-chat-bot/backend/.venv/lib/python3.14/site-packages/redis/_parsers/resp2.py", line 90, in _read_response
    raw = await self._readline()
          ^^^^^^^^^^^^^^^^^^^^^^
  File "/Users/psw/Projects/decision-chat-bot/backend/.venv/lib/python3.14/site-packages/redis/_parsers/base.py", line 283, in _readline
    data = await self._stream.readline()
           ^^^^^^^^^^^^^^^^^^^^^^^^^^^^^
  File "/Library/Frameworks/Python.framework/Versions/3.14/lib/python3.14/asyncio/streams.py", line 562, in readline
    line = await self.readuntil(sep)
           ^^^^^^^^^^^^^^^^^^^^^^^^^
  File "/Library/Frameworks/Python.framework/Versions/3.14/lib/python3.14/asyncio/streams.py", line 677, in readuntil
    await self._wait_for_data('readuntil')
  File "/Library/Frameworks/Python.framework/Versions/3.14/lib/python3.14/asyncio/streams.py", line 539, in _wait_for_data
    await self._waiter
asyncio.exceptions.CancelledError

The above exception was the direct cause of the following exception:

Traceback (most recent call last):
  File "/Users/psw/Projects/decision-chat-bot/backend/.venv/lib/python3.14/site-packages/redis/asyncio/connection.py", line 590, in read_response
    async with async_timeout(read_timeout):
               ~~~~~~~~~~~~~^^^^^^^^^^^^^^
  File "/Library/Frameworks/Python.framework/Versions/3.14/lib/python3.14/asyncio/timeouts.py", line 115, in __aexit__
    raise TimeoutError from exc_val
TimeoutError

During handling of the above exception, another exception occurred:

Traceback (most recent call last):
  File "/Users/psw/Projects/decision-chat-bot/backend/jevtriage/realtime/subscriber.py", line 34, in _listen
    async for message in pubsub.listen():
        if message["type"] == "message":
            self._wake.set()
  File "/Users/psw/Projects/decision-chat-bot/backend/.venv/lib/python3.14/site-packages/redis/asyncio/client.py", line 1097, in listen
    response = await self.handle_message(await self.parse_response(block=True))
                                         ^^^^^^^^^^^^^^^^^^^^^^^^^^^^^^^^^^^^^
  File "/Users/psw/Projects/decision-chat-bot/backend/.venv/lib/python3.14/site-packages/redis/asyncio/client.py", line 984, in parse_response
    response = await self._execute(
               ^^^^^^^^^^^^^^^^^^^^
    ...<5 lines>...
    )
    ^
  File "/Users/psw/Projects/decision-chat-bot/backend/.venv/lib/python3.14/site-packages/redis/asyncio/client.py", line 964, in _execute
    return await conn.retry.call_with_retry(
           ^^^^^^^^^^^^^^^^^^^^^^^^^^^^^^^^^
    ...<2 lines>...
    )
    ^
  File "/Users/psw/Projects/decision-chat-bot/backend/.venv/lib/python3.14/site-packages/redis/asyncio/retry.py", line 55, in call_with_retry
    raise error
  File "/Users/psw/Projects/decision-chat-bot/backend/.venv/lib/python3.14/site-packages/redis/asyncio/retry.py", line 50, in call_with_retry
    return await do()
           ^^^^^^^^^^
  File "/Users/psw/Projects/decision-chat-bot/backend/.venv/lib/python3.14/site-packages/redis/asyncio/connection.py", line 609, in read_response
    raise TimeoutError(f"Timeout reading from {host_error}")
redis.exceptions.TimeoutError: Timeout reading from 127.0.0.1:16391
INFO:     127.0.0.1:64131 - "GET /api/requests?limit=50 HTTP/1.1" 200 OK
INFO:     127.0.0.1:64134 - "POST /api/auth/login HTTP/1.1" 200 OK
Received notification from DBMS server: <GqlStatusObject gql_status='01N52', status_description='warn: property key does not exist. The property `display_name` does not exist. Verify that the spelling is correct.', position=<SummaryInputPosition line=1, column=60, offset=59>, raw_classification='UNRECOGNIZED', classification=<NotificationClassification.UNRECOGNIZED: 'UNRECOGNIZED'>, raw_severity='WARNING', severity=<NotificationSeverity.WARNING: 'WARNING'>, diagnostic_record={'_classification': 'UNRECOGNIZED', '_severity': 'WARNING', '_position': {'offset': 59, 'line': 1, 'column': 60}, 'OPERATION': '', 'OPERATION_CODE': '0', 'CURRENT_SCHEMA': '/'}> for query: 'MATCH (u:User {id:$user_id,tenant_id:$tenant_id}) RETURN u.display_name AS display_name'
INFO:     127.0.0.1:64145 - "GET /api/auth/me HTTP/1.1" 200 OK
Received notification from DBMS server: <GqlStatusObject gql_status='01N52', status_description='warn: property key does not exist. The property `display_name` does not exist. Verify that the spelling is correct.', position=<SummaryInputPosition line=1, column=60, offset=59>, raw_classification='UNRECOGNIZED', classification=<NotificationClassification.UNRECOGNIZED: 'UNRECOGNIZED'>, raw_severity='WARNING', severity=<NotificationSeverity.WARNING: 'WARNING'>, diagnostic_record={'_classification': 'UNRECOGNIZED', '_severity': 'WARNING', '_position': {'offset': 59, 'line': 1, 'column': 60}, 'OPERATION': '', 'OPERATION_CODE': '0', 'CURRENT_SCHEMA': '/'}> for query: 'MATCH (u:User {id:$user_id,tenant_id:$tenant_id}) RETURN u.display_name AS display_name'
INFO:     127.0.0.1:64146 - "GET /api/auth/me HTTP/1.1" 200 OK
Received notification from DBMS server: <GqlStatusObject gql_status='01N52', status_description='warn: property key does not exist. The property `display_name` does not exist. Verify that the spelling is correct.', position=<SummaryInputPosition line=1, column=60, offset=59>, raw_classification='UNRECOGNIZED', classification=<NotificationClassification.UNRECOGNIZED: 'UNRECOGNIZED'>, raw_severity='WARNING', severity=<NotificationSeverity.WARNING: 'WARNING'>, diagnostic_record={'_classification': 'UNRECOGNIZED', '_severity': 'WARNING', '_position': {'offset': 59, 'line': 1, 'column': 60}, 'OPERATION': '', 'OPERATION_CODE': '0', 'CURRENT_SCHEMA': '/'}> for query: 'MATCH (u:User {id:$user_id,tenant_id:$tenant_id}) RETURN u.display_name AS display_name'
INFO:     127.0.0.1:64149 - "GET /api/auth/me HTTP/1.1" 200 OK
INFO:     127.0.0.1:64150 - "GET /api/requests?limit=50 HTTP/1.1" 200 OK
INFO:     127.0.0.1:64151 - "GET /api/events/stream?after=0 HTTP/1.1" 200 OK
Received notification from DBMS server: <GqlStatusObject gql_status='01N52', status_description='warn: property key does not exist. The property `display_name` does not exist. Verify that the spelling is correct.', position=<SummaryInputPosition line=1, column=60, offset=59>, raw_classification='UNRECOGNIZED', classification=<NotificationClassification.UNRECOGNIZED: 'UNRECOGNIZED'>, raw_severity='WARNING', severity=<NotificationSeverity.WARNING: 'WARNING'>, diagnostic_record={'_classification': 'UNRECOGNIZED', '_severity': 'WARNING', '_position': {'offset': 59, 'line': 1, 'column': 60}, 'OPERATION': '', 'OPERATION_CODE': '0', 'CURRENT_SCHEMA': '/'}> for query: 'MATCH (u:User {id:$user_id,tenant_id:$tenant_id}) RETURN u.display_name AS display_name'
INFO:     127.0.0.1:64153 - "GET /api/auth/me HTTP/1.1" 200 OK
INFO:     127.0.0.1:64155 - "GET /api/requests?limit=50 HTTP/1.1" 200 OK
INFO:     127.0.0.1:64156 - "GET /api/requests?limit=50 HTTP/1.1" 200 OK
Received notification from DBMS server: <GqlStatusObject gql_status='01N52', status_description='warn: property key does not exist. The property `display_name` does not exist. Verify that the spelling is correct.', position=<SummaryInputPosition line=1, column=60, offset=59>, raw_classification='UNRECOGNIZED', classification=<NotificationClassification.UNRECOGNIZED: 'UNRECOGNIZED'>, raw_severity='WARNING', severity=<NotificationSeverity.WARNING: 'WARNING'>, diagnostic_record={'_classification': 'UNRECOGNIZED', '_severity': 'WARNING', '_position': {'offset': 59, 'line': 1, 'column': 60}, 'OPERATION': '', 'OPERATION_CODE': '0', 'CURRENT_SCHEMA': '/'}> for query: 'MATCH (u:User {id:$user_id,tenant_id:$tenant_id}) RETURN u.display_name AS display_name'
INFO:     127.0.0.1:64159 - "GET /api/auth/me HTTP/1.1" 200 OK
Received notification from DBMS server: <GqlStatusObject gql_status='01N52', status_description='warn: property key does not exist. The property `display_name` does not exist. Verify that the spelling is correct.', position=<SummaryInputPosition line=1, column=60, offset=59>, raw_classification='UNRECOGNIZED', classification=<NotificationClassification.UNRECOGNIZED: 'UNRECOGNIZED'>, raw_severity='WARNING', severity=<NotificationSeverity.WARNING: 'WARNING'>, diagnostic_record={'_classification': 'UNRECOGNIZED', '_severity': 'WARNING', '_position': {'offset': 59, 'line': 1, 'column': 60}, 'OPERATION': '', 'OPERATION_CODE': '0', 'CURRENT_SCHEMA': '/'}> for query: 'MATCH (u:User {id:$user_id,tenant_id:$tenant_id}) RETURN u.display_name AS display_name'
Received notification from DBMS server: <GqlStatusObject gql_status='01N52', status_description='warn: property key does not exist. The property `display_name` does not exist. Verify that the spelling is correct.', position=<SummaryInputPosition line=1, column=60, offset=59>, raw_classification='UNRECOGNIZED', classification=<NotificationClassification.UNRECOGNIZED: 'UNRECOGNIZED'>, raw_severity='WARNING', severity=<NotificationSeverity.WARNING: 'WARNING'>, diagnostic_record={'_classification': 'UNRECOGNIZED', '_severity': 'WARNING', '_position': {'offset': 59, 'line': 1, 'column': 60}, 'OPERATION': '', 'OPERATION_CODE': '0', 'CURRENT_SCHEMA': '/'}> for query: 'MATCH (u:User {id:$user_id,tenant_id:$tenant_id}) RETURN u.display_name AS display_name'
Received notification from DBMS server: <GqlStatusObject gql_status='01N52', status_description='warn: property key does not exist. The property `display_name` does not exist. Verify that the spelling is correct.', position=<SummaryInputPosition line=1, column=60, offset=59>, raw_classification='UNRECOGNIZED', classification=<NotificationClassification.UNRECOGNIZED: 'UNRECOGNIZED'>, raw_severity='WARNING', severity=<NotificationSeverity.WARNING: 'WARNING'>, diagnostic_record={'_classification': 'UNRECOGNIZED', '_severity': 'WARNING', '_position': {'offset': 59, 'line': 1, 'column': 60}, 'OPERATION': '', 'OPERATION_CODE': '0', 'CURRENT_SCHEMA': '/'}> for query: 'MATCH (u:User {id:$user_id,tenant_id:$tenant_id}) RETURN u.display_name AS display_name'
INFO:     127.0.0.1:64172 - "GET /api/auth/me HTTP/1.1" 200 OK
Received notification from DBMS server: <GqlStatusObject gql_status='01N52', status_description='warn: property key does not exist. The property `display_name` does not exist. Verify that the spelling is correct.', position=<SummaryInputPosition line=1, column=60, offset=59>, raw_classification='UNRECOGNIZED', classification=<NotificationClassification.UNRECOGNIZED: 'UNRECOGNIZED'>, raw_severity='WARNING', severity=<NotificationSeverity.WARNING: 'WARNING'>, diagnostic_record={'_classification': 'UNRECOGNIZED', '_severity': 'WARNING', '_position': {'offset': 59, 'line': 1, 'column': 60}, 'OPERATION': '', 'OPERATION_CODE': '0', 'CURRENT_SCHEMA': '/'}> for query: 'MATCH (u:User {id:$user_id,tenant_id:$tenant_id}) RETURN u.display_name AS display_name'
INFO:     127.0.0.1:64173 - "GET /api/auth/me HTTP/1.1" 200 OK
Received notification from DBMS server: <GqlStatusObject gql_status='01G11', status_description='warn: null value eliminated in set function', position=None, raw_classification='UNRECOGNIZED', classification=<NotificationClassification.UNRECOGNIZED: 'UNRECOGNIZED'>, raw_severity='WARNING', severity=<NotificationSeverity.WARNING: 'WARNING'>, diagnostic_record={'_classification': 'UNRECOGNIZED', '_severity': 'WARNING', 'OPERATION': '', 'OPERATION_CODE': '0', 'CURRENT_SCHEMA': '/'}> for query: 'MATCH (r:Request {id:$id,tenant_id:$tenant_id}) OPTIONAL MATCH (r)-[:HAS_REVISION]->(i:InputRevision) OPTIONAL MATCH (i)-[:HAS_ATTACHMENT]->(a:Attachment) OPTIONAL MATCH (active:Run {id:r.active_run_id,tenant_id:$tenant_id}) RETURN r,collect(DISTINCT i) AS revisions,collect(DISTINCT a) AS attachments,active'
INFO:     127.0.0.1:64175 - "GET /api/requests?limit=50 HTTP/1.1" 200 OK
Received notification from DBMS server: <GqlStatusObject gql_status='01G11', status_description='warn: null value eliminated in set function', position=None, raw_classification='UNRECOGNIZED', classification=<NotificationClassification.UNRECOGNIZED: 'UNRECOGNIZED'>, raw_severity='WARNING', severity=<NotificationSeverity.WARNING: 'WARNING'>, diagnostic_record={'_classification': 'UNRECOGNIZED', '_severity': 'WARNING', 'OPERATION': '', 'OPERATION_CODE': '0', 'CURRENT_SCHEMA': '/'}> for query: 'MATCH (r:Request {tenant_id:$tenant_id, id:$request_id}) OPTIONAL MATCH (e:Event {tenant_id:$tenant_id, request_id:$request_id}) RETURN r.status AS status, r.active_run_id AS active_run_id, coalesce(max(e.seq),0) AS latest_seq'
INFO:     127.0.0.1:64178 - "GET /api/requests/audit_map_req/judgment HTTP/1.1" 404 Not Found
INFO:     127.0.0.1:64177 - "GET /api/requests/audit_map_req HTTP/1.1" 200 OK
INFO:     127.0.0.1:64176 - "GET /api/events/snapshot?request_id=audit_map_req HTTP/1.1" 200 OK
INFO:     127.0.0.1:64179 - "GET /api/requests/audit_map_req/runs HTTP/1.1" 200 OK
INFO:     127.0.0.1:64183 - "GET /api/events/stream?after=0 HTTP/1.1" 200 OK
Received notification from DBMS server: <GqlStatusObject gql_status='01N52', status_description='warn: property key does not exist. The property `display_name` does not exist. Verify that the spelling is correct.', position=<SummaryInputPosition line=1, column=60, offset=59>, raw_classification='UNRECOGNIZED', classification=<NotificationClassification.UNRECOGNIZED: 'UNRECOGNIZED'>, raw_severity='WARNING', severity=<NotificationSeverity.WARNING: 'WARNING'>, diagnostic_record={'_classification': 'UNRECOGNIZED', '_severity': 'WARNING', '_position': {'offset': 59, 'line': 1, 'column': 60}, 'OPERATION': '', 'OPERATION_CODE': '0', 'CURRENT_SCHEMA': '/'}> for query: 'MATCH (u:User {id:$user_id,tenant_id:$tenant_id}) RETURN u.display_name AS display_name'
INFO:     127.0.0.1:64189 - "GET /api/auth/me HTTP/1.1" 200 OK
INFO:     127.0.0.1:64190 - "GET /api/requests?limit=50 HTTP/1.1" 200 OK
Received notification from DBMS server: <GqlStatusObject gql_status='01G11', status_description='warn: null value eliminated in set function', position=None, raw_classification='UNRECOGNIZED', classification=<NotificationClassification.UNRECOGNIZED: 'UNRECOGNIZED'>, raw_severity='WARNING', severity=<NotificationSeverity.WARNING: 'WARNING'>, diagnostic_record={'_classification': 'UNRECOGNIZED', '_severity': 'WARNING', 'OPERATION': '', 'OPERATION_CODE': '0', 'CURRENT_SCHEMA': '/'}> for query: 'MATCH (r:Request {tenant_id:$tenant_id, id:$request_id}) OPTIONAL MATCH (e:Event {tenant_id:$tenant_id, request_id:$request_id}) RETURN r.status AS status, r.active_run_id AS active_run_id, coalesce(max(e.seq),0) AS latest_seq'
INFO:     127.0.0.1:64191 - "GET /api/events/snapshot?request_id=audit_map_req HTTP/1.1" 200 OK
Received notification from DBMS server: <GqlStatusObject gql_status='01N52', status_description='warn: property key does not exist. The property `display_name` does not exist. Verify that the spelling is correct.', position=<SummaryInputPosition line=1, column=60, offset=59>, raw_classification='UNRECOGNIZED', classification=<NotificationClassification.UNRECOGNIZED: 'UNRECOGNIZED'>, raw_severity='WARNING', severity=<NotificationSeverity.WARNING: 'WARNING'>, diagnostic_record={'_classification': 'UNRECOGNIZED', '_severity': 'WARNING', '_position': {'offset': 59, 'line': 1, 'column': 60}, 'OPERATION': '', 'OPERATION_CODE': '0', 'CURRENT_SCHEMA': '/'}> for query: 'MATCH (u:User {id:$user_id,tenant_id:$tenant_id}) RETURN u.display_name AS display_name'
INFO:     127.0.0.1:64194 - "GET /api/requests/audit_map_req/progress HTTP/1.1" 404 Not Found
INFO:     127.0.0.1:64196 - "GET /api/auth/me HTTP/1.1" 200 OK
INFO:     127.0.0.1:64193 - "GET /api/requests/audit_map_req/judgment?run_id=audit_map_run HTTP/1.1" 404 Not Found
INFO:     127.0.0.1:64198 - "GET /api/requests?limit=50 HTTP/1.1" 200 OK
Received notification from DBMS server: <GqlStatusObject gql_status='01N52', status_description='warn: property key does not exist. The property `display_name` does not exist. Verify that the spelling is correct.', position=<SummaryInputPosition line=1, column=60, offset=59>, raw_classification='UNRECOGNIZED', classification=<NotificationClassification.UNRECOGNIZED: 'UNRECOGNIZED'>, raw_severity='WARNING', severity=<NotificationSeverity.WARNING: 'WARNING'>, diagnostic_record={'_classification': 'UNRECOGNIZED', '_severity': 'WARNING', '_position': {'offset': 59, 'line': 1, 'column': 60}, 'OPERATION': '', 'OPERATION_CODE': '0', 'CURRENT_SCHEMA': '/'}> for query: 'MATCH (u:User {id:$user_id,tenant_id:$tenant_id}) RETURN u.display_name AS display_name'
INFO:     127.0.0.1:64201 - "GET /api/events/stream?after=0 HTTP/1.1" 200 OK
INFO:     127.0.0.1:64203 - "GET /api/auth/me HTTP/1.1" 200 OK
Received notification from DBMS server: <GqlStatusObject gql_status='01N52', status_description='warn: property key does not exist. The property `display_name` does not exist. Verify that the spelling is correct.', position=<SummaryInputPosition line=1, column=60, offset=59>, raw_classification='UNRECOGNIZED', classification=<NotificationClassification.UNRECOGNIZED: 'UNRECOGNIZED'>, raw_severity='WARNING', severity=<NotificationSeverity.WARNING: 'WARNING'>, diagnostic_record={'_classification': 'UNRECOGNIZED', '_severity': 'WARNING', '_position': {'offset': 59, 'line': 1, 'column': 60}, 'OPERATION': '', 'OPERATION_CODE': '0', 'CURRENT_SCHEMA': '/'}> for query: 'MATCH (u:User {id:$user_id,tenant_id:$tenant_id}) RETURN u.display_name AS display_name'
INFO:     127.0.0.1:64207 - "GET /api/auth/me HTTP/1.1" 200 OK
Received notification from DBMS server: <GqlStatusObject gql_status='01G11', status_description='warn: null value eliminated in set function', position=None, raw_classification='UNRECOGNIZED', classification=<NotificationClassification.UNRECOGNIZED: 'UNRECOGNIZED'>, raw_severity='WARNING', severity=<NotificationSeverity.WARNING: 'WARNING'>, diagnostic_record={'_classification': 'UNRECOGNIZED', '_severity': 'WARNING', 'OPERATION': '', 'OPERATION_CODE': '0', 'CURRENT_SCHEMA': '/'}> for query: 'MATCH (r:Request {id:$id,tenant_id:$tenant_id}) OPTIONAL MATCH (r)-[:HAS_REVISION]->(i:InputRevision) OPTIONAL MATCH (i)-[:HAS_ATTACHMENT]->(a:Attachment) OPTIONAL MATCH (active:Run {id:r.active_run_id,tenant_id:$tenant_id}) RETURN r,collect(DISTINCT i) AS revisions,collect(DISTINCT a) AS attachments,active'
INFO:     127.0.0.1:64212 - "GET /api/requests/audit_map_req HTTP/1.1" 200 OK
INFO:     127.0.0.1:64214 - "GET /api/requests?limit=50 HTTP/1.1" 200 OK
Redis subscriber disconnected for tenant t-audit-e2e-1005
Traceback (most recent call last):
  File "/Users/psw/Projects/decision-chat-bot/backend/.venv/lib/python3.14/site-packages/redis/asyncio/connection.py", line 591, in read_response
    response = await self._parser.read_response(
               ^^^^^^^^^^^^^^^^^^^^^^^^^^^^^^^^^
        disable_decoding=disable_decoding
        ^^^^^^^^^^^^^^^^^^^^^^^^^^^^^^^^^
    )
    ^
  File "/Users/psw/Projects/decision-chat-bot/backend/.venv/lib/python3.14/site-packages/redis/_parsers/resp2.py", line 82, in read_response
    response = await self._read_response(disable_decoding=disable_decoding)
               ^^^^^^^^^^^^^^^^^^^^^^^^^^^^^^^^^^^^^^^^^^^^^^^^^^^^^^^^^^^^
  File "/Users/psw/Projects/decision-chat-bot/backend/.venv/lib/python3.14/site-packages/redis/_parsers/resp2.py", line 90, in _read_response
    raw = await self._readline()
          ^^^^^^^^^^^^^^^^^^^^^^
  File "/Users/psw/Projects/decision-chat-bot/backend/.venv/lib/python3.14/site-packages/redis/_parsers/base.py", line 283, in _readline
    data = await self._stream.readline()
           ^^^^^^^^^^^^^^^^^^^^^^^^^^^^^
  File "/Library/Frameworks/Python.framework/Versions/3.14/lib/python3.14/asyncio/streams.py", line 562, in readline
    line = await self.readuntil(sep)
           ^^^^^^^^^^^^^^^^^^^^^^^^^
  File "/Library/Frameworks/Python.framework/Versions/3.14/lib/python3.14/asyncio/streams.py", line 677, in readuntil
    await self._wait_for_data('readuntil')
  File "/Library/Frameworks/Python.framework/Versions/3.14/lib/python3.14/asyncio/streams.py", line 539, in _wait_for_data
    await self._waiter
asyncio.exceptions.CancelledError

The above exception was the direct cause of the following exception:

Traceback (most recent call last):
  File "/Users/psw/Projects/decision-chat-bot/backend/.venv/lib/python3.14/site-packages/redis/asyncio/connection.py", line 590, in read_response
    async with async_timeout(read_timeout):
               ~~~~~~~~~~~~~^^^^^^^^^^^^^^
  File "/Library/Frameworks/Python.framework/Versions/3.14/lib/python3.14/asyncio/timeouts.py", line 115, in __aexit__
    raise TimeoutError from exc_val
TimeoutError

During handling of the above exception, another exception occurred:

Traceback (most recent call last):
  File "/Users/psw/Projects/decision-chat-bot/backend/jevtriage/realtime/subscriber.py", line 34, in _listen
    async for message in pubsub.listen():
        if message["type"] == "message":
            self._wake.set()
  File "/Users/psw/Projects/decision-chat-bot/backend/.venv/lib/python3.14/site-packages/redis/asyncio/client.py", line 1097, in listen
    response = await self.handle_message(await self.parse_response(block=True))
                                         ^^^^^^^^^^^^^^^^^^^^^^^^^^^^^^^^^^^^^
  File "/Users/psw/Projects/decision-chat-bot/backend/.venv/lib/python3.14/site-packages/redis/asyncio/client.py", line 984, in parse_response
    response = await self._execute(
               ^^^^^^^^^^^^^^^^^^^^
    ...<5 lines>...
    )
    ^
  File "/Users/psw/Projects/decision-chat-bot/backend/.venv/lib/python3.14/site-packages/redis/asyncio/client.py", line 964, in _execute
    return await conn.retry.call_with_retry(
           ^^^^^^^^^^^^^^^^^^^^^^^^^^^^^^^^^
    ...<2 lines>...
    )
    ^
  File "/Users/psw/Projects/decision-chat-bot/backend/.venv/lib/python3.14/site-packages/redis/asyncio/retry.py", line 55, in call_with_retry
    raise error
  File "/Users/psw/Projects/decision-chat-bot/backend/.venv/lib/python3.14/site-packages/redis/asyncio/retry.py", line 50, in call_with_retry
    return await do()
           ^^^^^^^^^^
  File "/Users/psw/Projects/decision-chat-bot/backend/.venv/lib/python3.14/site-packages/redis/asyncio/connection.py", line 609, in read_response
    raise TimeoutError(f"Timeout reading from {host_error}")
redis.exceptions.TimeoutError: Timeout reading from 127.0.0.1:16391
INFO:     127.0.0.1:64221 - "POST /api/auth/login HTTP/1.1" 200 OK
Received notification from DBMS server: <GqlStatusObject gql_status='01N52', status_description='warn: property key does not exist. The property `display_name` does not exist. Verify that the spelling is correct.', position=<SummaryInputPosition line=1, column=60, offset=59>, raw_classification='UNRECOGNIZED', classification=<NotificationClassification.UNRECOGNIZED: 'UNRECOGNIZED'>, raw_severity='WARNING', severity=<NotificationSeverity.WARNING: 'WARNING'>, diagnostic_record={'_classification': 'UNRECOGNIZED', '_severity': 'WARNING', '_position': {'offset': 59, 'line': 1, 'column': 60}, 'OPERATION': '', 'OPERATION_CODE': '0', 'CURRENT_SCHEMA': '/'}> for query: 'MATCH (u:User {id:$user_id,tenant_id:$tenant_id}) RETURN u.display_name AS display_name'
INFO:     127.0.0.1:64231 - "GET /api/auth/me HTTP/1.1" 200 OK
Received notification from DBMS server: <GqlStatusObject gql_status='01N52', status_description='warn: property key does not exist. The property `display_name` does not exist. Verify that the spelling is correct.', position=<SummaryInputPosition line=1, column=60, offset=59>, raw_classification='UNRECOGNIZED', classification=<NotificationClassification.UNRECOGNIZED: 'UNRECOGNIZED'>, raw_severity='WARNING', severity=<NotificationSeverity.WARNING: 'WARNING'>, diagnostic_record={'_classification': 'UNRECOGNIZED', '_severity': 'WARNING', '_position': {'offset': 59, 'line': 1, 'column': 60}, 'OPERATION': '', 'OPERATION_CODE': '0', 'CURRENT_SCHEMA': '/'}> for query: 'MATCH (u:User {id:$user_id,tenant_id:$tenant_id}) RETURN u.display_name AS display_name'
INFO:     127.0.0.1:64232 - "GET /api/auth/me HTTP/1.1" 200 OK
Received notification from DBMS server: <GqlStatusObject gql_status='01N52', status_description='warn: property key does not exist. The property `display_name` does not exist. Verify that the spelling is correct.', position=<SummaryInputPosition line=1, column=60, offset=59>, raw_classification='UNRECOGNIZED', classification=<NotificationClassification.UNRECOGNIZED: 'UNRECOGNIZED'>, raw_severity='WARNING', severity=<NotificationSeverity.WARNING: 'WARNING'>, diagnostic_record={'_classification': 'UNRECOGNIZED', '_severity': 'WARNING', '_position': {'offset': 59, 'line': 1, 'column': 60}, 'OPERATION': '', 'OPERATION_CODE': '0', 'CURRENT_SCHEMA': '/'}> for query: 'MATCH (u:User {id:$user_id,tenant_id:$tenant_id}) RETURN u.display_name AS display_name'
INFO:     127.0.0.1:64236 - "GET /api/auth/me HTTP/1.1" 200 OK
INFO:     127.0.0.1:64235 - "GET /api/requests?limit=50 HTTP/1.1" 200 OK
INFO:     127.0.0.1:64237 - "GET /api/events/stream?after=0 HTTP/1.1" 200 OK
Received notification from DBMS server: <GqlStatusObject gql_status='01N52', status_description='warn: property key does not exist. The property `display_name` does not exist. Verify that the spelling is correct.', position=<SummaryInputPosition line=1, column=60, offset=59>, raw_classification='UNRECOGNIZED', classification=<NotificationClassification.UNRECOGNIZED: 'UNRECOGNIZED'>, raw_severity='WARNING', severity=<NotificationSeverity.WARNING: 'WARNING'>, diagnostic_record={'_classification': 'UNRECOGNIZED', '_severity': 'WARNING', '_position': {'offset': 59, 'line': 1, 'column': 60}, 'OPERATION': '', 'OPERATION_CODE': '0', 'CURRENT_SCHEMA': '/'}> for query: 'MATCH (u:User {id:$user_id,tenant_id:$tenant_id}) RETURN u.display_name AS display_name'
INFO:     127.0.0.1:64240 - "GET /api/auth/me HTTP/1.1" 200 OK
INFO:     127.0.0.1:64242 - "GET /api/requests?limit=50 HTTP/1.1" 200 OK
INFO:     127.0.0.1:64241 - "GET /api/requests?limit=50 HTTP/1.1" 200 OK
Received notification from DBMS server: <GqlStatusObject gql_status='01N52', status_description='warn: property key does not exist. The property `display_name` does not exist. Verify that the spelling is correct.', position=<SummaryInputPosition line=1, column=60, offset=59>, raw_classification='UNRECOGNIZED', classification=<NotificationClassification.UNRECOGNIZED: 'UNRECOGNIZED'>, raw_severity='WARNING', severity=<NotificationSeverity.WARNING: 'WARNING'>, diagnostic_record={'_classification': 'UNRECOGNIZED', '_severity': 'WARNING', '_position': {'offset': 59, 'line': 1, 'column': 60}, 'OPERATION': '', 'OPERATION_CODE': '0', 'CURRENT_SCHEMA': '/'}> for query: 'MATCH (u:User {id:$user_id,tenant_id:$tenant_id}) RETURN u.display_name AS display_name'
Received notification from DBMS server: <GqlStatusObject gql_status='01N52', status_description='warn: property key does not exist. The property `display_name` does not exist. Verify that the spelling is correct.', position=<SummaryInputPosition line=1, column=60, offset=59>, raw_classification='UNRECOGNIZED', classification=<NotificationClassification.UNRECOGNIZED: 'UNRECOGNIZED'>, raw_severity='WARNING', severity=<NotificationSeverity.WARNING: 'WARNING'>, diagnostic_record={'_classification': 'UNRECOGNIZED', '_severity': 'WARNING', '_position': {'offset': 59, 'line': 1, 'column': 60}, 'OPERATION': '', 'OPERATION_CODE': '0', 'CURRENT_SCHEMA': '/'}> for query: 'MATCH (u:User {id:$user_id,tenant_id:$tenant_id}) RETURN u.display_name AS display_name'
Received notification from DBMS server: <GqlStatusObject gql_status='01N52', status_description='warn: property key does not exist. The property `display_name` does not exist. Verify that the spelling is correct.', position=<SummaryInputPosition line=1, column=60, offset=59>, raw_classification='UNRECOGNIZED', classification=<NotificationClassification.UNRECOGNIZED: 'UNRECOGNIZED'>, raw_severity='WARNING', severity=<NotificationSeverity.WARNING: 'WARNING'>, diagnostic_record={'_classification': 'UNRECOGNIZED', '_severity': 'WARNING', '_position': {'offset': 59, 'line': 1, 'column': 60}, 'OPERATION': '', 'OPERATION_CODE': '0', 'CURRENT_SCHEMA': '/'}> for query: 'MATCH (u:User {id:$user_id,tenant_id:$tenant_id}) RETURN u.display_name AS display_name'
INFO:     127.0.0.1:64256 - "GET /api/auth/me HTTP/1.1" 200 OK
Received notification from DBMS server: <GqlStatusObject gql_status='01N52', status_description='warn: property key does not exist. The property `display_name` does not exist. Verify that the spelling is correct.', position=<SummaryInputPosition line=1, column=60, offset=59>, raw_classification='UNRECOGNIZED', classification=<NotificationClassification.UNRECOGNIZED: 'UNRECOGNIZED'>, raw_severity='WARNING', severity=<NotificationSeverity.WARNING: 'WARNING'>, diagnostic_record={'_classification': 'UNRECOGNIZED', '_severity': 'WARNING', '_position': {'offset': 59, 'line': 1, 'column': 60}, 'OPERATION': '', 'OPERATION_CODE': '0', 'CURRENT_SCHEMA': '/'}> for query: 'MATCH (u:User {id:$user_id,tenant_id:$tenant_id}) RETURN u.display_name AS display_name'
INFO:     127.0.0.1:64257 - "GET /api/auth/me HTTP/1.1" 200 OK
INFO:     127.0.0.1:64262 - "GET /api/requests/audit_map_req/judgment HTTP/1.1" 404 Not Found
Received notification from DBMS server: <GqlStatusObject gql_status='01G11', status_description='warn: null value eliminated in set function', position=None, raw_classification='UNRECOGNIZED', classification=<NotificationClassification.UNRECOGNIZED: 'UNRECOGNIZED'>, raw_severity='WARNING', severity=<NotificationSeverity.WARNING: 'WARNING'>, diagnostic_record={'_classification': 'UNRECOGNIZED', '_severity': 'WARNING', 'OPERATION': '', 'OPERATION_CODE': '0', 'CURRENT_SCHEMA': '/'}> for query: 'MATCH (r:Request {id:$id,tenant_id:$tenant_id}) OPTIONAL MATCH (r)-[:HAS_REVISION]->(i:InputRevision) OPTIONAL MATCH (i)-[:HAS_ATTACHMENT]->(a:Attachment) OPTIONAL MATCH (active:Run {id:r.active_run_id,tenant_id:$tenant_id}) RETURN r,collect(DISTINCT i) AS revisions,collect(DISTINCT a) AS attachments,active'
Received notification from DBMS server: <GqlStatusObject gql_status='01G11', status_description='warn: null value eliminated in set function', position=None, raw_classification='UNRECOGNIZED', classification=<NotificationClassification.UNRECOGNIZED: 'UNRECOGNIZED'>, raw_severity='WARNING', severity=<NotificationSeverity.WARNING: 'WARNING'>, diagnostic_record={'_classification': 'UNRECOGNIZED', '_severity': 'WARNING', 'OPERATION': '', 'OPERATION_CODE': '0', 'CURRENT_SCHEMA': '/'}> for query: 'MATCH (r:Request {tenant_id:$tenant_id, id:$request_id}) OPTIONAL MATCH (e:Event {tenant_id:$tenant_id, request_id:$request_id}) RETURN r.status AS status, r.active_run_id AS active_run_id, coalesce(max(e.seq),0) AS latest_seq'
INFO:     127.0.0.1:64261 - "GET /api/requests/audit_map_req HTTP/1.1" 200 OK
INFO:     127.0.0.1:64260 - "GET /api/events/snapshot?request_id=audit_map_req HTTP/1.1" 200 OK
INFO:     127.0.0.1:64259 - "GET /api/requests?limit=50 HTTP/1.1" 200 OK
INFO:     127.0.0.1:64263 - "GET /api/requests/audit_map_req/runs HTTP/1.1" 200 OK
INFO:     127.0.0.1:64266 - "GET /api/events/stream?after=2 HTTP/1.1" 200 OK
Received notification from DBMS server: <GqlStatusObject gql_status='01N52', status_description='warn: property key does not exist. The property `display_name` does not exist. Verify that the spelling is correct.', position=<SummaryInputPosition line=1, column=60, offset=59>, raw_classification='UNRECOGNIZED', classification=<NotificationClassification.UNRECOGNIZED: 'UNRECOGNIZED'>, raw_severity='WARNING', severity=<NotificationSeverity.WARNING: 'WARNING'>, diagnostic_record={'_classification': 'UNRECOGNIZED', '_severity': 'WARNING', '_position': {'offset': 59, 'line': 1, 'column': 60}, 'OPERATION': '', 'OPERATION_CODE': '0', 'CURRENT_SCHEMA': '/'}> for query: 'MATCH (u:User {id:$user_id,tenant_id:$tenant_id}) RETURN u.display_name AS display_name'
INFO:     127.0.0.1:64269 - "GET /api/auth/me HTTP/1.1" 200 OK
Received notification from DBMS server: <GqlStatusObject gql_status='01N52', status_description='warn: property key does not exist. The property `display_name` does not exist. Verify that the spelling is correct.', position=<SummaryInputPosition line=1, column=60, offset=59>, raw_classification='UNRECOGNIZED', classification=<NotificationClassification.UNRECOGNIZED: 'UNRECOGNIZED'>, raw_severity='WARNING', severity=<NotificationSeverity.WARNING: 'WARNING'>, diagnostic_record={'_classification': 'UNRECOGNIZED', '_severity': 'WARNING', '_position': {'offset': 59, 'line': 1, 'column': 60}, 'OPERATION': '', 'OPERATION_CODE': '0', 'CURRENT_SCHEMA': '/'}> for query: 'MATCH (u:User {id:$user_id,tenant_id:$tenant_id}) RETURN u.display_name AS display_name'
INFO:     127.0.0.1:64279 - "GET /api/auth/me HTTP/1.1" 200 OK
INFO:     127.0.0.1:64275 - "GET /api/requests?limit=50 HTTP/1.1" 200 OK
Received notification from DBMS server: <GqlStatusObject gql_status='01G11', status_description='warn: null value eliminated in set function', position=None, raw_classification='UNRECOGNIZED', classification=<NotificationClassification.UNRECOGNIZED: 'UNRECOGNIZED'>, raw_severity='WARNING', severity=<NotificationSeverity.WARNING: 'WARNING'>, diagnostic_record={'_classification': 'UNRECOGNIZED', '_severity': 'WARNING', 'OPERATION': '', 'OPERATION_CODE': '0', 'CURRENT_SCHEMA': '/'}> for query: 'MATCH (r:Request {tenant_id:$tenant_id, id:$request_id}) OPTIONAL MATCH (e:Event {tenant_id:$tenant_id, request_id:$request_id}) RETURN r.status AS status, r.active_run_id AS active_run_id, coalesce(max(e.seq),0) AS latest_seq'
INFO:     127.0.0.1:64274 - "GET /api/events/snapshot?request_id=audit_map_req HTTP/1.1" 200 OK
INFO:     127.0.0.1:64277 - "GET /api/requests/audit_map_req/judgment?run_id=audit_map_run HTTP/1.1" 404 Not Found
INFO:     127.0.0.1:64276 - "GET /api/requests/audit_map_req/progress HTTP/1.1" 404 Not Found
Received notification from DBMS server: <GqlStatusObject gql_status='01N52', status_description='warn: property key does not exist. The property `display_name` does not exist. Verify that the spelling is correct.', position=<SummaryInputPosition line=1, column=60, offset=59>, raw_classification='UNRECOGNIZED', classification=<NotificationClassification.UNRECOGNIZED: 'UNRECOGNIZED'>, raw_severity='WARNING', severity=<NotificationSeverity.WARNING: 'WARNING'>, diagnostic_record={'_classification': 'UNRECOGNIZED', '_severity': 'WARNING', '_position': {'offset': 59, 'line': 1, 'column': 60}, 'OPERATION': '', 'OPERATION_CODE': '0', 'CURRENT_SCHEMA': '/'}> for query: 'MATCH (u:User {id:$user_id,tenant_id:$tenant_id}) RETURN u.display_name AS display_name'
INFO:     127.0.0.1:64285 - "GET /api/auth/me HTTP/1.1" 200 OK
INFO:     127.0.0.1:64286 - "GET /api/requests?limit=50 HTTP/1.1" 200 OK
INFO:     127.0.0.1:64288 - "GET /api/events/stream?after=2 HTTP/1.1" 200 OK
Received notification from DBMS server: <GqlStatusObject gql_status='01N52', status_description='warn: property key does not exist. The property `display_name` does not exist. Verify that the spelling is correct.', position=<SummaryInputPosition line=1, column=60, offset=59>, raw_classification='UNRECOGNIZED', classification=<NotificationClassification.UNRECOGNIZED: 'UNRECOGNIZED'>, raw_severity='WARNING', severity=<NotificationSeverity.WARNING: 'WARNING'>, diagnostic_record={'_classification': 'UNRECOGNIZED', '_severity': 'WARNING', '_position': {'offset': 59, 'line': 1, 'column': 60}, 'OPERATION': '', 'OPERATION_CODE': '0', 'CURRENT_SCHEMA': '/'}> for query: 'MATCH (u:User {id:$user_id,tenant_id:$tenant_id}) RETURN u.display_name AS display_name'
INFO:     127.0.0.1:64291 - "GET /api/auth/me HTTP/1.1" 200 OK
INFO:     127.0.0.1:64295 - "GET /api/requests?limit=50 HTTP/1.1" 200 OK
Redis subscriber disconnected for tenant t-audit-e2e-1005
Traceback (most recent call last):
  File "/Users/psw/Projects/decision-chat-bot/backend/.venv/lib/python3.14/site-packages/redis/asyncio/connection.py", line 591, in read_response
    response = await self._parser.read_response(
               ^^^^^^^^^^^^^^^^^^^^^^^^^^^^^^^^^
        disable_decoding=disable_decoding
        ^^^^^^^^^^^^^^^^^^^^^^^^^^^^^^^^^
    )
    ^
  File "/Users/psw/Projects/decision-chat-bot/backend/.venv/lib/python3.14/site-packages/redis/_parsers/resp2.py", line 82, in read_response
    response = await self._read_response(disable_decoding=disable_decoding)
               ^^^^^^^^^^^^^^^^^^^^^^^^^^^^^^^^^^^^^^^^^^^^^^^^^^^^^^^^^^^^
  File "/Users/psw/Projects/decision-chat-bot/backend/.venv/lib/python3.14/site-packages/redis/_parsers/resp2.py", line 90, in _read_response
    raw = await self._readline()
          ^^^^^^^^^^^^^^^^^^^^^^
  File "/Users/psw/Projects/decision-chat-bot/backend/.venv/lib/python3.14/site-packages/redis/_parsers/base.py", line 283, in _readline
    data = await self._stream.readline()
           ^^^^^^^^^^^^^^^^^^^^^^^^^^^^^
  File "/Library/Frameworks/Python.framework/Versions/3.14/lib/python3.14/asyncio/streams.py", line 562, in readline
    line = await self.readuntil(sep)
           ^^^^^^^^^^^^^^^^^^^^^^^^^
  File "/Library/Frameworks/Python.framework/Versions/3.14/lib/python3.14/asyncio/streams.py", line 677, in readuntil
    await self._wait_for_data('readuntil')
  File "/Library/Frameworks/Python.framework/Versions/3.14/lib/python3.14/asyncio/streams.py", line 539, in _wait_for_data
    await self._waiter
asyncio.exceptions.CancelledError

The above exception was the direct cause of the following exception:

Traceback (most recent call last):
  File "/Users/psw/Projects/decision-chat-bot/backend/.venv/lib/python3.14/site-packages/redis/asyncio/connection.py", line 590, in read_response
    async with async_timeout(read_timeout):
               ~~~~~~~~~~~~~^^^^^^^^^^^^^^
  File "/Library/Frameworks/Python.framework/Versions/3.14/lib/python3.14/asyncio/timeouts.py", line 115, in __aexit__
    raise TimeoutError from exc_val
TimeoutError

During handling of the above exception, another exception occurred:

Traceback (most recent call last):
  File "/Users/psw/Projects/decision-chat-bot/backend/jevtriage/realtime/subscriber.py", line 34, in _listen
    async for message in pubsub.listen():
        if message["type"] == "message":
            self._wake.set()
  File "/Users/psw/Projects/decision-chat-bot/backend/.venv/lib/python3.14/site-packages/redis/asyncio/client.py", line 1097, in listen
    response = await self.handle_message(await self.parse_response(block=True))
                                         ^^^^^^^^^^^^^^^^^^^^^^^^^^^^^^^^^^^^^
  File "/Users/psw/Projects/decision-chat-bot/backend/.venv/lib/python3.14/site-packages/redis/asyncio/client.py", line 984, in parse_response
    response = await self._execute(
               ^^^^^^^^^^^^^^^^^^^^
    ...<5 lines>...
    )
    ^
  File "/Users/psw/Projects/decision-chat-bot/backend/.venv/lib/python3.14/site-packages/redis/asyncio/client.py", line 964, in _execute
    return await conn.retry.call_with_retry(
           ^^^^^^^^^^^^^^^^^^^^^^^^^^^^^^^^^
    ...<2 lines>...
    )
    ^
  File "/Users/psw/Projects/decision-chat-bot/backend/.venv/lib/python3.14/site-packages/redis/asyncio/retry.py", line 55, in call_with_retry
    raise error
  File "/Users/psw/Projects/decision-chat-bot/backend/.venv/lib/python3.14/site-packages/redis/asyncio/retry.py", line 50, in call_with_retry
    return await do()
           ^^^^^^^^^^
  File "/Users/psw/Projects/decision-chat-bot/backend/.venv/lib/python3.14/site-packages/redis/asyncio/connection.py", line 609, in read_response
    raise TimeoutError(f"Timeout reading from {host_error}")
redis.exceptions.TimeoutError: Timeout reading from 127.0.0.1:16391
Received notification from DBMS server: <GqlStatusObject gql_status='01G11', status_description='warn: null value eliminated in set function', position=None, raw_classification='UNRECOGNIZED', classification=<NotificationClassification.UNRECOGNIZED: 'UNRECOGNIZED'>, raw_severity='WARNING', severity=<NotificationSeverity.WARNING: 'WARNING'>, diagnostic_record={'_classification': 'UNRECOGNIZED', '_severity': 'WARNING', 'OPERATION': '', 'OPERATION_CODE': '0', 'CURRENT_SCHEMA': '/'}> for query: 'MATCH (r:Request {id:$id,tenant_id:$tenant_id}) OPTIONAL MATCH (r)-[:HAS_REVISION]->(i:InputRevision) OPTIONAL MATCH (i)-[:HAS_ATTACHMENT]->(a:Attachment) OPTIONAL MATCH (active:Run {id:r.active_run_id,tenant_id:$tenant_id}) RETURN r,collect(DISTINCT i) AS revisions,collect(DISTINCT a) AS attachments,active'
INFO:     127.0.0.1:64298 - "GET /api/requests/audit_map_req HTTP/1.1" 200 OK
INFO:     127.0.0.1:64306 - "POST /api/auth/login HTTP/1.1" 200 OK
Received notification from DBMS server: <GqlStatusObject gql_status='01N52', status_description='warn: property key does not exist. The property `display_name` does not exist. Verify that the spelling is correct.', position=<SummaryInputPosition line=1, column=60, offset=59>, raw_classification='UNRECOGNIZED', classification=<NotificationClassification.UNRECOGNIZED: 'UNRECOGNIZED'>, raw_severity='WARNING', severity=<NotificationSeverity.WARNING: 'WARNING'>, diagnostic_record={'_classification': 'UNRECOGNIZED', '_severity': 'WARNING', '_position': {'offset': 59, 'line': 1, 'column': 60}, 'OPERATION': '', 'OPERATION_CODE': '0', 'CURRENT_SCHEMA': '/'}> for query: 'MATCH (u:User {id:$user_id,tenant_id:$tenant_id}) RETURN u.display_name AS display_name'
INFO:     127.0.0.1:64315 - "GET /api/auth/me HTTP/1.1" 200 OK
Received notification from DBMS server: <GqlStatusObject gql_status='01N52', status_description='warn: property key does not exist. The property `display_name` does not exist. Verify that the spelling is correct.', position=<SummaryInputPosition line=1, column=60, offset=59>, raw_classification='UNRECOGNIZED', classification=<NotificationClassification.UNRECOGNIZED: 'UNRECOGNIZED'>, raw_severity='WARNING', severity=<NotificationSeverity.WARNING: 'WARNING'>, diagnostic_record={'_classification': 'UNRECOGNIZED', '_severity': 'WARNING', '_position': {'offset': 59, 'line': 1, 'column': 60}, 'OPERATION': '', 'OPERATION_CODE': '0', 'CURRENT_SCHEMA': '/'}> for query: 'MATCH (u:User {id:$user_id,tenant_id:$tenant_id}) RETURN u.display_name AS display_name'
INFO:     127.0.0.1:64316 - "GET /api/auth/me HTTP/1.1" 200 OK
Received notification from DBMS server: <GqlStatusObject gql_status='01N52', status_description='warn: property key does not exist. The property `display_name` does not exist. Verify that the spelling is correct.', position=<SummaryInputPosition line=1, column=60, offset=59>, raw_classification='UNRECOGNIZED', classification=<NotificationClassification.UNRECOGNIZED: 'UNRECOGNIZED'>, raw_severity='WARNING', severity=<NotificationSeverity.WARNING: 'WARNING'>, diagnostic_record={'_classification': 'UNRECOGNIZED', '_severity': 'WARNING', '_position': {'offset': 59, 'line': 1, 'column': 60}, 'OPERATION': '', 'OPERATION_CODE': '0', 'CURRENT_SCHEMA': '/'}> for query: 'MATCH (u:User {id:$user_id,tenant_id:$tenant_id}) RETURN u.display_name AS display_name'
INFO:     127.0.0.1:64320 - "GET /api/auth/me HTTP/1.1" 200 OK
INFO:     127.0.0.1:64319 - "GET /api/requests?limit=50 HTTP/1.1" 200 OK
INFO:     127.0.0.1:64321 - "GET /api/events/stream?after=0 HTTP/1.1" 200 OK
Received notification from DBMS server: <GqlStatusObject gql_status='01N52', status_description='warn: property key does not exist. The property `display_name` does not exist. Verify that the spelling is correct.', position=<SummaryInputPosition line=1, column=60, offset=59>, raw_classification='UNRECOGNIZED', classification=<NotificationClassification.UNRECOGNIZED: 'UNRECOGNIZED'>, raw_severity='WARNING', severity=<NotificationSeverity.WARNING: 'WARNING'>, diagnostic_record={'_classification': 'UNRECOGNIZED', '_severity': 'WARNING', '_position': {'offset': 59, 'line': 1, 'column': 60}, 'OPERATION': '', 'OPERATION_CODE': '0', 'CURRENT_SCHEMA': '/'}> for query: 'MATCH (u:User {id:$user_id,tenant_id:$tenant_id}) RETURN u.display_name AS display_name'
INFO:     127.0.0.1:64324 - "GET /api/auth/me HTTP/1.1" 200 OK
INFO:     127.0.0.1:64325 - "GET /api/requests?limit=50 HTTP/1.1" 200 OK
Received notification from DBMS server: <GqlStatusObject gql_status='01G11', status_description='warn: null value eliminated in set function', position=None, raw_classification='UNRECOGNIZED', classification=<NotificationClassification.UNRECOGNIZED: 'UNRECOGNIZED'>, raw_severity='WARNING', severity=<NotificationSeverity.WARNING: 'WARNING'>, diagnostic_record={'_classification': 'UNRECOGNIZED', '_severity': 'WARNING', 'OPERATION': '', 'OPERATION_CODE': '0', 'CURRENT_SCHEMA': '/'}> for query: 'MATCH (r:Request {id:$id,tenant_id:$tenant_id}) OPTIONAL MATCH (r)-[:HAS_REVISION]->(i:InputRevision) OPTIONAL MATCH (i)-[:HAS_ATTACHMENT]->(a:Attachment) OPTIONAL MATCH (active:Run {id:r.active_run_id,tenant_id:$tenant_id}) RETURN r,collect(DISTINCT i) AS revisions,collect(DISTINCT a) AS attachments,active'
INFO:     127.0.0.1:64328 - "GET /api/requests?limit=50 HTTP/1.1" 200 OK
INFO:     127.0.0.1:64326 - "GET /api/requests/audit_map_req HTTP/1.1" 200 OK
Received notification from DBMS server: <GqlStatusObject gql_status='01N52', status_description='warn: property key does not exist. The property `display_name` does not exist. Verify that the spelling is correct.', position=<SummaryInputPosition line=1, column=60, offset=59>, raw_classification='UNRECOGNIZED', classification=<NotificationClassification.UNRECOGNIZED: 'UNRECOGNIZED'>, raw_severity='WARNING', severity=<NotificationSeverity.WARNING: 'WARNING'>, diagnostic_record={'_classification': 'UNRECOGNIZED', '_severity': 'WARNING', '_position': {'offset': 59, 'line': 1, 'column': 60}, 'OPERATION': '', 'OPERATION_CODE': '0', 'CURRENT_SCHEMA': '/'}> for query: 'MATCH (u:User {id:$user_id,tenant_id:$tenant_id}) RETURN u.display_name AS display_name'
INFO:     127.0.0.1:64330 - "GET /api/auth/me HTTP/1.1" 200 OK
Received notification from DBMS server: <GqlStatusObject gql_status='01N52', status_description='warn: property key does not exist. The property `display_name` does not exist. Verify that the spelling is correct.', position=<SummaryInputPosition line=1, column=60, offset=59>, raw_classification='UNRECOGNIZED', classification=<NotificationClassification.UNRECOGNIZED: 'UNRECOGNIZED'>, raw_severity='WARNING', severity=<NotificationSeverity.WARNING: 'WARNING'>, diagnostic_record={'_classification': 'UNRECOGNIZED', '_severity': 'WARNING', '_position': {'offset': 59, 'line': 1, 'column': 60}, 'OPERATION': '', 'OPERATION_CODE': '0', 'CURRENT_SCHEMA': '/'}> for query: 'MATCH (u:User {id:$user_id,tenant_id:$tenant_id}) RETURN u.display_name AS display_name'
Received notification from DBMS server: <GqlStatusObject gql_status='01N52', status_description='warn: property key does not exist. The property `display_name` does not exist. Verify that the spelling is correct.', position=<SummaryInputPosition line=1, column=60, offset=59>, raw_classification='UNRECOGNIZED', classification=<NotificationClassification.UNRECOGNIZED: 'UNRECOGNIZED'>, raw_severity='WARNING', severity=<NotificationSeverity.WARNING: 'WARNING'>, diagnostic_record={'_classification': 'UNRECOGNIZED', '_severity': 'WARNING', '_position': {'offset': 59, 'line': 1, 'column': 60}, 'OPERATION': '', 'OPERATION_CODE': '0', 'CURRENT_SCHEMA': '/'}> for query: 'MATCH (u:User {id:$user_id,tenant_id:$tenant_id}) RETURN u.display_name AS display_name'
Received notification from DBMS server: <GqlStatusObject gql_status='01N52', status_description='warn: property key does not exist. The property `display_name` does not exist. Verify that the spelling is correct.', position=<SummaryInputPosition line=1, column=60, offset=59>, raw_classification='UNRECOGNIZED', classification=<NotificationClassification.UNRECOGNIZED: 'UNRECOGNIZED'>, raw_severity='WARNING', severity=<NotificationSeverity.WARNING: 'WARNING'>, diagnostic_record={'_classification': 'UNRECOGNIZED', '_severity': 'WARNING', '_position': {'offset': 59, 'line': 1, 'column': 60}, 'OPERATION': '', 'OPERATION_CODE': '0', 'CURRENT_SCHEMA': '/'}> for query: 'MATCH (u:User {id:$user_id,tenant_id:$tenant_id}) RETURN u.display_name AS display_name'
INFO:     127.0.0.1:64345 - "GET /api/auth/me HTTP/1.1" 200 OK
Received notification from DBMS server: <GqlStatusObject gql_status='01N52', status_description='warn: property key does not exist. The property `display_name` does not exist. Verify that the spelling is correct.', position=<SummaryInputPosition line=1, column=60, offset=59>, raw_classification='UNRECOGNIZED', classification=<NotificationClassification.UNRECOGNIZED: 'UNRECOGNIZED'>, raw_severity='WARNING', severity=<NotificationSeverity.WARNING: 'WARNING'>, diagnostic_record={'_classification': 'UNRECOGNIZED', '_severity': 'WARNING', '_position': {'offset': 59, 'line': 1, 'column': 60}, 'OPERATION': '', 'OPERATION_CODE': '0', 'CURRENT_SCHEMA': '/'}> for query: 'MATCH (u:User {id:$user_id,tenant_id:$tenant_id}) RETURN u.display_name AS display_name'
INFO:     127.0.0.1:64347 - "GET /api/auth/me HTTP/1.1" 200 OK
Received notification from DBMS server: <GqlStatusObject gql_status='01G11', status_description='warn: null value eliminated in set function', position=None, raw_classification='UNRECOGNIZED', classification=<NotificationClassification.UNRECOGNIZED: 'UNRECOGNIZED'>, raw_severity='WARNING', severity=<NotificationSeverity.WARNING: 'WARNING'>, diagnostic_record={'_classification': 'UNRECOGNIZED', '_severity': 'WARNING', 'OPERATION': '', 'OPERATION_CODE': '0', 'CURRENT_SCHEMA': '/'}> for query: 'MATCH (r:Request {tenant_id:$tenant_id, id:$request_id}) OPTIONAL MATCH (e:Event {tenant_id:$tenant_id, request_id:$request_id}) RETURN r.status AS status, r.active_run_id AS active_run_id, coalesce(max(e.seq),0) AS latest_seq'
INFO:     127.0.0.1:64351 - "GET /api/requests/audit_map_req/judgment HTTP/1.1" 404 Not Found
Received notification from DBMS server: <GqlStatusObject gql_status='01G11', status_description='warn: null value eliminated in set function', position=None, raw_classification='UNRECOGNIZED', classification=<NotificationClassification.UNRECOGNIZED: 'UNRECOGNIZED'>, raw_severity='WARNING', severity=<NotificationSeverity.WARNING: 'WARNING'>, diagnostic_record={'_classification': 'UNRECOGNIZED', '_severity': 'WARNING', 'OPERATION': '', 'OPERATION_CODE': '0', 'CURRENT_SCHEMA': '/'}> for query: 'MATCH (r:Request {id:$id,tenant_id:$tenant_id}) OPTIONAL MATCH (r)-[:HAS_REVISION]->(i:InputRevision) OPTIONAL MATCH (i)-[:HAS_ATTACHMENT]->(a:Attachment) OPTIONAL MATCH (active:Run {id:r.active_run_id,tenant_id:$tenant_id}) RETURN r,collect(DISTINCT i) AS revisions,collect(DISTINCT a) AS attachments,active'
INFO:     127.0.0.1:64350 - "GET /api/events/snapshot?request_id=audit_map_req HTTP/1.1" 200 OK
INFO:     127.0.0.1:64349 - "GET /api/requests?limit=50 HTTP/1.1" 200 OK
INFO:     127.0.0.1:64353 - "GET /api/requests/audit_map_req/runs HTTP/1.1" 200 OK
INFO:     127.0.0.1:64352 - "GET /api/requests/audit_map_req HTTP/1.1" 200 OK
INFO:     127.0.0.1:64355 - "GET /api/events/stream?after=7 HTTP/1.1" 200 OK
Received notification from DBMS server: <GqlStatusObject gql_status='01N52', status_description='warn: property key does not exist. The property `display_name` does not exist. Verify that the spelling is correct.', position=<SummaryInputPosition line=1, column=60, offset=59>, raw_classification='UNRECOGNIZED', classification=<NotificationClassification.UNRECOGNIZED: 'UNRECOGNIZED'>, raw_severity='WARNING', severity=<NotificationSeverity.WARNING: 'WARNING'>, diagnostic_record={'_classification': 'UNRECOGNIZED', '_severity': 'WARNING', '_position': {'offset': 59, 'line': 1, 'column': 60}, 'OPERATION': '', 'OPERATION_CODE': '0', 'CURRENT_SCHEMA': '/'}> for query: 'MATCH (u:User {id:$user_id,tenant_id:$tenant_id}) RETURN u.display_name AS display_name'
INFO:     127.0.0.1:64359 - "GET /api/auth/me HTTP/1.1" 200 OK
Received notification from DBMS server: <GqlStatusObject gql_status='01G11', status_description='warn: null value eliminated in set function', position=None, raw_classification='UNRECOGNIZED', classification=<NotificationClassification.UNRECOGNIZED: 'UNRECOGNIZED'>, raw_severity='WARNING', severity=<NotificationSeverity.WARNING: 'WARNING'>, diagnostic_record={'_classification': 'UNRECOGNIZED', '_severity': 'WARNING', 'OPERATION': '', 'OPERATION_CODE': '0', 'CURRENT_SCHEMA': '/'}> for query: 'MATCH (r:Request {tenant_id:$tenant_id, id:$request_id}) OPTIONAL MATCH (e:Event {tenant_id:$tenant_id, request_id:$request_id}) RETURN r.status AS status, r.active_run_id AS active_run_id, coalesce(max(e.seq),0) AS latest_seq'
INFO:     127.0.0.1:64360 - "GET /api/events/snapshot?request_id=audit_map_req HTTP/1.1" 200 OK
Received notification from DBMS server: <GqlStatusObject gql_status='01G11', status_description='warn: null value eliminated in set function', position=None, raw_classification='UNRECOGNIZED', classification=<NotificationClassification.UNRECOGNIZED: 'UNRECOGNIZED'>, raw_severity='WARNING', severity=<NotificationSeverity.WARNING: 'WARNING'>, diagnostic_record={'_classification': 'UNRECOGNIZED', '_severity': 'WARNING', 'OPERATION': '', 'OPERATION_CODE': '0', 'CURRENT_SCHEMA': '/'}> for query: 'MATCH (r:Request {id:$id,tenant_id:$tenant_id}) OPTIONAL MATCH (r)-[:HAS_REVISION]->(i:InputRevision) OPTIONAL MATCH (i)-[:HAS_ATTACHMENT]->(a:Attachment) OPTIONAL MATCH (active:Run {id:r.active_run_id,tenant_id:$tenant_id}) RETURN r,collect(DISTINCT i) AS revisions,collect(DISTINCT a) AS attachments,active'
INFO:     127.0.0.1:64363 - "GET /api/requests?limit=50 HTTP/1.1" 200 OK
INFO:     127.0.0.1:64367 - "GET /api/requests/audit_map_req/judgment?run_id=audit_map_run HTTP/1.1" 404 Not Found
INFO:     127.0.0.1:64365 - "GET /api/requests/audit_map_req HTTP/1.1" 200 OK
Received notification from DBMS server: <GqlStatusObject gql_status='01N52', status_description='warn: property key does not exist. The property `display_name` does not exist. Verify that the spelling is correct.', position=<SummaryInputPosition line=1, column=60, offset=59>, raw_classification='UNRECOGNIZED', classification=<NotificationClassification.UNRECOGNIZED: 'UNRECOGNIZED'>, raw_severity='WARNING', severity=<NotificationSeverity.WARNING: 'WARNING'>, diagnostic_record={'_classification': 'UNRECOGNIZED', '_severity': 'WARNING', '_position': {'offset': 59, 'line': 1, 'column': 60}, 'OPERATION': '', 'OPERATION_CODE': '0', 'CURRENT_SCHEMA': '/'}> for query: 'MATCH (u:User {id:$user_id,tenant_id:$tenant_id}) RETURN u.display_name AS display_name'
INFO:     127.0.0.1:64371 - "GET /api/auth/me HTTP/1.1" 200 OK
INFO:     127.0.0.1:64369 - "GET /api/requests/audit_map_req/progress HTTP/1.1" 404 Not Found
INFO:     127.0.0.1:64375 - "GET /api/events/stream?after=7 HTTP/1.1" 200 OK
INFO:     127.0.0.1:64376 - "GET /api/requests?limit=50 HTTP/1.1" 200 OK
Received notification from DBMS server: <GqlStatusObject gql_status='01N52', status_description='warn: property key does not exist. The property `display_name` does not exist. Verify that the spelling is correct.', position=<SummaryInputPosition line=1, column=60, offset=59>, raw_classification='UNRECOGNIZED', classification=<NotificationClassification.UNRECOGNIZED: 'UNRECOGNIZED'>, raw_severity='WARNING', severity=<NotificationSeverity.WARNING: 'WARNING'>, diagnostic_record={'_classification': 'UNRECOGNIZED', '_severity': 'WARNING', '_position': {'offset': 59, 'line': 1, 'column': 60}, 'OPERATION': '', 'OPERATION_CODE': '0', 'CURRENT_SCHEMA': '/'}> for query: 'MATCH (u:User {id:$user_id,tenant_id:$tenant_id}) RETURN u.display_name AS display_name'
INFO:     127.0.0.1:64379 - "GET /api/auth/me HTTP/1.1" 200 OK
Received notification from DBMS server: <GqlStatusObject gql_status='01N52', status_description='warn: property key does not exist. The property `display_name` does not exist. Verify that the spelling is correct.', position=<SummaryInputPosition line=1, column=60, offset=59>, raw_classification='UNRECOGNIZED', classification=<NotificationClassification.UNRECOGNIZED: 'UNRECOGNIZED'>, raw_severity='WARNING', severity=<NotificationSeverity.WARNING: 'WARNING'>, diagnostic_record={'_classification': 'UNRECOGNIZED', '_severity': 'WARNING', '_position': {'offset': 59, 'line': 1, 'column': 60}, 'OPERATION': '', 'OPERATION_CODE': '0', 'CURRENT_SCHEMA': '/'}> for query: 'MATCH (u:User {id:$user_id,tenant_id:$tenant_id}) RETURN u.display_name AS display_name'
INFO:     127.0.0.1:64381 - "GET /api/auth/me HTTP/1.1" 200 OK
INFO:     127.0.0.1:64394 - "POST /api/auth/login HTTP/1.1" 200 OK
Received notification from DBMS server: <GqlStatusObject gql_status='01N52', status_description='warn: property key does not exist. The property `display_name` does not exist. Verify that the spelling is correct.', position=<SummaryInputPosition line=1, column=60, offset=59>, raw_classification='UNRECOGNIZED', classification=<NotificationClassification.UNRECOGNIZED: 'UNRECOGNIZED'>, raw_severity='WARNING', severity=<NotificationSeverity.WARNING: 'WARNING'>, diagnostic_record={'_classification': 'UNRECOGNIZED', '_severity': 'WARNING', '_position': {'offset': 59, 'line': 1, 'column': 60}, 'OPERATION': '', 'OPERATION_CODE': '0', 'CURRENT_SCHEMA': '/'}> for query: 'MATCH (u:User {id:$user_id,tenant_id:$tenant_id}) RETURN u.display_name AS display_name'
INFO:     127.0.0.1:64409 - "GET /api/auth/me HTTP/1.1" 200 OK
Received notification from DBMS server: <GqlStatusObject gql_status='01N52', status_description='warn: property key does not exist. The property `display_name` does not exist. Verify that the spelling is correct.', position=<SummaryInputPosition line=1, column=60, offset=59>, raw_classification='UNRECOGNIZED', classification=<NotificationClassification.UNRECOGNIZED: 'UNRECOGNIZED'>, raw_severity='WARNING', severity=<NotificationSeverity.WARNING: 'WARNING'>, diagnostic_record={'_classification': 'UNRECOGNIZED', '_severity': 'WARNING', '_position': {'offset': 59, 'line': 1, 'column': 60}, 'OPERATION': '', 'OPERATION_CODE': '0', 'CURRENT_SCHEMA': '/'}> for query: 'MATCH (u:User {id:$user_id,tenant_id:$tenant_id}) RETURN u.display_name AS display_name'
INFO:     127.0.0.1:64412 - "GET /api/auth/me HTTP/1.1" 200 OK
Received notification from DBMS server: <GqlStatusObject gql_status='01N52', status_description='warn: property key does not exist. The property `display_name` does not exist. Verify that the spelling is correct.', position=<SummaryInputPosition line=1, column=60, offset=59>, raw_classification='UNRECOGNIZED', classification=<NotificationClassification.UNRECOGNIZED: 'UNRECOGNIZED'>, raw_severity='WARNING', severity=<NotificationSeverity.WARNING: 'WARNING'>, diagnostic_record={'_classification': 'UNRECOGNIZED', '_severity': 'WARNING', '_position': {'offset': 59, 'line': 1, 'column': 60}, 'OPERATION': '', 'OPERATION_CODE': '0', 'CURRENT_SCHEMA': '/'}> for query: 'MATCH (u:User {id:$user_id,tenant_id:$tenant_id}) RETURN u.display_name AS display_name'
INFO:     127.0.0.1:64418 - "GET /api/requests?limit=50 HTTP/1.1" 200 OK
INFO:     127.0.0.1:64419 - "GET /api/auth/me HTTP/1.1" 200 OK
INFO:     127.0.0.1:64420 - "GET /api/events/stream?after=0 HTTP/1.1" 200 OK
Received notification from DBMS server: <GqlStatusObject gql_status='01N52', status_description='warn: property key does not exist. The property `display_name` does not exist. Verify that the spelling is correct.', position=<SummaryInputPosition line=1, column=60, offset=59>, raw_classification='UNRECOGNIZED', classification=<NotificationClassification.UNRECOGNIZED: 'UNRECOGNIZED'>, raw_severity='WARNING', severity=<NotificationSeverity.WARNING: 'WARNING'>, diagnostic_record={'_classification': 'UNRECOGNIZED', '_severity': 'WARNING', '_position': {'offset': 59, 'line': 1, 'column': 60}, 'OPERATION': '', 'OPERATION_CODE': '0', 'CURRENT_SCHEMA': '/'}> for query: 'MATCH (u:User {id:$user_id,tenant_id:$tenant_id}) RETURN u.display_name AS display_name'
INFO:     127.0.0.1:64424 - "GET /api/requests?limit=50 HTTP/1.1" 200 OK
INFO:     127.0.0.1:64425 - "GET /api/auth/me HTTP/1.1" 200 OK
Received notification from DBMS server: <GqlStatusObject gql_status='01G11', status_description='warn: null value eliminated in set function', position=None, raw_classification='UNRECOGNIZED', classification=<NotificationClassification.UNRECOGNIZED: 'UNRECOGNIZED'>, raw_severity='WARNING', severity=<NotificationSeverity.WARNING: 'WARNING'>, diagnostic_record={'_classification': 'UNRECOGNIZED', '_severity': 'WARNING', 'OPERATION': '', 'OPERATION_CODE': '0', 'CURRENT_SCHEMA': '/'}> for query: 'MATCH (r:Request {id:$id,tenant_id:$tenant_id}) OPTIONAL MATCH (r)-[:HAS_REVISION]->(i:InputRevision) OPTIONAL MATCH (i)-[:HAS_ATTACHMENT]->(a:Attachment) OPTIONAL MATCH (active:Run {id:r.active_run_id,tenant_id:$tenant_id}) RETURN r,collect(DISTINCT i) AS revisions,collect(DISTINCT a) AS attachments,active'
INFO:     127.0.0.1:64427 - "GET /api/requests/audit_map_req HTTP/1.1" 200 OK
Received notification from DBMS server: <GqlStatusObject gql_status='01N52', status_description='warn: property key does not exist. The property `display_name` does not exist. Verify that the spelling is correct.', position=<SummaryInputPosition line=1, column=60, offset=59>, raw_classification='UNRECOGNIZED', classification=<NotificationClassification.UNRECOGNIZED: 'UNRECOGNIZED'>, raw_severity='WARNING', severity=<NotificationSeverity.WARNING: 'WARNING'>, diagnostic_record={'_classification': 'UNRECOGNIZED', '_severity': 'WARNING', '_position': {'offset': 59, 'line': 1, 'column': 60}, 'OPERATION': '', 'OPERATION_CODE': '0', 'CURRENT_SCHEMA': '/'}> for query: 'MATCH (u:User {id:$user_id,tenant_id:$tenant_id}) RETURN u.display_name AS display_name'
INFO:     127.0.0.1:64431 - "GET /api/auth/me HTTP/1.1" 200 OK
Received notification from DBMS server: <GqlStatusObject gql_status='01N52', status_description='warn: property key does not exist. The property `display_name` does not exist. Verify that the spelling is correct.', position=<SummaryInputPosition line=1, column=60, offset=59>, raw_classification='UNRECOGNIZED', classification=<NotificationClassification.UNRECOGNIZED: 'UNRECOGNIZED'>, raw_severity='WARNING', severity=<NotificationSeverity.WARNING: 'WARNING'>, diagnostic_record={'_classification': 'UNRECOGNIZED', '_severity': 'WARNING', '_position': {'offset': 59, 'line': 1, 'column': 60}, 'OPERATION': '', 'OPERATION_CODE': '0', 'CURRENT_SCHEMA': '/'}> for query: 'MATCH (u:User {id:$user_id,tenant_id:$tenant_id}) RETURN u.display_name AS display_name'
INFO:     127.0.0.1:64434 - "GET /api/auth/me HTTP/1.1" 200 OK
INFO:     127.0.0.1:64456 - "GET /api/requests?limit=50 HTTP/1.1" 200 OK
INFO:     127.0.0.1:64460 - "GET /api/learning/candidates/cand_70d5ec80f6d5974b89af8797 HTTP/1.1" 200 OK
Redis subscriber disconnected for tenant t-audit-e2e-1005
Traceback (most recent call last):
  File "/Users/psw/Projects/decision-chat-bot/backend/.venv/lib/python3.14/site-packages/redis/asyncio/connection.py", line 591, in read_response
    response = await self._parser.read_response(
               ^^^^^^^^^^^^^^^^^^^^^^^^^^^^^^^^^
        disable_decoding=disable_decoding
        ^^^^^^^^^^^^^^^^^^^^^^^^^^^^^^^^^
    )
    ^
  File "/Users/psw/Projects/decision-chat-bot/backend/.venv/lib/python3.14/site-packages/redis/_parsers/resp2.py", line 82, in read_response
    response = await self._read_response(disable_decoding=disable_decoding)
               ^^^^^^^^^^^^^^^^^^^^^^^^^^^^^^^^^^^^^^^^^^^^^^^^^^^^^^^^^^^^
  File "/Users/psw/Projects/decision-chat-bot/backend/.venv/lib/python3.14/site-packages/redis/_parsers/resp2.py", line 90, in _read_response
    raw = await self._readline()
          ^^^^^^^^^^^^^^^^^^^^^^
  File "/Users/psw/Projects/decision-chat-bot/backend/.venv/lib/python3.14/site-packages/redis/_parsers/base.py", line 283, in _readline
    data = await self._stream.readline()
           ^^^^^^^^^^^^^^^^^^^^^^^^^^^^^
  File "/Library/Frameworks/Python.framework/Versions/3.14/lib/python3.14/asyncio/streams.py", line 562, in readline
    line = await self.readuntil(sep)
           ^^^^^^^^^^^^^^^^^^^^^^^^^
  File "/Library/Frameworks/Python.framework/Versions/3.14/lib/python3.14/asyncio/streams.py", line 677, in readuntil
    await self._wait_for_data('readuntil')
  File "/Library/Frameworks/Python.framework/Versions/3.14/lib/python3.14/asyncio/streams.py", line 539, in _wait_for_data
    await self._waiter
asyncio.exceptions.CancelledError

The above exception was the direct cause of the following exception:

Traceback (most recent call last):
  File "/Users/psw/Projects/decision-chat-bot/backend/.venv/lib/python3.14/site-packages/redis/asyncio/connection.py", line 590, in read_response
    async with async_timeout(read_timeout):
               ~~~~~~~~~~~~~^^^^^^^^^^^^^^
  File "/Library/Frameworks/Python.framework/Versions/3.14/lib/python3.14/asyncio/timeouts.py", line 115, in __aexit__
    raise TimeoutError from exc_val
TimeoutError

During handling of the above exception, another exception occurred:

Traceback (most recent call last):
  File "/Users/psw/Projects/decision-chat-bot/backend/jevtriage/realtime/subscriber.py", line 34, in _listen
    async for message in pubsub.listen():
        if message["type"] == "message":
            self._wake.set()
  File "/Users/psw/Projects/decision-chat-bot/backend/.venv/lib/python3.14/site-packages/redis/asyncio/client.py", line 1097, in listen
    response = await self.handle_message(await self.parse_response(block=True))
                                         ^^^^^^^^^^^^^^^^^^^^^^^^^^^^^^^^^^^^^
  File "/Users/psw/Projects/decision-chat-bot/backend/.venv/lib/python3.14/site-packages/redis/asyncio/client.py", line 984, in parse_response
    response = await self._execute(
               ^^^^^^^^^^^^^^^^^^^^
    ...<5 lines>...
    )
    ^
  File "/Users/psw/Projects/decision-chat-bot/backend/.venv/lib/python3.14/site-packages/redis/asyncio/client.py", line 964, in _execute
    return await conn.retry.call_with_retry(
           ^^^^^^^^^^^^^^^^^^^^^^^^^^^^^^^^^
    ...<2 lines>...
    )
    ^
  File "/Users/psw/Projects/decision-chat-bot/backend/.venv/lib/python3.14/site-packages/redis/asyncio/retry.py", line 55, in call_with_retry
    raise error
  File "/Users/psw/Projects/decision-chat-bot/backend/.venv/lib/python3.14/site-packages/redis/asyncio/retry.py", line 50, in call_with_retry
    return await do()
           ^^^^^^^^^^
  File "/Users/psw/Projects/decision-chat-bot/backend/.venv/lib/python3.14/site-packages/redis/asyncio/connection.py", line 609, in read_response
    raise TimeoutError(f"Timeout reading from {host_error}")
redis.exceptions.TimeoutError: Timeout reading from 127.0.0.1:16391
Redis subscriber disconnected for tenant t-audit-e2e-1005
Traceback (most recent call last):
  File "/Users/psw/Projects/decision-chat-bot/backend/.venv/lib/python3.14/site-packages/redis/asyncio/connection.py", line 591, in read_response
    response = await self._parser.read_response(
               ^^^^^^^^^^^^^^^^^^^^^^^^^^^^^^^^^
        disable_decoding=disable_decoding
        ^^^^^^^^^^^^^^^^^^^^^^^^^^^^^^^^^
    )
    ^
  File "/Users/psw/Projects/decision-chat-bot/backend/.venv/lib/python3.14/site-packages/redis/_parsers/resp2.py", line 82, in read_response
    response = await self._read_response(disable_decoding=disable_decoding)
               ^^^^^^^^^^^^^^^^^^^^^^^^^^^^^^^^^^^^^^^^^^^^^^^^^^^^^^^^^^^^
  File "/Users/psw/Projects/decision-chat-bot/backend/.venv/lib/python3.14/site-packages/redis/_parsers/resp2.py", line 90, in _read_response
    raw = await self._readline()
          ^^^^^^^^^^^^^^^^^^^^^^
  File "/Users/psw/Projects/decision-chat-bot/backend/.venv/lib/python3.14/site-packages/redis/_parsers/base.py", line 283, in _readline
    data = await self._stream.readline()
           ^^^^^^^^^^^^^^^^^^^^^^^^^^^^^
  File "/Library/Frameworks/Python.framework/Versions/3.14/lib/python3.14/asyncio/streams.py", line 562, in readline
    line = await self.readuntil(sep)
           ^^^^^^^^^^^^^^^^^^^^^^^^^
  File "/Library/Frameworks/Python.framework/Versions/3.14/lib/python3.14/asyncio/streams.py", line 677, in readuntil
    await self._wait_for_data('readuntil')
  File "/Library/Frameworks/Python.framework/Versions/3.14/lib/python3.14/asyncio/streams.py", line 539, in _wait_for_data
    await self._waiter
asyncio.exceptions.CancelledError

The above exception was the direct cause of the following exception:

Traceback (most recent call last):
  File "/Users/psw/Projects/decision-chat-bot/backend/.venv/lib/python3.14/site-packages/redis/asyncio/connection.py", line 590, in read_response
    async with async_timeout(read_timeout):
               ~~~~~~~~~~~~~^^^^^^^^^^^^^^
  File "/Library/Frameworks/Python.framework/Versions/3.14/lib/python3.14/asyncio/timeouts.py", line 115, in __aexit__
    raise TimeoutError from exc_val
TimeoutError

During handling of the above exception, another exception occurred:

Traceback (most recent call last):
  File "/Users/psw/Projects/decision-chat-bot/backend/jevtriage/realtime/subscriber.py", line 34, in _listen
    async for message in pubsub.listen():
        if message["type"] == "message":
            self._wake.set()
  File "/Users/psw/Projects/decision-chat-bot/backend/.venv/lib/python3.14/site-packages/redis/asyncio/client.py", line 1097, in listen
    response = await self.handle_message(await self.parse_response(block=True))
                                         ^^^^^^^^^^^^^^^^^^^^^^^^^^^^^^^^^^^^^
  File "/Users/psw/Projects/decision-chat-bot/backend/.venv/lib/python3.14/site-packages/redis/asyncio/client.py", line 984, in parse_response
    response = await self._execute(
               ^^^^^^^^^^^^^^^^^^^^
    ...<5 lines>...
    )
    ^
  File "/Users/psw/Projects/decision-chat-bot/backend/.venv/lib/python3.14/site-packages/redis/asyncio/client.py", line 964, in _execute
    return await conn.retry.call_with_retry(
           ^^^^^^^^^^^^^^^^^^^^^^^^^^^^^^^^^
    ...<2 lines>...
    )
    ^
  File "/Users/psw/Projects/decision-chat-bot/backend/.venv/lib/python3.14/site-packages/redis/asyncio/retry.py", line 55, in call_with_retry
    raise error
  File "/Users/psw/Projects/decision-chat-bot/backend/.venv/lib/python3.14/site-packages/redis/asyncio/retry.py", line 50, in call_with_retry
    return await do()
           ^^^^^^^^^^
  File "/Users/psw/Projects/decision-chat-bot/backend/.venv/lib/python3.14/site-packages/redis/asyncio/connection.py", line 609, in read_response
    raise TimeoutError(f"Timeout reading from {host_error}")
redis.exceptions.TimeoutError: Timeout reading from 127.0.0.1:16391
INFO:     127.0.0.1:64594 - "POST /api/auth/login HTTP/1.1" 200 OK
Received notification from DBMS server: <GqlStatusObject gql_status='01N52', status_description='warn: property key does not exist. The property `display_name` does not exist. Verify that the spelling is correct.', position=<SummaryInputPosition line=1, column=60, offset=59>, raw_classification='UNRECOGNIZED', classification=<NotificationClassification.UNRECOGNIZED: 'UNRECOGNIZED'>, raw_severity='WARNING', severity=<NotificationSeverity.WARNING: 'WARNING'>, diagnostic_record={'_classification': 'UNRECOGNIZED', '_severity': 'WARNING', '_position': {'offset': 59, 'line': 1, 'column': 60}, 'OPERATION': '', 'OPERATION_CODE': '0', 'CURRENT_SCHEMA': '/'}> for query: 'MATCH (u:User {id:$user_id,tenant_id:$tenant_id}) RETURN u.display_name AS display_name'
INFO:     127.0.0.1:64604 - "GET /api/auth/me HTTP/1.1" 200 OK
Received notification from DBMS server: <GqlStatusObject gql_status='01N52', status_description='warn: property key does not exist. The property `display_name` does not exist. Verify that the spelling is correct.', position=<SummaryInputPosition line=1, column=60, offset=59>, raw_classification='UNRECOGNIZED', classification=<NotificationClassification.UNRECOGNIZED: 'UNRECOGNIZED'>, raw_severity='WARNING', severity=<NotificationSeverity.WARNING: 'WARNING'>, diagnostic_record={'_classification': 'UNRECOGNIZED', '_severity': 'WARNING', '_position': {'offset': 59, 'line': 1, 'column': 60}, 'OPERATION': '', 'OPERATION_CODE': '0', 'CURRENT_SCHEMA': '/'}> for query: 'MATCH (u:User {id:$user_id,tenant_id:$tenant_id}) RETURN u.display_name AS display_name'
INFO:     127.0.0.1:64605 - "GET /api/auth/me HTTP/1.1" 200 OK
Received notification from DBMS server: <GqlStatusObject gql_status='01N52', status_description='warn: property key does not exist. The property `display_name` does not exist. Verify that the spelling is correct.', position=<SummaryInputPosition line=1, column=60, offset=59>, raw_classification='UNRECOGNIZED', classification=<NotificationClassification.UNRECOGNIZED: 'UNRECOGNIZED'>, raw_severity='WARNING', severity=<NotificationSeverity.WARNING: 'WARNING'>, diagnostic_record={'_classification': 'UNRECOGNIZED', '_severity': 'WARNING', '_position': {'offset': 59, 'line': 1, 'column': 60}, 'OPERATION': '', 'OPERATION_CODE': '0', 'CURRENT_SCHEMA': '/'}> for query: 'MATCH (u:User {id:$user_id,tenant_id:$tenant_id}) RETURN u.display_name AS display_name'
INFO:     127.0.0.1:64609 - "GET /api/auth/me HTTP/1.1" 200 OK
INFO:     127.0.0.1:64608 - "GET /api/requests?limit=50 HTTP/1.1" 200 OK
INFO:     127.0.0.1:64610 - "GET /api/events/stream?after=0 HTTP/1.1" 200 OK
Received notification from DBMS server: <GqlStatusObject gql_status='01N52', status_description='warn: property key does not exist. The property `display_name` does not exist. Verify that the spelling is correct.', position=<SummaryInputPosition line=1, column=60, offset=59>, raw_classification='UNRECOGNIZED', classification=<NotificationClassification.UNRECOGNIZED: 'UNRECOGNIZED'>, raw_severity='WARNING', severity=<NotificationSeverity.WARNING: 'WARNING'>, diagnostic_record={'_classification': 'UNRECOGNIZED', '_severity': 'WARNING', '_position': {'offset': 59, 'line': 1, 'column': 60}, 'OPERATION': '', 'OPERATION_CODE': '0', 'CURRENT_SCHEMA': '/'}> for query: 'MATCH (u:User {id:$user_id,tenant_id:$tenant_id}) RETURN u.display_name AS display_name'
INFO:     127.0.0.1:64612 - "GET /api/auth/me HTTP/1.1" 200 OK
Received notification from DBMS server: <GqlStatusObject gql_status='01N52', status_description='warn: property key does not exist. The property `display_name` does not exist. Verify that the spelling is correct.', position=<SummaryInputPosition line=1, column=60, offset=59>, raw_classification='UNRECOGNIZED', classification=<NotificationClassification.UNRECOGNIZED: 'UNRECOGNIZED'>, raw_severity='WARNING', severity=<NotificationSeverity.WARNING: 'WARNING'>, diagnostic_record={'_classification': 'UNRECOGNIZED', '_severity': 'WARNING', '_position': {'offset': 59, 'line': 1, 'column': 60}, 'OPERATION': '', 'OPERATION_CODE': '0', 'CURRENT_SCHEMA': '/'}> for query: 'MATCH (u:User {id:$user_id,tenant_id:$tenant_id}) RETURN u.display_name AS display_name'
INFO:     127.0.0.1:64615 - "GET /api/auth/me HTTP/1.1" 200 OK
INFO:     127.0.0.1:64614 - "GET /api/requests?limit=50 HTTP/1.1" 200 OK
Received notification from DBMS server: <GqlStatusObject gql_status='01N52', status_description='warn: property key does not exist. The property `display_name` does not exist. Verify that the spelling is correct.', position=<SummaryInputPosition line=1, column=60, offset=59>, raw_classification='UNRECOGNIZED', classification=<NotificationClassification.UNRECOGNIZED: 'UNRECOGNIZED'>, raw_severity='WARNING', severity=<NotificationSeverity.WARNING: 'WARNING'>, diagnostic_record={'_classification': 'UNRECOGNIZED', '_severity': 'WARNING', '_position': {'offset': 59, 'line': 1, 'column': 60}, 'OPERATION': '', 'OPERATION_CODE': '0', 'CURRENT_SCHEMA': '/'}> for query: 'MATCH (u:User {id:$user_id,tenant_id:$tenant_id}) RETURN u.display_name AS display_name'
INFO:     127.0.0.1:64617 - "GET /api/auth/me HTTP/1.1" 200 OK
Received notification from DBMS server: <GqlStatusObject gql_status='01G11', status_description='warn: null value eliminated in set function', position=None, raw_classification='UNRECOGNIZED', classification=<NotificationClassification.UNRECOGNIZED: 'UNRECOGNIZED'>, raw_severity='WARNING', severity=<NotificationSeverity.WARNING: 'WARNING'>, diagnostic_record={'_classification': 'UNRECOGNIZED', '_severity': 'WARNING', 'OPERATION': '', 'OPERATION_CODE': '0', 'CURRENT_SCHEMA': '/'}> for query: 'MATCH (r:Request {id:$id,tenant_id:$tenant_id}) OPTIONAL MATCH (r)-[:HAS_REVISION]->(i:InputRevision) OPTIONAL MATCH (i)-[:HAS_ATTACHMENT]->(a:Attachment) OPTIONAL MATCH (active:Run {id:r.active_run_id,tenant_id:$tenant_id}) RETURN r,collect(DISTINCT i) AS revisions,collect(DISTINCT a) AS attachments,active'
INFO:     127.0.0.1:64619 - "GET /api/requests/audit_map_req HTTP/1.1" 200 OK
INFO:     127.0.0.1:64631 - "GET /api/requests?limit=50 HTTP/1.1" 200 OK
Redis subscriber disconnected for tenant t-audit-e2e-1005
Traceback (most recent call last):
  File "/Users/psw/Projects/decision-chat-bot/backend/.venv/lib/python3.14/site-packages/redis/asyncio/connection.py", line 591, in read_response
    response = await self._parser.read_response(
               ^^^^^^^^^^^^^^^^^^^^^^^^^^^^^^^^^
        disable_decoding=disable_decoding
        ^^^^^^^^^^^^^^^^^^^^^^^^^^^^^^^^^
    )
    ^
  File "/Users/psw/Projects/decision-chat-bot/backend/.venv/lib/python3.14/site-packages/redis/_parsers/resp2.py", line 82, in read_response
    response = await self._read_response(disable_decoding=disable_decoding)
               ^^^^^^^^^^^^^^^^^^^^^^^^^^^^^^^^^^^^^^^^^^^^^^^^^^^^^^^^^^^^
  File "/Users/psw/Projects/decision-chat-bot/backend/.venv/lib/python3.14/site-packages/redis/_parsers/resp2.py", line 90, in _read_response
    raw = await self._readline()
          ^^^^^^^^^^^^^^^^^^^^^^
  File "/Users/psw/Projects/decision-chat-bot/backend/.venv/lib/python3.14/site-packages/redis/_parsers/base.py", line 283, in _readline
    data = await self._stream.readline()
           ^^^^^^^^^^^^^^^^^^^^^^^^^^^^^
  File "/Library/Frameworks/Python.framework/Versions/3.14/lib/python3.14/asyncio/streams.py", line 562, in readline
    line = await self.readuntil(sep)
           ^^^^^^^^^^^^^^^^^^^^^^^^^
  File "/Library/Frameworks/Python.framework/Versions/3.14/lib/python3.14/asyncio/streams.py", line 677, in readuntil
    await self._wait_for_data('readuntil')
  File "/Library/Frameworks/Python.framework/Versions/3.14/lib/python3.14/asyncio/streams.py", line 539, in _wait_for_data
    await self._waiter
asyncio.exceptions.CancelledError

The above exception was the direct cause of the following exception:

Traceback (most recent call last):
  File "/Users/psw/Projects/decision-chat-bot/backend/.venv/lib/python3.14/site-packages/redis/asyncio/connection.py", line 590, in read_response
    async with async_timeout(read_timeout):
               ~~~~~~~~~~~~~^^^^^^^^^^^^^^
  File "/Library/Frameworks/Python.framework/Versions/3.14/lib/python3.14/asyncio/timeouts.py", line 115, in __aexit__
    raise TimeoutError from exc_val
TimeoutError

During handling of the above exception, another exception occurred:

Traceback (most recent call last):
  File "/Users/psw/Projects/decision-chat-bot/backend/jevtriage/realtime/subscriber.py", line 34, in _listen
    async for message in pubsub.listen():
        if message["type"] == "message":
            self._wake.set()
  File "/Users/psw/Projects/decision-chat-bot/backend/.venv/lib/python3.14/site-packages/redis/asyncio/client.py", line 1097, in listen
    response = await self.handle_message(await self.parse_response(block=True))
                                         ^^^^^^^^^^^^^^^^^^^^^^^^^^^^^^^^^^^^^
  File "/Users/psw/Projects/decision-chat-bot/backend/.venv/lib/python3.14/site-packages/redis/asyncio/client.py", line 984, in parse_response
    response = await self._execute(
               ^^^^^^^^^^^^^^^^^^^^
    ...<5 lines>...
    )
    ^
  File "/Users/psw/Projects/decision-chat-bot/backend/.venv/lib/python3.14/site-packages/redis/asyncio/client.py", line 964, in _execute
    return await conn.retry.call_with_retry(
           ^^^^^^^^^^^^^^^^^^^^^^^^^^^^^^^^^
    ...<2 lines>...
    )
    ^
  File "/Users/psw/Projects/decision-chat-bot/backend/.venv/lib/python3.14/site-packages/redis/asyncio/retry.py", line 55, in call_with_retry
    raise error
  File "/Users/psw/Projects/decision-chat-bot/backend/.venv/lib/python3.14/site-packages/redis/asyncio/retry.py", line 50, in call_with_retry
    return await do()
           ^^^^^^^^^^
  File "/Users/psw/Projects/decision-chat-bot/backend/.venv/lib/python3.14/site-packages/redis/asyncio/connection.py", line 609, in read_response
    raise TimeoutError(f"Timeout reading from {host_error}")
redis.exceptions.TimeoutError: Timeout reading from 127.0.0.1:16391
Redis subscriber disconnected for tenant t-audit-e2e-1005
Traceback (most recent call last):
  File "/Users/psw/Projects/decision-chat-bot/backend/.venv/lib/python3.14/site-packages/redis/asyncio/connection.py", line 591, in read_response
    response = await self._parser.read_response(
               ^^^^^^^^^^^^^^^^^^^^^^^^^^^^^^^^^
        disable_decoding=disable_decoding
        ^^^^^^^^^^^^^^^^^^^^^^^^^^^^^^^^^
    )
    ^
  File "/Users/psw/Projects/decision-chat-bot/backend/.venv/lib/python3.14/site-packages/redis/_parsers/resp2.py", line 82, in read_response
    response = await self._read_response(disable_decoding=disable_decoding)
               ^^^^^^^^^^^^^^^^^^^^^^^^^^^^^^^^^^^^^^^^^^^^^^^^^^^^^^^^^^^^
  File "/Users/psw/Projects/decision-chat-bot/backend/.venv/lib/python3.14/site-packages/redis/_parsers/resp2.py", line 90, in _read_response
    raw = await self._readline()
          ^^^^^^^^^^^^^^^^^^^^^^
  File "/Users/psw/Projects/decision-chat-bot/backend/.venv/lib/python3.14/site-packages/redis/_parsers/base.py", line 283, in _readline
    data = await self._stream.readline()
           ^^^^^^^^^^^^^^^^^^^^^^^^^^^^^
  File "/Library/Frameworks/Python.framework/Versions/3.14/lib/python3.14/asyncio/streams.py", line 562, in readline
    line = await self.readuntil(sep)
           ^^^^^^^^^^^^^^^^^^^^^^^^^
  File "/Library/Frameworks/Python.framework/Versions/3.14/lib/python3.14/asyncio/streams.py", line 677, in readuntil
    await self._wait_for_data('readuntil')
  File "/Library/Frameworks/Python.framework/Versions/3.14/lib/python3.14/asyncio/streams.py", line 539, in _wait_for_data
    await self._waiter
asyncio.exceptions.CancelledError

The above exception was the direct cause of the following exception:

Traceback (most recent call last):
  File "/Users/psw/Projects/decision-chat-bot/backend/.venv/lib/python3.14/site-packages/redis/asyncio/connection.py", line 590, in read_response
    async with async_timeout(read_timeout):
               ~~~~~~~~~~~~~^^^^^^^^^^^^^^
  File "/Library/Frameworks/Python.framework/Versions/3.14/lib/python3.14/asyncio/timeouts.py", line 115, in __aexit__
    raise TimeoutError from exc_val
TimeoutError

During handling of the above exception, another exception occurred:

Traceback (most recent call last):
  File "/Users/psw/Projects/decision-chat-bot/backend/jevtriage/realtime/subscriber.py", line 34, in _listen
    async for message in pubsub.listen():
        if message["type"] == "message":
            self._wake.set()
  File "/Users/psw/Projects/decision-chat-bot/backend/.venv/lib/python3.14/site-packages/redis/asyncio/client.py", line 1097, in listen
    response = await self.handle_message(await self.parse_response(block=True))
                                         ^^^^^^^^^^^^^^^^^^^^^^^^^^^^^^^^^^^^^
  File "/Users/psw/Projects/decision-chat-bot/backend/.venv/lib/python3.14/site-packages/redis/asyncio/client.py", line 984, in parse_response
    response = await self._execute(
               ^^^^^^^^^^^^^^^^^^^^
    ...<5 lines>...
    )
    ^
  File "/Users/psw/Projects/decision-chat-bot/backend/.venv/lib/python3.14/site-packages/redis/asyncio/client.py", line 964, in _execute
    return await conn.retry.call_with_retry(
           ^^^^^^^^^^^^^^^^^^^^^^^^^^^^^^^^^
    ...<2 lines>...
    )
    ^
  File "/Users/psw/Projects/decision-chat-bot/backend/.venv/lib/python3.14/site-packages/redis/asyncio/retry.py", line 55, in call_with_retry
    raise error
  File "/Users/psw/Projects/decision-chat-bot/backend/.venv/lib/python3.14/site-packages/redis/asyncio/retry.py", line 50, in call_with_retry
    return await do()
           ^^^^^^^^^^
  File "/Users/psw/Projects/decision-chat-bot/backend/.venv/lib/python3.14/site-packages/redis/asyncio/connection.py", line 609, in read_response
    raise TimeoutError(f"Timeout reading from {host_error}")
redis.exceptions.TimeoutError: Timeout reading from 127.0.0.1:16391
Redis subscriber disconnected for tenant t-audit-e2e-1005
Traceback (most recent call last):
  File "/Users/psw/Projects/decision-chat-bot/backend/.venv/lib/python3.14/site-packages/redis/asyncio/connection.py", line 591, in read_response
    response = await self._parser.read_response(
               ^^^^^^^^^^^^^^^^^^^^^^^^^^^^^^^^^
        disable_decoding=disable_decoding
        ^^^^^^^^^^^^^^^^^^^^^^^^^^^^^^^^^
    )
    ^
  File "/Users/psw/Projects/decision-chat-bot/backend/.venv/lib/python3.14/site-packages/redis/_parsers/resp2.py", line 82, in read_response
    response = await self._read_response(disable_decoding=disable_decoding)
               ^^^^^^^^^^^^^^^^^^^^^^^^^^^^^^^^^^^^^^^^^^^^^^^^^^^^^^^^^^^^
  File "/Users/psw/Projects/decision-chat-bot/backend/.venv/lib/python3.14/site-packages/redis/_parsers/resp2.py", line 90, in _read_response
    raw = await self._readline()
          ^^^^^^^^^^^^^^^^^^^^^^
  File "/Users/psw/Projects/decision-chat-bot/backend/.venv/lib/python3.14/site-packages/redis/_parsers/base.py", line 283, in _readline
    data = await self._stream.readline()
           ^^^^^^^^^^^^^^^^^^^^^^^^^^^^^
  File "/Library/Frameworks/Python.framework/Versions/3.14/lib/python3.14/asyncio/streams.py", line 562, in readline
    line = await self.readuntil(sep)
           ^^^^^^^^^^^^^^^^^^^^^^^^^
  File "/Library/Frameworks/Python.framework/Versions/3.14/lib/python3.14/asyncio/streams.py", line 677, in readuntil
    await self._wait_for_data('readuntil')
  File "/Library/Frameworks/Python.framework/Versions/3.14/lib/python3.14/asyncio/streams.py", line 539, in _wait_for_data
    await self._waiter
asyncio.exceptions.CancelledError

The above exception was the direct cause of the following exception:

Traceback (most recent call last):
  File "/Users/psw/Projects/decision-chat-bot/backend/.venv/lib/python3.14/site-packages/redis/asyncio/connection.py", line 590, in read_response
    async with async_timeout(read_timeout):
               ~~~~~~~~~~~~~^^^^^^^^^^^^^^
  File "/Library/Frameworks/Python.framework/Versions/3.14/lib/python3.14/asyncio/timeouts.py", line 115, in __aexit__
    raise TimeoutError from exc_val
TimeoutError

During handling of the above exception, another exception occurred:

Traceback (most recent call last):
  File "/Users/psw/Projects/decision-chat-bot/backend/jevtriage/realtime/subscriber.py", line 34, in _listen
    async for message in pubsub.listen():
        if message["type"] == "message":
            self._wake.set()
  File "/Users/psw/Projects/decision-chat-bot/backend/.venv/lib/python3.14/site-packages/redis/asyncio/client.py", line 1097, in listen
    response = await self.handle_message(await self.parse_response(block=True))
                                         ^^^^^^^^^^^^^^^^^^^^^^^^^^^^^^^^^^^^^
  File "/Users/psw/Projects/decision-chat-bot/backend/.venv/lib/python3.14/site-packages/redis/asyncio/client.py", line 984, in parse_response
    response = await self._execute(
               ^^^^^^^^^^^^^^^^^^^^
    ...<5 lines>...
    )
    ^
  File "/Users/psw/Projects/decision-chat-bot/backend/.venv/lib/python3.14/site-packages/redis/asyncio/client.py", line 964, in _execute
    return await conn.retry.call_with_retry(
           ^^^^^^^^^^^^^^^^^^^^^^^^^^^^^^^^^
    ...<2 lines>...
    )
    ^
  File "/Users/psw/Projects/decision-chat-bot/backend/.venv/lib/python3.14/site-packages/redis/asyncio/retry.py", line 55, in call_with_retry
    raise error
  File "/Users/psw/Projects/decision-chat-bot/backend/.venv/lib/python3.14/site-packages/redis/asyncio/retry.py", line 50, in call_with_retry
    return await do()
           ^^^^^^^^^^
  File "/Users/psw/Projects/decision-chat-bot/backend/.venv/lib/python3.14/site-packages/redis/asyncio/connection.py", line 609, in read_response
    raise TimeoutError(f"Timeout reading from {host_error}")
redis.exceptions.TimeoutError: Timeout reading from 127.0.0.1:16391
INFO:     127.0.0.1:64756 - "POST /api/auth/login HTTP/1.1" 200 OK
Received notification from DBMS server: <GqlStatusObject gql_status='01N52', status_description='warn: property key does not exist. The property `display_name` does not exist. Verify that the spelling is correct.', position=<SummaryInputPosition line=1, column=60, offset=59>, raw_classification='UNRECOGNIZED', classification=<NotificationClassification.UNRECOGNIZED: 'UNRECOGNIZED'>, raw_severity='WARNING', severity=<NotificationSeverity.WARNING: 'WARNING'>, diagnostic_record={'_classification': 'UNRECOGNIZED', '_severity': 'WARNING', '_position': {'offset': 59, 'line': 1, 'column': 60}, 'OPERATION': '', 'OPERATION_CODE': '0', 'CURRENT_SCHEMA': '/'}> for query: 'MATCH (u:User {id:$user_id,tenant_id:$tenant_id}) RETURN u.display_name AS display_name'
INFO:     127.0.0.1:64766 - "GET /api/auth/me HTTP/1.1" 200 OK
Received notification from DBMS server: <GqlStatusObject gql_status='01N52', status_description='warn: property key does not exist. The property `display_name` does not exist. Verify that the spelling is correct.', position=<SummaryInputPosition line=1, column=60, offset=59>, raw_classification='UNRECOGNIZED', classification=<NotificationClassification.UNRECOGNIZED: 'UNRECOGNIZED'>, raw_severity='WARNING', severity=<NotificationSeverity.WARNING: 'WARNING'>, diagnostic_record={'_classification': 'UNRECOGNIZED', '_severity': 'WARNING', '_position': {'offset': 59, 'line': 1, 'column': 60}, 'OPERATION': '', 'OPERATION_CODE': '0', 'CURRENT_SCHEMA': '/'}> for query: 'MATCH (u:User {id:$user_id,tenant_id:$tenant_id}) RETURN u.display_name AS display_name'
INFO:     127.0.0.1:64767 - "GET /api/auth/me HTTP/1.1" 200 OK
Received notification from DBMS server: <GqlStatusObject gql_status='01N52', status_description='warn: property key does not exist. The property `display_name` does not exist. Verify that the spelling is correct.', position=<SummaryInputPosition line=1, column=60, offset=59>, raw_classification='UNRECOGNIZED', classification=<NotificationClassification.UNRECOGNIZED: 'UNRECOGNIZED'>, raw_severity='WARNING', severity=<NotificationSeverity.WARNING: 'WARNING'>, diagnostic_record={'_classification': 'UNRECOGNIZED', '_severity': 'WARNING', '_position': {'offset': 59, 'line': 1, 'column': 60}, 'OPERATION': '', 'OPERATION_CODE': '0', 'CURRENT_SCHEMA': '/'}> for query: 'MATCH (u:User {id:$user_id,tenant_id:$tenant_id}) RETURN u.display_name AS display_name'
INFO:     127.0.0.1:64770 - "GET /api/auth/me HTTP/1.1" 200 OK
INFO:     127.0.0.1:64771 - "GET /api/requests?limit=50 HTTP/1.1" 200 OK
INFO:     127.0.0.1:64772 - "GET /api/events/stream?after=0 HTTP/1.1" 200 OK
Received notification from DBMS server: <GqlStatusObject gql_status='01N52', status_description='warn: property key does not exist. The property `display_name` does not exist. Verify that the spelling is correct.', position=<SummaryInputPosition line=1, column=60, offset=59>, raw_classification='UNRECOGNIZED', classification=<NotificationClassification.UNRECOGNIZED: 'UNRECOGNIZED'>, raw_severity='WARNING', severity=<NotificationSeverity.WARNING: 'WARNING'>, diagnostic_record={'_classification': 'UNRECOGNIZED', '_severity': 'WARNING', '_position': {'offset': 59, 'line': 1, 'column': 60}, 'OPERATION': '', 'OPERATION_CODE': '0', 'CURRENT_SCHEMA': '/'}> for query: 'MATCH (u:User {id:$user_id,tenant_id:$tenant_id}) RETURN u.display_name AS display_name'
INFO:     127.0.0.1:64775 - "GET /api/auth/me HTTP/1.1" 200 OK
INFO:     127.0.0.1:64777 - "GET /api/requests?limit=50 HTTP/1.1" 200 OK
Received notification from DBMS server: <GqlStatusObject gql_status='01N52', status_description='warn: property key does not exist. The property `display_name` does not exist. Verify that the spelling is correct.', position=<SummaryInputPosition line=1, column=60, offset=59>, raw_classification='UNRECOGNIZED', classification=<NotificationClassification.UNRECOGNIZED: 'UNRECOGNIZED'>, raw_severity='WARNING', severity=<NotificationSeverity.WARNING: 'WARNING'>, diagnostic_record={'_classification': 'UNRECOGNIZED', '_severity': 'WARNING', '_position': {'offset': 59, 'line': 1, 'column': 60}, 'OPERATION': '', 'OPERATION_CODE': '0', 'CURRENT_SCHEMA': '/'}> for query: 'MATCH (u:User {id:$user_id,tenant_id:$tenant_id}) RETURN u.display_name AS display_name'
INFO:     127.0.0.1:64778 - "GET /api/auth/me HTTP/1.1" 200 OK
Received notification from DBMS server: <GqlStatusObject gql_status='01N52', status_description='warn: property key does not exist. The property `display_name` does not exist. Verify that the spelling is correct.', position=<SummaryInputPosition line=1, column=60, offset=59>, raw_classification='UNRECOGNIZED', classification=<NotificationClassification.UNRECOGNIZED: 'UNRECOGNIZED'>, raw_severity='WARNING', severity=<NotificationSeverity.WARNING: 'WARNING'>, diagnostic_record={'_classification': 'UNRECOGNIZED', '_severity': 'WARNING', '_position': {'offset': 59, 'line': 1, 'column': 60}, 'OPERATION': '', 'OPERATION_CODE': '0', 'CURRENT_SCHEMA': '/'}> for query: 'MATCH (u:User {id:$user_id,tenant_id:$tenant_id}) RETURN u.display_name AS display_name'
INFO:     127.0.0.1:64780 - "GET /api/auth/me HTTP/1.1" 200 OK
Received notification from DBMS server: <GqlStatusObject gql_status='01G11', status_description='warn: null value eliminated in set function', position=None, raw_classification='UNRECOGNIZED', classification=<NotificationClassification.UNRECOGNIZED: 'UNRECOGNIZED'>, raw_severity='WARNING', severity=<NotificationSeverity.WARNING: 'WARNING'>, diagnostic_record={'_classification': 'UNRECOGNIZED', '_severity': 'WARNING', 'OPERATION': '', 'OPERATION_CODE': '0', 'CURRENT_SCHEMA': '/'}> for query: 'MATCH (r:Request {id:$id,tenant_id:$tenant_id}) OPTIONAL MATCH (r)-[:HAS_REVISION]->(i:InputRevision) OPTIONAL MATCH (i)-[:HAS_ATTACHMENT]->(a:Attachment) OPTIONAL MATCH (active:Run {id:r.active_run_id,tenant_id:$tenant_id}) RETURN r,collect(DISTINCT i) AS revisions,collect(DISTINCT a) AS attachments,active'
INFO:     127.0.0.1:64782 - "GET /api/requests/audit_map_req HTTP/1.1" 200 OK
INFO:     127.0.0.1:64785 - "GET /api/requests?limit=50 HTTP/1.1" 200 OK
Redis subscriber disconnected for tenant t-audit-e2e-1005
Traceback (most recent call last):
  File "/Users/psw/Projects/decision-chat-bot/backend/.venv/lib/python3.14/site-packages/redis/asyncio/connection.py", line 591, in read_response
    response = await self._parser.read_response(
               ^^^^^^^^^^^^^^^^^^^^^^^^^^^^^^^^^
        disable_decoding=disable_decoding
        ^^^^^^^^^^^^^^^^^^^^^^^^^^^^^^^^^
    )
    ^
  File "/Users/psw/Projects/decision-chat-bot/backend/.venv/lib/python3.14/site-packages/redis/_parsers/resp2.py", line 82, in read_response
    response = await self._read_response(disable_decoding=disable_decoding)
               ^^^^^^^^^^^^^^^^^^^^^^^^^^^^^^^^^^^^^^^^^^^^^^^^^^^^^^^^^^^^
  File "/Users/psw/Projects/decision-chat-bot/backend/.venv/lib/python3.14/site-packages/redis/_parsers/resp2.py", line 90, in _read_response
    raw = await self._readline()
          ^^^^^^^^^^^^^^^^^^^^^^
  File "/Users/psw/Projects/decision-chat-bot/backend/.venv/lib/python3.14/site-packages/redis/_parsers/base.py", line 283, in _readline
    data = await self._stream.readline()
           ^^^^^^^^^^^^^^^^^^^^^^^^^^^^^
  File "/Library/Frameworks/Python.framework/Versions/3.14/lib/python3.14/asyncio/streams.py", line 562, in readline
    line = await self.readuntil(sep)
           ^^^^^^^^^^^^^^^^^^^^^^^^^
  File "/Library/Frameworks/Python.framework/Versions/3.14/lib/python3.14/asyncio/streams.py", line 677, in readuntil
    await self._wait_for_data('readuntil')
  File "/Library/Frameworks/Python.framework/Versions/3.14/lib/python3.14/asyncio/streams.py", line 539, in _wait_for_data
    await self._waiter
asyncio.exceptions.CancelledError

The above exception was the direct cause of the following exception:

Traceback (most recent call last):
  File "/Users/psw/Projects/decision-chat-bot/backend/.venv/lib/python3.14/site-packages/redis/asyncio/connection.py", line 590, in read_response
    async with async_timeout(read_timeout):
               ~~~~~~~~~~~~~^^^^^^^^^^^^^^
  File "/Library/Frameworks/Python.framework/Versions/3.14/lib/python3.14/asyncio/timeouts.py", line 115, in __aexit__
    raise TimeoutError from exc_val
TimeoutError

During handling of the above exception, another exception occurred:

Traceback (most recent call last):
  File "/Users/psw/Projects/decision-chat-bot/backend/jevtriage/realtime/subscriber.py", line 34, in _listen
    async for message in pubsub.listen():
        if message["type"] == "message":
            self._wake.set()
  File "/Users/psw/Projects/decision-chat-bot/backend/.venv/lib/python3.14/site-packages/redis/asyncio/client.py", line 1097, in listen
    response = await self.handle_message(await self.parse_response(block=True))
                                         ^^^^^^^^^^^^^^^^^^^^^^^^^^^^^^^^^^^^^
  File "/Users/psw/Projects/decision-chat-bot/backend/.venv/lib/python3.14/site-packages/redis/asyncio/client.py", line 984, in parse_response
    response = await self._execute(
               ^^^^^^^^^^^^^^^^^^^^
    ...<5 lines>...
    )
    ^
  File "/Users/psw/Projects/decision-chat-bot/backend/.venv/lib/python3.14/site-packages/redis/asyncio/client.py", line 964, in _execute
    return await conn.retry.call_with_retry(
           ^^^^^^^^^^^^^^^^^^^^^^^^^^^^^^^^^
    ...<2 lines>...
    )
    ^
  File "/Users/psw/Projects/decision-chat-bot/backend/.venv/lib/python3.14/site-packages/redis/asyncio/retry.py", line 55, in call_with_retry
    raise error
  File "/Users/psw/Projects/decision-chat-bot/backend/.venv/lib/python3.14/site-packages/redis/asyncio/retry.py", line 50, in call_with_retry
    return await do()
           ^^^^^^^^^^
  File "/Users/psw/Projects/decision-chat-bot/backend/.venv/lib/python3.14/site-packages/redis/asyncio/connection.py", line 609, in read_response
    raise TimeoutError(f"Timeout reading from {host_error}")
redis.exceptions.TimeoutError: Timeout reading from 127.0.0.1:16391
Redis subscriber disconnected for tenant t-audit-e2e-1005
Traceback (most recent call last):
  File "/Users/psw/Projects/decision-chat-bot/backend/.venv/lib/python3.14/site-packages/redis/asyncio/connection.py", line 591, in read_response
    response = await self._parser.read_response(
               ^^^^^^^^^^^^^^^^^^^^^^^^^^^^^^^^^
        disable_decoding=disable_decoding
        ^^^^^^^^^^^^^^^^^^^^^^^^^^^^^^^^^
    )
    ^
  File "/Users/psw/Projects/decision-chat-bot/backend/.venv/lib/python3.14/site-packages/redis/_parsers/resp2.py", line 82, in read_response
    response = await self._read_response(disable_decoding=disable_decoding)
               ^^^^^^^^^^^^^^^^^^^^^^^^^^^^^^^^^^^^^^^^^^^^^^^^^^^^^^^^^^^^
  File "/Users/psw/Projects/decision-chat-bot/backend/.venv/lib/python3.14/site-packages/redis/_parsers/resp2.py", line 90, in _read_response
    raw = await self._readline()
          ^^^^^^^^^^^^^^^^^^^^^^
  File "/Users/psw/Projects/decision-chat-bot/backend/.venv/lib/python3.14/site-packages/redis/_parsers/base.py", line 283, in _readline
    data = await self._stream.readline()
           ^^^^^^^^^^^^^^^^^^^^^^^^^^^^^
  File "/Library/Frameworks/Python.framework/Versions/3.14/lib/python3.14/asyncio/streams.py", line 562, in readline
    line = await self.readuntil(sep)
           ^^^^^^^^^^^^^^^^^^^^^^^^^
  File "/Library/Frameworks/Python.framework/Versions/3.14/lib/python3.14/asyncio/streams.py", line 677, in readuntil
    await self._wait_for_data('readuntil')
  File "/Library/Frameworks/Python.framework/Versions/3.14/lib/python3.14/asyncio/streams.py", line 539, in _wait_for_data
    await self._waiter
asyncio.exceptions.CancelledError

The above exception was the direct cause of the following exception:

Traceback (most recent call last):
  File "/Users/psw/Projects/decision-chat-bot/backend/.venv/lib/python3.14/site-packages/redis/asyncio/connection.py", line 590, in read_response
    async with async_timeout(read_timeout):
               ~~~~~~~~~~~~~^^^^^^^^^^^^^^
  File "/Library/Frameworks/Python.framework/Versions/3.14/lib/python3.14/asyncio/timeouts.py", line 115, in __aexit__
    raise TimeoutError from exc_val
TimeoutError

During handling of the above exception, another exception occurred:

Traceback (most recent call last):
  File "/Users/psw/Projects/decision-chat-bot/backend/jevtriage/realtime/subscriber.py", line 34, in _listen
    async for message in pubsub.listen():
        if message["type"] == "message":
            self._wake.set()
  File "/Users/psw/Projects/decision-chat-bot/backend/.venv/lib/python3.14/site-packages/redis/asyncio/client.py", line 1097, in listen
    response = await self.handle_message(await self.parse_response(block=True))
                                         ^^^^^^^^^^^^^^^^^^^^^^^^^^^^^^^^^^^^^
  File "/Users/psw/Projects/decision-chat-bot/backend/.venv/lib/python3.14/site-packages/redis/asyncio/client.py", line 984, in parse_response
    response = await self._execute(
               ^^^^^^^^^^^^^^^^^^^^
    ...<5 lines>...
    )
    ^
  File "/Users/psw/Projects/decision-chat-bot/backend/.venv/lib/python3.14/site-packages/redis/asyncio/client.py", line 964, in _execute
    return await conn.retry.call_with_retry(
           ^^^^^^^^^^^^^^^^^^^^^^^^^^^^^^^^^
    ...<2 lines>...
    )
    ^
  File "/Users/psw/Projects/decision-chat-bot/backend/.venv/lib/python3.14/site-packages/redis/asyncio/retry.py", line 55, in call_with_retry
    raise error
  File "/Users/psw/Projects/decision-chat-bot/backend/.venv/lib/python3.14/site-packages/redis/asyncio/retry.py", line 50, in call_with_retry
    return await do()
           ^^^^^^^^^^
  File "/Users/psw/Projects/decision-chat-bot/backend/.venv/lib/python3.14/site-packages/redis/asyncio/connection.py", line 609, in read_response
    raise TimeoutError(f"Timeout reading from {host_error}")
redis.exceptions.TimeoutError: Timeout reading from 127.0.0.1:16391
INFO:     127.0.0.1:64796 - "POST /api/auth/login HTTP/1.1" 200 OK
Received notification from DBMS server: <GqlStatusObject gql_status='01N52', status_description='warn: property key does not exist. The property `display_name` does not exist. Verify that the spelling is correct.', position=<SummaryInputPosition line=1, column=60, offset=59>, raw_classification='UNRECOGNIZED', classification=<NotificationClassification.UNRECOGNIZED: 'UNRECOGNIZED'>, raw_severity='WARNING', severity=<NotificationSeverity.WARNING: 'WARNING'>, diagnostic_record={'_classification': 'UNRECOGNIZED', '_severity': 'WARNING', '_position': {'offset': 59, 'line': 1, 'column': 60}, 'OPERATION': '', 'OPERATION_CODE': '0', 'CURRENT_SCHEMA': '/'}> for query: 'MATCH (u:User {id:$user_id,tenant_id:$tenant_id}) RETURN u.display_name AS display_name'
INFO:     127.0.0.1:64807 - "GET /api/auth/me HTTP/1.1" 200 OK
Received notification from DBMS server: <GqlStatusObject gql_status='01N52', status_description='warn: property key does not exist. The property `display_name` does not exist. Verify that the spelling is correct.', position=<SummaryInputPosition line=1, column=60, offset=59>, raw_classification='UNRECOGNIZED', classification=<NotificationClassification.UNRECOGNIZED: 'UNRECOGNIZED'>, raw_severity='WARNING', severity=<NotificationSeverity.WARNING: 'WARNING'>, diagnostic_record={'_classification': 'UNRECOGNIZED', '_severity': 'WARNING', '_position': {'offset': 59, 'line': 1, 'column': 60}, 'OPERATION': '', 'OPERATION_CODE': '0', 'CURRENT_SCHEMA': '/'}> for query: 'MATCH (u:User {id:$user_id,tenant_id:$tenant_id}) RETURN u.display_name AS display_name'
INFO:     127.0.0.1:64808 - "GET /api/auth/me HTTP/1.1" 200 OK
Received notification from DBMS server: <GqlStatusObject gql_status='01N52', status_description='warn: property key does not exist. The property `display_name` does not exist. Verify that the spelling is correct.', position=<SummaryInputPosition line=1, column=60, offset=59>, raw_classification='UNRECOGNIZED', classification=<NotificationClassification.UNRECOGNIZED: 'UNRECOGNIZED'>, raw_severity='WARNING', severity=<NotificationSeverity.WARNING: 'WARNING'>, diagnostic_record={'_classification': 'UNRECOGNIZED', '_severity': 'WARNING', '_position': {'offset': 59, 'line': 1, 'column': 60}, 'OPERATION': '', 'OPERATION_CODE': '0', 'CURRENT_SCHEMA': '/'}> for query: 'MATCH (u:User {id:$user_id,tenant_id:$tenant_id}) RETURN u.display_name AS display_name'
INFO:     127.0.0.1:64812 - "GET /api/auth/me HTTP/1.1" 200 OK
INFO:     127.0.0.1:64811 - "GET /api/requests?limit=50 HTTP/1.1" 200 OK
INFO:     127.0.0.1:64813 - "GET /api/events/stream?after=0 HTTP/1.1" 200 OK
Received notification from DBMS server: <GqlStatusObject gql_status='01N52', status_description='warn: property key does not exist. The property `display_name` does not exist. Verify that the spelling is correct.', position=<SummaryInputPosition line=1, column=60, offset=59>, raw_classification='UNRECOGNIZED', classification=<NotificationClassification.UNRECOGNIZED: 'UNRECOGNIZED'>, raw_severity='WARNING', severity=<NotificationSeverity.WARNING: 'WARNING'>, diagnostic_record={'_classification': 'UNRECOGNIZED', '_severity': 'WARNING', '_position': {'offset': 59, 'line': 1, 'column': 60}, 'OPERATION': '', 'OPERATION_CODE': '0', 'CURRENT_SCHEMA': '/'}> for query: 'MATCH (u:User {id:$user_id,tenant_id:$tenant_id}) RETURN u.display_name AS display_name'
INFO:     127.0.0.1:64815 - "GET /api/auth/me HTTP/1.1" 200 OK
INFO:     127.0.0.1:64816 - "GET /api/requests?limit=50 HTTP/1.1" 200 OK
Received notification from DBMS server: <GqlStatusObject gql_status='01G11', status_description='warn: null value eliminated in set function', position=None, raw_classification='UNRECOGNIZED', classification=<NotificationClassification.UNRECOGNIZED: 'UNRECOGNIZED'>, raw_severity='WARNING', severity=<NotificationSeverity.WARNING: 'WARNING'>, diagnostic_record={'_classification': 'UNRECOGNIZED', '_severity': 'WARNING', 'OPERATION': '', 'OPERATION_CODE': '0', 'CURRENT_SCHEMA': '/'}> for query: 'MATCH (r:Request {id:$id,tenant_id:$tenant_id}) OPTIONAL MATCH (r)-[:HAS_REVISION]->(i:InputRevision) OPTIONAL MATCH (i)-[:HAS_ATTACHMENT]->(a:Attachment) OPTIONAL MATCH (active:Run {id:r.active_run_id,tenant_id:$tenant_id}) RETURN r,collect(DISTINCT i) AS revisions,collect(DISTINCT a) AS attachments,active'
INFO:     127.0.0.1:64817 - "GET /api/requests/audit_map_req HTTP/1.1" 200 OK
Received notification from DBMS server: <GqlStatusObject gql_status='01N52', status_description='warn: property key does not exist. The property `display_name` does not exist. Verify that the spelling is correct.', position=<SummaryInputPosition line=1, column=60, offset=59>, raw_classification='UNRECOGNIZED', classification=<NotificationClassification.UNRECOGNIZED: 'UNRECOGNIZED'>, raw_severity='WARNING', severity=<NotificationSeverity.WARNING: 'WARNING'>, diagnostic_record={'_classification': 'UNRECOGNIZED', '_severity': 'WARNING', '_position': {'offset': 59, 'line': 1, 'column': 60}, 'OPERATION': '', 'OPERATION_CODE': '0', 'CURRENT_SCHEMA': '/'}> for query: 'MATCH (u:User {id:$user_id,tenant_id:$tenant_id}) RETURN u.display_name AS display_name'
INFO:     127.0.0.1:64820 - "GET /api/auth/me HTTP/1.1" 200 OK
Received notification from DBMS server: <GqlStatusObject gql_status='01N52', status_description='warn: property key does not exist. The property `display_name` does not exist. Verify that the spelling is correct.', position=<SummaryInputPosition line=1, column=60, offset=59>, raw_classification='UNRECOGNIZED', classification=<NotificationClassification.UNRECOGNIZED: 'UNRECOGNIZED'>, raw_severity='WARNING', severity=<NotificationSeverity.WARNING: 'WARNING'>, diagnostic_record={'_classification': 'UNRECOGNIZED', '_severity': 'WARNING', '_position': {'offset': 59, 'line': 1, 'column': 60}, 'OPERATION': '', 'OPERATION_CODE': '0', 'CURRENT_SCHEMA': '/'}> for query: 'MATCH (u:User {id:$user_id,tenant_id:$tenant_id}) RETURN u.display_name AS display_name'
INFO:     127.0.0.1:64822 - "GET /api/auth/me HTTP/1.1" 200 OK
INFO:     127.0.0.1:64829 - "GET /api/requests/audit_map_req/judgment HTTP/1.1" 404 Not Found
Received notification from DBMS server: <GqlStatusObject gql_status='01G11', status_description='warn: null value eliminated in set function', position=None, raw_classification='UNRECOGNIZED', classification=<NotificationClassification.UNRECOGNIZED: 'UNRECOGNIZED'>, raw_severity='WARNING', severity=<NotificationSeverity.WARNING: 'WARNING'>, diagnostic_record={'_classification': 'UNRECOGNIZED', '_severity': 'WARNING', 'OPERATION': '', 'OPERATION_CODE': '0', 'CURRENT_SCHEMA': '/'}> for query: 'MATCH (r:Request {tenant_id:$tenant_id, id:$request_id}) OPTIONAL MATCH (e:Event {tenant_id:$tenant_id, request_id:$request_id}) RETURN r.status AS status, r.active_run_id AS active_run_id, coalesce(max(e.seq),0) AS latest_seq'
INFO:     127.0.0.1:64828 - "GET /api/requests?limit=50 HTTP/1.1" 200 OK
INFO:     127.0.0.1:64827 - "GET /api/events/snapshot?request_id=audit_map_req HTTP/1.1" 200 OK
Received notification from DBMS server: <GqlStatusObject gql_status='01G11', status_description='warn: null value eliminated in set function', position=None, raw_classification='UNRECOGNIZED', classification=<NotificationClassification.UNRECOGNIZED: 'UNRECOGNIZED'>, raw_severity='WARNING', severity=<NotificationSeverity.WARNING: 'WARNING'>, diagnostic_record={'_classification': 'UNRECOGNIZED', '_severity': 'WARNING', 'OPERATION': '', 'OPERATION_CODE': '0', 'CURRENT_SCHEMA': '/'}> for query: 'MATCH (r:Request {id:$id,tenant_id:$tenant_id}) OPTIONAL MATCH (r)-[:HAS_REVISION]->(i:InputRevision) OPTIONAL MATCH (i)-[:HAS_ATTACHMENT]->(a:Attachment) OPTIONAL MATCH (active:Run {id:r.active_run_id,tenant_id:$tenant_id}) RETURN r,collect(DISTINCT i) AS revisions,collect(DISTINCT a) AS attachments,active'
INFO:     127.0.0.1:64830 - "GET /api/requests/audit_map_req HTTP/1.1" 200 OK
INFO:     127.0.0.1:64832 - "GET /api/requests/audit_map_req/runs HTTP/1.1" 200 OK
INFO:     127.0.0.1:64845 - "POST /api/auth/login HTTP/1.1" 200 OK
Received notification from DBMS server: <GqlStatusObject gql_status='01N52', status_description='warn: property key does not exist. The property `display_name` does not exist. Verify that the spelling is correct.', position=<SummaryInputPosition line=1, column=60, offset=59>, raw_classification='UNRECOGNIZED', classification=<NotificationClassification.UNRECOGNIZED: 'UNRECOGNIZED'>, raw_severity='WARNING', severity=<NotificationSeverity.WARNING: 'WARNING'>, diagnostic_record={'_classification': 'UNRECOGNIZED', '_severity': 'WARNING', '_position': {'offset': 59, 'line': 1, 'column': 60}, 'OPERATION': '', 'OPERATION_CODE': '0', 'CURRENT_SCHEMA': '/'}> for query: 'MATCH (u:User {id:$user_id,tenant_id:$tenant_id}) RETURN u.display_name AS display_name'
Received notification from DBMS server: <GqlStatusObject gql_status='01N52', status_description='warn: property key does not exist. The property `display_name` does not exist. Verify that the spelling is correct.', position=<SummaryInputPosition line=1, column=60, offset=59>, raw_classification='UNRECOGNIZED', classification=<NotificationClassification.UNRECOGNIZED: 'UNRECOGNIZED'>, raw_severity='WARNING', severity=<NotificationSeverity.WARNING: 'WARNING'>, diagnostic_record={'_classification': 'UNRECOGNIZED', '_severity': 'WARNING', '_position': {'offset': 59, 'line': 1, 'column': 60}, 'OPERATION': '', 'OPERATION_CODE': '0', 'CURRENT_SCHEMA': '/'}> for query: 'MATCH (u:User {id:$user_id,tenant_id:$tenant_id}) RETURN u.display_name AS display_name'
INFO:     127.0.0.1:64854 - "GET /api/auth/me HTTP/1.1" 200 OK
INFO:     127.0.0.1:64853 - "GET /api/auth/me HTTP/1.1" 200 OK
Received notification from DBMS server: <GqlStatusObject gql_status='01N52', status_description='warn: property key does not exist. The property `display_name` does not exist. Verify that the spelling is correct.', position=<SummaryInputPosition line=1, column=60, offset=59>, raw_classification='UNRECOGNIZED', classification=<NotificationClassification.UNRECOGNIZED: 'UNRECOGNIZED'>, raw_severity='WARNING', severity=<NotificationSeverity.WARNING: 'WARNING'>, diagnostic_record={'_classification': 'UNRECOGNIZED', '_severity': 'WARNING', '_position': {'offset': 59, 'line': 1, 'column': 60}, 'OPERATION': '', 'OPERATION_CODE': '0', 'CURRENT_SCHEMA': '/'}> for query: 'MATCH (u:User {id:$user_id,tenant_id:$tenant_id}) RETURN u.display_name AS display_name'
Received notification from DBMS server: <GqlStatusObject gql_status='01N52', status_description='warn: property key does not exist. The property `display_name` does not exist. Verify that the spelling is correct.', position=<SummaryInputPosition line=1, column=60, offset=59>, raw_classification='UNRECOGNIZED', classification=<NotificationClassification.UNRECOGNIZED: 'UNRECOGNIZED'>, raw_severity='WARNING', severity=<NotificationSeverity.WARNING: 'WARNING'>, diagnostic_record={'_classification': 'UNRECOGNIZED', '_severity': 'WARNING', '_position': {'offset': 59, 'line': 1, 'column': 60}, 'OPERATION': '', 'OPERATION_CODE': '0', 'CURRENT_SCHEMA': '/'}> for query: 'MATCH (u:User {id:$user_id,tenant_id:$tenant_id}) RETURN u.display_name AS display_name'
INFO:     127.0.0.1:64855 - "GET /api/auth/me HTTP/1.1" 200 OK
INFO:     127.0.0.1:64856 - "GET /api/auth/me HTTP/1.1" 200 OK
INFO:     127.0.0.1:64862 - "GET /api/policy/versions HTTP/1.1" 200 OK
INFO:     127.0.0.1:64861 - "GET /api/policy/versions HTTP/1.1" 200 OK
INFO:     127.0.0.1:64864 - "GET /api/policy/active HTTP/1.1" 200 OK
INFO:     127.0.0.1:64865 - "GET /api/events/stream?after=0 HTTP/1.1" 200 OK
INFO:     127.0.0.1:64860 - "GET /api/policy/active HTTP/1.1" 200 OK
INFO:     127.0.0.1:64872 - "POST /api/policy/validate HTTP/1.1" 200 OK
INFO:     127.0.0.1:64875 - "POST /api/auth/login HTTP/1.1" 200 OK
Received notification from DBMS server: <GqlStatusObject gql_status='01N52', status_description='warn: property key does not exist. The property `display_name` does not exist. Verify that the spelling is correct.', position=<SummaryInputPosition line=1, column=60, offset=59>, raw_classification='UNRECOGNIZED', classification=<NotificationClassification.UNRECOGNIZED: 'UNRECOGNIZED'>, raw_severity='WARNING', severity=<NotificationSeverity.WARNING: 'WARNING'>, diagnostic_record={'_classification': 'UNRECOGNIZED', '_severity': 'WARNING', '_position': {'offset': 59, 'line': 1, 'column': 60}, 'OPERATION': '', 'OPERATION_CODE': '0', 'CURRENT_SCHEMA': '/'}> for query: 'MATCH (u:User {id:$user_id,tenant_id:$tenant_id}) RETURN u.display_name AS display_name'
INFO:     127.0.0.1:64883 - "GET /api/auth/me HTTP/1.1" 200 OK
Received notification from DBMS server: <GqlStatusObject gql_status='01N52', status_description='warn: property key does not exist. The property `display_name` does not exist. Verify that the spelling is correct.', position=<SummaryInputPosition line=1, column=60, offset=59>, raw_classification='UNRECOGNIZED', classification=<NotificationClassification.UNRECOGNIZED: 'UNRECOGNIZED'>, raw_severity='WARNING', severity=<NotificationSeverity.WARNING: 'WARNING'>, diagnostic_record={'_classification': 'UNRECOGNIZED', '_severity': 'WARNING', '_position': {'offset': 59, 'line': 1, 'column': 60}, 'OPERATION': '', 'OPERATION_CODE': '0', 'CURRENT_SCHEMA': '/'}> for query: 'MATCH (u:User {id:$user_id,tenant_id:$tenant_id}) RETURN u.display_name AS display_name'
INFO:     127.0.0.1:64884 - "GET /api/auth/me HTTP/1.1" 200 OK
Received notification from DBMS server: <GqlStatusObject gql_status='01N52', status_description='warn: property key does not exist. The property `display_name` does not exist. Verify that the spelling is correct.', position=<SummaryInputPosition line=1, column=60, offset=59>, raw_classification='UNRECOGNIZED', classification=<NotificationClassification.UNRECOGNIZED: 'UNRECOGNIZED'>, raw_severity='WARNING', severity=<NotificationSeverity.WARNING: 'WARNING'>, diagnostic_record={'_classification': 'UNRECOGNIZED', '_severity': 'WARNING', '_position': {'offset': 59, 'line': 1, 'column': 60}, 'OPERATION': '', 'OPERATION_CODE': '0', 'CURRENT_SCHEMA': '/'}> for query: 'MATCH (u:User {id:$user_id,tenant_id:$tenant_id}) RETURN u.display_name AS display_name'
Received notification from DBMS server: <GqlStatusObject gql_status='01N52', status_description='warn: property key does not exist. The property `display_name` does not exist. Verify that the spelling is correct.', position=<SummaryInputPosition line=1, column=60, offset=59>, raw_classification='UNRECOGNIZED', classification=<NotificationClassification.UNRECOGNIZED: 'UNRECOGNIZED'>, raw_severity='WARNING', severity=<NotificationSeverity.WARNING: 'WARNING'>, diagnostic_record={'_classification': 'UNRECOGNIZED', '_severity': 'WARNING', '_position': {'offset': 59, 'line': 1, 'column': 60}, 'OPERATION': '', 'OPERATION_CODE': '0', 'CURRENT_SCHEMA': '/'}> for query: 'MATCH (u:User {id:$user_id,tenant_id:$tenant_id}) RETURN u.display_name AS display_name'
INFO:     127.0.0.1:64886 - "GET /api/auth/me HTTP/1.1" 200 OK
INFO:     127.0.0.1:64885 - "GET /api/auth/me HTTP/1.1" 200 OK
INFO:     127.0.0.1:64893 - "GET /api/policy/active HTTP/1.1" 200 OK
INFO:     127.0.0.1:64895 - "GET /api/events/stream?after=0 HTTP/1.1" 200 OK
INFO:     127.0.0.1:64891 - "GET /api/policy/active HTTP/1.1" 200 OK
INFO:     127.0.0.1:64894 - "GET /api/policy/versions HTTP/1.1" 200 OK
INFO:     127.0.0.1:64892 - "GET /api/policy/versions HTTP/1.1" 200 OK
INFO:     127.0.0.1:64904 - "POST /api/policy/validate HTTP/1.1" 200 OK
INFO:     127.0.0.1:64907 - "POST /api/auth/login HTTP/1.1" 200 OK
Received notification from DBMS server: <GqlStatusObject gql_status='01N52', status_description='warn: property key does not exist. The property `display_name` does not exist. Verify that the spelling is correct.', position=<SummaryInputPosition line=1, column=60, offset=59>, raw_classification='UNRECOGNIZED', classification=<NotificationClassification.UNRECOGNIZED: 'UNRECOGNIZED'>, raw_severity='WARNING', severity=<NotificationSeverity.WARNING: 'WARNING'>, diagnostic_record={'_classification': 'UNRECOGNIZED', '_severity': 'WARNING', '_position': {'offset': 59, 'line': 1, 'column': 60}, 'OPERATION': '', 'OPERATION_CODE': '0', 'CURRENT_SCHEMA': '/'}> for query: 'MATCH (u:User {id:$user_id,tenant_id:$tenant_id}) RETURN u.display_name AS display_name'
Received notification from DBMS server: <GqlStatusObject gql_status='01N52', status_description='warn: property key does not exist. The property `display_name` does not exist. Verify that the spelling is correct.', position=<SummaryInputPosition line=1, column=60, offset=59>, raw_classification='UNRECOGNIZED', classification=<NotificationClassification.UNRECOGNIZED: 'UNRECOGNIZED'>, raw_severity='WARNING', severity=<NotificationSeverity.WARNING: 'WARNING'>, diagnostic_record={'_classification': 'UNRECOGNIZED', '_severity': 'WARNING', '_position': {'offset': 59, 'line': 1, 'column': 60}, 'OPERATION': '', 'OPERATION_CODE': '0', 'CURRENT_SCHEMA': '/'}> for query: 'MATCH (u:User {id:$user_id,tenant_id:$tenant_id}) RETURN u.display_name AS display_name'
INFO:     127.0.0.1:64915 - "GET /api/auth/me HTTP/1.1" 200 OK
INFO:     127.0.0.1:64916 - "GET /api/auth/me HTTP/1.1" 200 OK
Received notification from DBMS server: <GqlStatusObject gql_status='01N52', status_description='warn: property key does not exist. The property `display_name` does not exist. Verify that the spelling is correct.', position=<SummaryInputPosition line=1, column=60, offset=59>, raw_classification='UNRECOGNIZED', classification=<NotificationClassification.UNRECOGNIZED: 'UNRECOGNIZED'>, raw_severity='WARNING', severity=<NotificationSeverity.WARNING: 'WARNING'>, diagnostic_record={'_classification': 'UNRECOGNIZED', '_severity': 'WARNING', '_position': {'offset': 59, 'line': 1, 'column': 60}, 'OPERATION': '', 'OPERATION_CODE': '0', 'CURRENT_SCHEMA': '/'}> for query: 'MATCH (u:User {id:$user_id,tenant_id:$tenant_id}) RETURN u.display_name AS display_name'
INFO:     127.0.0.1:64919 - "GET /api/auth/me HTTP/1.1" 200 OK
Received notification from DBMS server: <GqlStatusObject gql_status='01N52', status_description='warn: property key does not exist. The property `display_name` does not exist. Verify that the spelling is correct.', position=<SummaryInputPosition line=1, column=60, offset=59>, raw_classification='UNRECOGNIZED', classification=<NotificationClassification.UNRECOGNIZED: 'UNRECOGNIZED'>, raw_severity='WARNING', severity=<NotificationSeverity.WARNING: 'WARNING'>, diagnostic_record={'_classification': 'UNRECOGNIZED', '_severity': 'WARNING', '_position': {'offset': 59, 'line': 1, 'column': 60}, 'OPERATION': '', 'OPERATION_CODE': '0', 'CURRENT_SCHEMA': '/'}> for query: 'MATCH (u:User {id:$user_id,tenant_id:$tenant_id}) RETURN u.display_name AS display_name'
INFO:     127.0.0.1:64920 - "GET /api/auth/me HTTP/1.1" 200 OK
INFO:     127.0.0.1:64924 - "GET /api/policy/versions HTTP/1.1" 200 OK
INFO:     127.0.0.1:64922 - "GET /api/policy/versions HTTP/1.1" 200 OK
INFO:     127.0.0.1:64923 - "GET /api/policy/active HTTP/1.1" 200 OK
INFO:     127.0.0.1:64921 - "GET /api/policy/active HTTP/1.1" 200 OK
INFO:     127.0.0.1:64926 - "GET /api/events/stream?after=0 HTTP/1.1" 200 OK
INFO:     127.0.0.1:64934 - "POST /api/policy/validate HTTP/1.1" 200 OK
INFO:     127.0.0.1:64937 - "POST /api/auth/login HTTP/1.1" 200 OK
Received notification from DBMS server: <GqlStatusObject gql_status='01N52', status_description='warn: property key does not exist. The property `display_name` does not exist. Verify that the spelling is correct.', position=<SummaryInputPosition line=1, column=60, offset=59>, raw_classification='UNRECOGNIZED', classification=<NotificationClassification.UNRECOGNIZED: 'UNRECOGNIZED'>, raw_severity='WARNING', severity=<NotificationSeverity.WARNING: 'WARNING'>, diagnostic_record={'_classification': 'UNRECOGNIZED', '_severity': 'WARNING', '_position': {'offset': 59, 'line': 1, 'column': 60}, 'OPERATION': '', 'OPERATION_CODE': '0', 'CURRENT_SCHEMA': '/'}> for query: 'MATCH (u:User {id:$user_id,tenant_id:$tenant_id}) RETURN u.display_name AS display_name'
Received notification from DBMS server: <GqlStatusObject gql_status='01N52', status_description='warn: property key does not exist. The property `display_name` does not exist. Verify that the spelling is correct.', position=<SummaryInputPosition line=1, column=60, offset=59>, raw_classification='UNRECOGNIZED', classification=<NotificationClassification.UNRECOGNIZED: 'UNRECOGNIZED'>, raw_severity='WARNING', severity=<NotificationSeverity.WARNING: 'WARNING'>, diagnostic_record={'_classification': 'UNRECOGNIZED', '_severity': 'WARNING', '_position': {'offset': 59, 'line': 1, 'column': 60}, 'OPERATION': '', 'OPERATION_CODE': '0', 'CURRENT_SCHEMA': '/'}> for query: 'MATCH (u:User {id:$user_id,tenant_id:$tenant_id}) RETURN u.display_name AS display_name'
INFO:     127.0.0.1:64946 - "GET /api/auth/me HTTP/1.1" 200 OK
INFO:     127.0.0.1:64945 - "GET /api/auth/me HTTP/1.1" 200 OK
Received notification from DBMS server: <GqlStatusObject gql_status='01N52', status_description='warn: property key does not exist. The property `display_name` does not exist. Verify that the spelling is correct.', position=<SummaryInputPosition line=1, column=60, offset=59>, raw_classification='UNRECOGNIZED', classification=<NotificationClassification.UNRECOGNIZED: 'UNRECOGNIZED'>, raw_severity='WARNING', severity=<NotificationSeverity.WARNING: 'WARNING'>, diagnostic_record={'_classification': 'UNRECOGNIZED', '_severity': 'WARNING', '_position': {'offset': 59, 'line': 1, 'column': 60}, 'OPERATION': '', 'OPERATION_CODE': '0', 'CURRENT_SCHEMA': '/'}> for query: 'MATCH (u:User {id:$user_id,tenant_id:$tenant_id}) RETURN u.display_name AS display_name'
Received notification from DBMS server: <GqlStatusObject gql_status='01N52', status_description='warn: property key does not exist. The property `display_name` does not exist. Verify that the spelling is correct.', position=<SummaryInputPosition line=1, column=60, offset=59>, raw_classification='UNRECOGNIZED', classification=<NotificationClassification.UNRECOGNIZED: 'UNRECOGNIZED'>, raw_severity='WARNING', severity=<NotificationSeverity.WARNING: 'WARNING'>, diagnostic_record={'_classification': 'UNRECOGNIZED', '_severity': 'WARNING', '_position': {'offset': 59, 'line': 1, 'column': 60}, 'OPERATION': '', 'OPERATION_CODE': '0', 'CURRENT_SCHEMA': '/'}> for query: 'MATCH (u:User {id:$user_id,tenant_id:$tenant_id}) RETURN u.display_name AS display_name'
INFO:     127.0.0.1:64947 - "GET /api/auth/me HTTP/1.1" 200 OK
INFO:     127.0.0.1:64948 - "GET /api/auth/me HTTP/1.1" 200 OK
INFO:     127.0.0.1:64953 - "GET /api/monitoring/slo HTTP/1.1" 200 OK
INFO:     127.0.0.1:64954 - "GET /api/monitoring/failures?from=2026-09-05T03%3A35%3A00.000Z&to=2026-10-05T03%3A35%3A00.000Z HTTP/1.1" 200 OK
INFO:     127.0.0.1:64955 - "GET /api/monitoring/alerts HTTP/1.1" 200 OK
Received notification from DBMS server: <GqlStatusObject gql_status='01N52', status_description='warn: property key does not exist. The property `org_id` does not exist. Verify that the spelling is correct.', position=<SummaryInputPosition line=3, column=73, offset=175>, raw_classification='UNRECOGNIZED', classification=<NotificationClassification.UNRECOGNIZED: 'UNRECOGNIZED'>, raw_severity='WARNING', severity=<NotificationSeverity.WARNING: 'WARNING'>, diagnostic_record={'_classification': 'UNRECOGNIZED', '_severity': 'WARNING', '_position': {'offset': 175, 'line': 3, 'column': 73}, 'OPERATION': '', 'OPERATION_CODE': '0', 'CURRENT_SCHEMA': '/'}> for query: 'MATCH (v:Review {tenant_id:$tenant})\n            MATCH (r:Request {tenant_id:$tenant,id:v.request_id})\n            WHERE ($org IS NULL OR $org IN coalesce(r.org_ids, []) OR r.org_id=$org)\n              AND ($status IS NULL OR r.status=$status)\n            RETURN v.status AS status,\n            CASE WHEN v.decided_at IS NULL THEN datetime().epochMillis\n                 ELSE v.decided_at.epochMillis END - v.created_at.epochMillis AS wait_ms'
Received notification from DBMS server: <GqlStatusObject gql_status='01N52', status_description='warn: property key does not exist. The property `org_id` does not exist. Verify that the spelling is correct.', position=<SummaryInputPosition line=5, column=26, offset=289>, raw_classification='UNRECOGNIZED', classification=<NotificationClassification.UNRECOGNIZED: 'UNRECOGNIZED'>, raw_severity='WARNING', severity=<NotificationSeverity.WARNING: 'WARNING'>, diagnostic_record={'_classification': 'UNRECOGNIZED', '_severity': 'WARNING', '_position': {'offset': 289, 'line': 5, 'column': 26}, 'OPERATION': '', 'OPERATION_CODE': '0', 'CURRENT_SCHEMA': '/'}> for query: "MATCH (q:Request {tenant_id:$tenant})\n            WHERE q.created_at >= datetime($start) AND q.created_at <= datetime($end)\n              AND ($status IS NULL OR q.status=$status)\n              AND ($org IS NULL OR $org IN coalesce(q.org_ids, []) OR q.org_id=$org\n                   OR (q.org_id IS NULL AND q.org_ids IS NULL))\n            OPTIONAL MATCH (a:Assignment {tenant_id:$tenant,request_id:q.id})\n            OPTIONAL MATCH (v:Review {tenant_id:$tenant,request_id:q.id})-[:HAS_DECISION]->(d:ReviewDecision)\n            RETURN q.id AS id, q.org_id AS org_id, q.org_ids AS org_ids,\n                   count(DISTINCT CASE WHEN a.pathway='auto' THEN a.id END) AS auto_assignments,\n                   count(DISTINCT d.id) AS review_decisions"
Received notification from DBMS server: <GqlStatusObject gql_status='01N52', status_description='warn: property key does not exist. The property `org_id` does not exist. Verify that the spelling is correct.', position=<SummaryInputPosition line=4, column=73, offset=252>, raw_classification='UNRECOGNIZED', classification=<NotificationClassification.UNRECOGNIZED: 'UNRECOGNIZED'>, raw_severity='WARNING', severity=<NotificationSeverity.WARNING: 'WARNING'>, diagnostic_record={'_classification': 'UNRECOGNIZED', '_severity': 'WARNING', '_position': {'offset': 252, 'line': 4, 'column': 73}, 'OPERATION': '', 'OPERATION_CODE': '0', 'CURRENT_SCHEMA': '/'}> for query: "MATCH (q:Request {tenant_id:$tenant})\n            WHERE q.created_at >= datetime($start) AND q.created_at <= datetime($end)\n              AND ($status IS NULL OR q.status=$status)\n              AND ($org IS NULL OR $org IN coalesce(q.org_ids, []) OR q.org_id=$org\n                   OR (q.org_id IS NULL AND q.org_ids IS NULL))\n            OPTIONAL MATCH (a:Assignment {tenant_id:$tenant,request_id:q.id})\n            OPTIONAL MATCH (v:Review {tenant_id:$tenant,request_id:q.id})-[:HAS_DECISION]->(d:ReviewDecision)\n            RETURN q.id AS id, q.org_id AS org_id, q.org_ids AS org_ids,\n                   count(DISTINCT CASE WHEN a.pathway='auto' THEN a.id END) AS auto_assignments,\n                   count(DISTINCT d.id) AS review_decisions"
Received notification from DBMS server: <GqlStatusObject gql_status='01N52', status_description='warn: property key does not exist. The property `org_id` does not exist. Verify that the spelling is correct.', position=<SummaryInputPosition line=8, column=34, offset=549>, raw_classification='UNRECOGNIZED', classification=<NotificationClassification.UNRECOGNIZED: 'UNRECOGNIZED'>, raw_severity='WARNING', severity=<NotificationSeverity.WARNING: 'WARNING'>, diagnostic_record={'_classification': 'UNRECOGNIZED', '_severity': 'WARNING', '_position': {'offset': 549, 'line': 8, 'column': 34}, 'OPERATION': '', 'OPERATION_CODE': '0', 'CURRENT_SCHEMA': '/'}> for query: "MATCH (q:Request {tenant_id:$tenant})\n            WHERE q.created_at >= datetime($start) AND q.created_at <= datetime($end)\n              AND ($status IS NULL OR q.status=$status)\n              AND ($org IS NULL OR $org IN coalesce(q.org_ids, []) OR q.org_id=$org\n                   OR (q.org_id IS NULL AND q.org_ids IS NULL))\n            OPTIONAL MATCH (a:Assignment {tenant_id:$tenant,request_id:q.id})\n            OPTIONAL MATCH (v:Review {tenant_id:$tenant,request_id:q.id})-[:HAS_DECISION]->(d:ReviewDecision)\n            RETURN q.id AS id, q.org_id AS org_id, q.org_ids AS org_ids,\n                   count(DISTINCT CASE WHEN a.pathway='auto' THEN a.id END) AS auto_assignments,\n                   count(DISTINCT d.id) AS review_decisions"
Received notification from DBMS server: <GqlStatusObject gql_status='01G11', status_description='warn: null value eliminated in set function', position=None, raw_classification='UNRECOGNIZED', classification=<NotificationClassification.UNRECOGNIZED: 'UNRECOGNIZED'>, raw_severity='WARNING', severity=<NotificationSeverity.WARNING: 'WARNING'>, diagnostic_record={'_classification': 'UNRECOGNIZED', '_severity': 'WARNING', 'OPERATION': '', 'OPERATION_CODE': '0', 'CURRENT_SCHEMA': '/'}> for query: "MATCH (q:Request {tenant_id:$tenant})\n            WHERE q.created_at >= datetime($start) AND q.created_at <= datetime($end)\n              AND ($status IS NULL OR q.status=$status)\n              AND ($org IS NULL OR $org IN coalesce(q.org_ids, []) OR q.org_id=$org\n                   OR (q.org_id IS NULL AND q.org_ids IS NULL))\n            OPTIONAL MATCH (a:Assignment {tenant_id:$tenant,request_id:q.id})\n            OPTIONAL MATCH (v:Review {tenant_id:$tenant,request_id:q.id})-[:HAS_DECISION]->(d:ReviewDecision)\n            RETURN q.id AS id, q.org_id AS org_id, q.org_ids AS org_ids,\n                   count(DISTINCT CASE WHEN a.pathway='auto' THEN a.id END) AS auto_assignments,\n                   count(DISTINCT d.id) AS review_decisions"
INFO:     127.0.0.1:64964 - "GET /api/monitoring/summary?from=2026-09-05T03%3A35%3A00.000Z&to=2026-10-05T03%3A35%3A00.000Z HTTP/1.1" 200 OK
INFO:     127.0.0.1:64966 - "POST /api/auth/login HTTP/1.1" 200 OK
Received notification from DBMS server: <GqlStatusObject gql_status='01N52', status_description='warn: property key does not exist. The property `display_name` does not exist. Verify that the spelling is correct.', position=<SummaryInputPosition line=1, column=60, offset=59>, raw_classification='UNRECOGNIZED', classification=<NotificationClassification.UNRECOGNIZED: 'UNRECOGNIZED'>, raw_severity='WARNING', severity=<NotificationSeverity.WARNING: 'WARNING'>, diagnostic_record={'_classification': 'UNRECOGNIZED', '_severity': 'WARNING', '_position': {'offset': 59, 'line': 1, 'column': 60}, 'OPERATION': '', 'OPERATION_CODE': '0', 'CURRENT_SCHEMA': '/'}> for query: 'MATCH (u:User {id:$user_id,tenant_id:$tenant_id}) RETURN u.display_name AS display_name'
INFO:     127.0.0.1:64975 - "GET /api/auth/me HTTP/1.1" 200 OK
Received notification from DBMS server: <GqlStatusObject gql_status='01N52', status_description='warn: property key does not exist. The property `display_name` does not exist. Verify that the spelling is correct.', position=<SummaryInputPosition line=1, column=60, offset=59>, raw_classification='UNRECOGNIZED', classification=<NotificationClassification.UNRECOGNIZED: 'UNRECOGNIZED'>, raw_severity='WARNING', severity=<NotificationSeverity.WARNING: 'WARNING'>, diagnostic_record={'_classification': 'UNRECOGNIZED', '_severity': 'WARNING', '_position': {'offset': 59, 'line': 1, 'column': 60}, 'OPERATION': '', 'OPERATION_CODE': '0', 'CURRENT_SCHEMA': '/'}> for query: 'MATCH (u:User {id:$user_id,tenant_id:$tenant_id}) RETURN u.display_name AS display_name'
INFO:     127.0.0.1:64977 - "GET /api/auth/me HTTP/1.1" 200 OK
INFO:     127.0.0.1:64981 - "GET /api/events/stream?after=0 HTTP/1.1" 200 OK
Received notification from DBMS server: <GqlStatusObject gql_status='01N52', status_description='warn: property key does not exist. The property `display_name` does not exist. Verify that the spelling is correct.', position=<SummaryInputPosition line=1, column=60, offset=59>, raw_classification='UNRECOGNIZED', classification=<NotificationClassification.UNRECOGNIZED: 'UNRECOGNIZED'>, raw_severity='WARNING', severity=<NotificationSeverity.WARNING: 'WARNING'>, diagnostic_record={'_classification': 'UNRECOGNIZED', '_severity': 'WARNING', '_position': {'offset': 59, 'line': 1, 'column': 60}, 'OPERATION': '', 'OPERATION_CODE': '0', 'CURRENT_SCHEMA': '/'}> for query: 'MATCH (u:User {id:$user_id,tenant_id:$tenant_id}) RETURN u.display_name AS display_name'
INFO:     127.0.0.1:64980 - "GET /api/requests?limit=50 HTTP/1.1" 200 OK
INFO:     127.0.0.1:64983 - "GET /api/auth/me HTTP/1.1" 200 OK
INFO:     127.0.0.1:64985 - "GET /api/requests?limit=50 HTTP/1.1" 200 OK
Received notification from DBMS server: <GqlStatusObject gql_status='01N52', status_description='warn: property key does not exist. The property `display_name` does not exist. Verify that the spelling is correct.', position=<SummaryInputPosition line=1, column=60, offset=59>, raw_classification='UNRECOGNIZED', classification=<NotificationClassification.UNRECOGNIZED: 'UNRECOGNIZED'>, raw_severity='WARNING', severity=<NotificationSeverity.WARNING: 'WARNING'>, diagnostic_record={'_classification': 'UNRECOGNIZED', '_severity': 'WARNING', '_position': {'offset': 59, 'line': 1, 'column': 60}, 'OPERATION': '', 'OPERATION_CODE': '0', 'CURRENT_SCHEMA': '/'}> for query: 'MATCH (u:User {id:$user_id,tenant_id:$tenant_id}) RETURN u.display_name AS display_name'
INFO:     127.0.0.1:64987 - "GET /api/auth/me HTTP/1.1" 200 OK
Received notification from DBMS server: <GqlStatusObject gql_status='01G11', status_description='warn: null value eliminated in set function', position=None, raw_classification='UNRECOGNIZED', classification=<NotificationClassification.UNRECOGNIZED: 'UNRECOGNIZED'>, raw_severity='WARNING', severity=<NotificationSeverity.WARNING: 'WARNING'>, diagnostic_record={'_classification': 'UNRECOGNIZED', '_severity': 'WARNING', 'OPERATION': '', 'OPERATION_CODE': '0', 'CURRENT_SCHEMA': '/'}> for query: 'MATCH (r:Request {id:$id,tenant_id:$tenant_id}) OPTIONAL MATCH (r)-[:HAS_REVISION]->(i:InputRevision) OPTIONAL MATCH (i)-[:HAS_ATTACHMENT]->(a:Attachment) OPTIONAL MATCH (active:Run {id:r.active_run_id,tenant_id:$tenant_id}) RETURN r,collect(DISTINCT i) AS revisions,collect(DISTINCT a) AS attachments,active'
INFO:     127.0.0.1:64986 - "GET /api/requests/audit_map_req HTTP/1.1" 200 OK
Received notification from DBMS server: <GqlStatusObject gql_status='01N52', status_description='warn: property key does not exist. The property `display_name` does not exist. Verify that the spelling is correct.', position=<SummaryInputPosition line=1, column=60, offset=59>, raw_classification='UNRECOGNIZED', classification=<NotificationClassification.UNRECOGNIZED: 'UNRECOGNIZED'>, raw_severity='WARNING', severity=<NotificationSeverity.WARNING: 'WARNING'>, diagnostic_record={'_classification': 'UNRECOGNIZED', '_severity': 'WARNING', '_position': {'offset': 59, 'line': 1, 'column': 60}, 'OPERATION': '', 'OPERATION_CODE': '0', 'CURRENT_SCHEMA': '/'}> for query: 'MATCH (u:User {id:$user_id,tenant_id:$tenant_id}) RETURN u.display_name AS display_name'
INFO:     127.0.0.1:64991 - "GET /api/auth/me HTTP/1.1" 200 OK
Received notification from DBMS server: <GqlStatusObject gql_status='01N52', status_description='warn: property key does not exist. The property `display_name` does not exist. Verify that the spelling is correct.', position=<SummaryInputPosition line=1, column=60, offset=59>, raw_classification='UNRECOGNIZED', classification=<NotificationClassification.UNRECOGNIZED: 'UNRECOGNIZED'>, raw_severity='WARNING', severity=<NotificationSeverity.WARNING: 'WARNING'>, diagnostic_record={'_classification': 'UNRECOGNIZED', '_severity': 'WARNING', '_position': {'offset': 59, 'line': 1, 'column': 60}, 'OPERATION': '', 'OPERATION_CODE': '0', 'CURRENT_SCHEMA': '/'}> for query: 'MATCH (u:User {id:$user_id,tenant_id:$tenant_id}) RETURN u.display_name AS display_name'
INFO:     127.0.0.1:64993 - "GET /api/auth/me HTTP/1.1" 200 OK
Redis subscriber disconnected for tenant t-audit-e2e-1005
Traceback (most recent call last):
  File "/Users/psw/Projects/decision-chat-bot/backend/.venv/lib/python3.14/site-packages/redis/asyncio/connection.py", line 591, in read_response
    response = await self._parser.read_response(
               ^^^^^^^^^^^^^^^^^^^^^^^^^^^^^^^^^
        disable_decoding=disable_decoding
        ^^^^^^^^^^^^^^^^^^^^^^^^^^^^^^^^^
    )
    ^
  File "/Users/psw/Projects/decision-chat-bot/backend/.venv/lib/python3.14/site-packages/redis/_parsers/resp2.py", line 82, in read_response
    response = await self._read_response(disable_decoding=disable_decoding)
               ^^^^^^^^^^^^^^^^^^^^^^^^^^^^^^^^^^^^^^^^^^^^^^^^^^^^^^^^^^^^
  File "/Users/psw/Projects/decision-chat-bot/backend/.venv/lib/python3.14/site-packages/redis/_parsers/resp2.py", line 90, in _read_response
    raw = await self._readline()
          ^^^^^^^^^^^^^^^^^^^^^^
  File "/Users/psw/Projects/decision-chat-bot/backend/.venv/lib/python3.14/site-packages/redis/_parsers/base.py", line 283, in _readline
    data = await self._stream.readline()
           ^^^^^^^^^^^^^^^^^^^^^^^^^^^^^
  File "/Library/Frameworks/Python.framework/Versions/3.14/lib/python3.14/asyncio/streams.py", line 562, in readline
    line = await self.readuntil(sep)
           ^^^^^^^^^^^^^^^^^^^^^^^^^
  File "/Library/Frameworks/Python.framework/Versions/3.14/lib/python3.14/asyncio/streams.py", line 677, in readuntil
    await self._wait_for_data('readuntil')
  File "/Library/Frameworks/Python.framework/Versions/3.14/lib/python3.14/asyncio/streams.py", line 539, in _wait_for_data
    await self._waiter
asyncio.exceptions.CancelledError

The above exception was the direct cause of the following exception:

Traceback (most recent call last):
  File "/Users/psw/Projects/decision-chat-bot/backend/.venv/lib/python3.14/site-packages/redis/asyncio/connection.py", line 590, in read_response
    async with async_timeout(read_timeout):
               ~~~~~~~~~~~~~^^^^^^^^^^^^^^
  File "/Library/Frameworks/Python.framework/Versions/3.14/lib/python3.14/asyncio/timeouts.py", line 115, in __aexit__
    raise TimeoutError from exc_val
TimeoutError

During handling of the above exception, another exception occurred:

Traceback (most recent call last):
  File "/Users/psw/Projects/decision-chat-bot/backend/jevtriage/realtime/subscriber.py", line 34, in _listen
    async for message in pubsub.listen():
        if message["type"] == "message":
            self._wake.set()
  File "/Users/psw/Projects/decision-chat-bot/backend/.venv/lib/python3.14/site-packages/redis/asyncio/client.py", line 1097, in listen
    response = await self.handle_message(await self.parse_response(block=True))
                                         ^^^^^^^^^^^^^^^^^^^^^^^^^^^^^^^^^^^^^
  File "/Users/psw/Projects/decision-chat-bot/backend/.venv/lib/python3.14/site-packages/redis/asyncio/client.py", line 984, in parse_response
    response = await self._execute(
               ^^^^^^^^^^^^^^^^^^^^
    ...<5 lines>...
    )
    ^
  File "/Users/psw/Projects/decision-chat-bot/backend/.venv/lib/python3.14/site-packages/redis/asyncio/client.py", line 964, in _execute
    return await conn.retry.call_with_retry(
           ^^^^^^^^^^^^^^^^^^^^^^^^^^^^^^^^^
    ...<2 lines>...
    )
    ^
  File "/Users/psw/Projects/decision-chat-bot/backend/.venv/lib/python3.14/site-packages/redis/asyncio/retry.py", line 55, in call_with_retry
    raise error
  File "/Users/psw/Projects/decision-chat-bot/backend/.venv/lib/python3.14/site-packages/redis/asyncio/retry.py", line 50, in call_with_retry
    return await do()
           ^^^^^^^^^^
  File "/Users/psw/Projects/decision-chat-bot/backend/.venv/lib/python3.14/site-packages/redis/asyncio/connection.py", line 609, in read_response
    raise TimeoutError(f"Timeout reading from {host_error}")
redis.exceptions.TimeoutError: Timeout reading from 127.0.0.1:16391
INFO:     127.0.0.1:65001 - "GET /api/requests?limit=50 HTTP/1.1" 200 OK
Received notification from DBMS server: <GqlStatusObject gql_status='01N52', status_description='warn: property key does not exist. The property `display_name` does not exist. Verify that the spelling is correct.', position=<SummaryInputPosition line=1, column=60, offset=59>, raw_classification='UNRECOGNIZED', classification=<NotificationClassification.UNRECOGNIZED: 'UNRECOGNIZED'>, raw_severity='WARNING', severity=<NotificationSeverity.WARNING: 'WARNING'>, diagnostic_record={'_classification': 'UNRECOGNIZED', '_severity': 'WARNING', '_position': {'offset': 59, 'line': 1, 'column': 60}, 'OPERATION': '', 'OPERATION_CODE': '0', 'CURRENT_SCHEMA': '/'}> for query: 'MATCH (u:User {id:$user_id,tenant_id:$tenant_id}) RETURN u.display_name AS display_name'
INFO:     127.0.0.1:65010 - "GET /api/auth/me HTTP/1.1" 200 OK
Received notification from DBMS server: <GqlStatusObject gql_status='01N52', status_description='warn: property key does not exist. The property `display_name` does not exist. Verify that the spelling is correct.', position=<SummaryInputPosition line=1, column=60, offset=59>, raw_classification='UNRECOGNIZED', classification=<NotificationClassification.UNRECOGNIZED: 'UNRECOGNIZED'>, raw_severity='WARNING', severity=<NotificationSeverity.WARNING: 'WARNING'>, diagnostic_record={'_classification': 'UNRECOGNIZED', '_severity': 'WARNING', '_position': {'offset': 59, 'line': 1, 'column': 60}, 'OPERATION': '', 'OPERATION_CODE': '0', 'CURRENT_SCHEMA': '/'}> for query: 'MATCH (u:User {id:$user_id,tenant_id:$tenant_id}) RETURN u.display_name AS display_name'
INFO:     127.0.0.1:65011 - "GET /api/auth/me HTTP/1.1" 200 OK
Received notification from DBMS server: <GqlStatusObject gql_status='01N52', status_description='warn: property key does not exist. The property `display_name` does not exist. Verify that the spelling is correct.', position=<SummaryInputPosition line=1, column=60, offset=59>, raw_classification='UNRECOGNIZED', classification=<NotificationClassification.UNRECOGNIZED: 'UNRECOGNIZED'>, raw_severity='WARNING', severity=<NotificationSeverity.WARNING: 'WARNING'>, diagnostic_record={'_classification': 'UNRECOGNIZED', '_severity': 'WARNING', '_position': {'offset': 59, 'line': 1, 'column': 60}, 'OPERATION': '', 'OPERATION_CODE': '0', 'CURRENT_SCHEMA': '/'}> for query: 'MATCH (u:User {id:$user_id,tenant_id:$tenant_id}) RETURN u.display_name AS display_name'
INFO:     127.0.0.1:65013 - "GET /api/requests?limit=50 HTTP/1.1" 200 OK
INFO:     127.0.0.1:65014 - "GET /api/events/stream?after=0 HTTP/1.1" 200 OK
INFO:     127.0.0.1:65015 - "GET /api/auth/me HTTP/1.1" 200 OK
Received notification from DBMS server: <GqlStatusObject gql_status='01N52', status_description='warn: property key does not exist. The property `display_name` does not exist. Verify that the spelling is correct.', position=<SummaryInputPosition line=1, column=60, offset=59>, raw_classification='UNRECOGNIZED', classification=<NotificationClassification.UNRECOGNIZED: 'UNRECOGNIZED'>, raw_severity='WARNING', severity=<NotificationSeverity.WARNING: 'WARNING'>, diagnostic_record={'_classification': 'UNRECOGNIZED', '_severity': 'WARNING', '_position': {'offset': 59, 'line': 1, 'column': 60}, 'OPERATION': '', 'OPERATION_CODE': '0', 'CURRENT_SCHEMA': '/'}> for query: 'MATCH (u:User {id:$user_id,tenant_id:$tenant_id}) RETURN u.display_name AS display_name'
INFO:     127.0.0.1:65017 - "GET /api/requests?limit=50 HTTP/1.1" 200 OK
INFO:     127.0.0.1:65021 - "GET /api/auth/me HTTP/1.1" 200 OK
Received notification from DBMS server: <GqlStatusObject gql_status='01G11', status_description='warn: null value eliminated in set function', position=None, raw_classification='UNRECOGNIZED', classification=<NotificationClassification.UNRECOGNIZED: 'UNRECOGNIZED'>, raw_severity='WARNING', severity=<NotificationSeverity.WARNING: 'WARNING'>, diagnostic_record={'_classification': 'UNRECOGNIZED', '_severity': 'WARNING', 'OPERATION': '', 'OPERATION_CODE': '0', 'CURRENT_SCHEMA': '/'}> for query: 'MATCH (r:Request {id:$id,tenant_id:$tenant_id}) OPTIONAL MATCH (r)-[:HAS_REVISION]->(i:InputRevision) OPTIONAL MATCH (i)-[:HAS_ATTACHMENT]->(a:Attachment) OPTIONAL MATCH (active:Run {id:r.active_run_id,tenant_id:$tenant_id}) RETURN r,collect(DISTINCT i) AS revisions,collect(DISTINCT a) AS attachments,active'
Received notification from DBMS server: <GqlStatusObject gql_status='01N52', status_description='warn: property key does not exist. The property `display_name` does not exist. Verify that the spelling is correct.', position=<SummaryInputPosition line=1, column=60, offset=59>, raw_classification='UNRECOGNIZED', classification=<NotificationClassification.UNRECOGNIZED: 'UNRECOGNIZED'>, raw_severity='WARNING', severity=<NotificationSeverity.WARNING: 'WARNING'>, diagnostic_record={'_classification': 'UNRECOGNIZED', '_severity': 'WARNING', '_position': {'offset': 59, 'line': 1, 'column': 60}, 'OPERATION': '', 'OPERATION_CODE': '0', 'CURRENT_SCHEMA': '/'}> for query: 'MATCH (u:User {id:$user_id,tenant_id:$tenant_id}) RETURN u.display_name AS display_name'
INFO:     127.0.0.1:65023 - "GET /api/requests/audit_map_req HTTP/1.1" 200 OK
INFO:     127.0.0.1:65025 - "GET /api/auth/me HTTP/1.1" 200 OK
Received notification from DBMS server: <GqlStatusObject gql_status='01N52', status_description='warn: property key does not exist. The property `display_name` does not exist. Verify that the spelling is correct.', position=<SummaryInputPosition line=1, column=60, offset=59>, raw_classification='UNRECOGNIZED', classification=<NotificationClassification.UNRECOGNIZED: 'UNRECOGNIZED'>, raw_severity='WARNING', severity=<NotificationSeverity.WARNING: 'WARNING'>, diagnostic_record={'_classification': 'UNRECOGNIZED', '_severity': 'WARNING', '_position': {'offset': 59, 'line': 1, 'column': 60}, 'OPERATION': '', 'OPERATION_CODE': '0', 'CURRENT_SCHEMA': '/'}> for query: 'MATCH (u:User {id:$user_id,tenant_id:$tenant_id}) RETURN u.display_name AS display_name'
INFO:     127.0.0.1:65027 - "GET /api/auth/me HTTP/1.1" 200 OK
Redis subscriber disconnected for tenant t-audit-e2e-1005
Traceback (most recent call last):
  File "/Users/psw/Projects/decision-chat-bot/backend/.venv/lib/python3.14/site-packages/redis/asyncio/connection.py", line 591, in read_response
    response = await self._parser.read_response(
               ^^^^^^^^^^^^^^^^^^^^^^^^^^^^^^^^^
        disable_decoding=disable_decoding
        ^^^^^^^^^^^^^^^^^^^^^^^^^^^^^^^^^
    )
    ^
  File "/Users/psw/Projects/decision-chat-bot/backend/.venv/lib/python3.14/site-packages/redis/_parsers/resp2.py", line 82, in read_response
    response = await self._read_response(disable_decoding=disable_decoding)
               ^^^^^^^^^^^^^^^^^^^^^^^^^^^^^^^^^^^^^^^^^^^^^^^^^^^^^^^^^^^^
  File "/Users/psw/Projects/decision-chat-bot/backend/.venv/lib/python3.14/site-packages/redis/_parsers/resp2.py", line 90, in _read_response
    raw = await self._readline()
          ^^^^^^^^^^^^^^^^^^^^^^
  File "/Users/psw/Projects/decision-chat-bot/backend/.venv/lib/python3.14/site-packages/redis/_parsers/base.py", line 283, in _readline
    data = await self._stream.readline()
           ^^^^^^^^^^^^^^^^^^^^^^^^^^^^^
  File "/Library/Frameworks/Python.framework/Versions/3.14/lib/python3.14/asyncio/streams.py", line 562, in readline
    line = await self.readuntil(sep)
           ^^^^^^^^^^^^^^^^^^^^^^^^^
  File "/Library/Frameworks/Python.framework/Versions/3.14/lib/python3.14/asyncio/streams.py", line 677, in readuntil
    await self._wait_for_data('readuntil')
  File "/Library/Frameworks/Python.framework/Versions/3.14/lib/python3.14/asyncio/streams.py", line 539, in _wait_for_data
    await self._waiter
asyncio.exceptions.CancelledError

The above exception was the direct cause of the following exception:

Traceback (most recent call last):
  File "/Users/psw/Projects/decision-chat-bot/backend/.venv/lib/python3.14/site-packages/redis/asyncio/connection.py", line 590, in read_response
    async with async_timeout(read_timeout):
               ~~~~~~~~~~~~~^^^^^^^^^^^^^^
  File "/Library/Frameworks/Python.framework/Versions/3.14/lib/python3.14/asyncio/timeouts.py", line 115, in __aexit__
    raise TimeoutError from exc_val
TimeoutError

During handling of the above exception, another exception occurred:

Traceback (most recent call last):
  File "/Users/psw/Projects/decision-chat-bot/backend/jevtriage/realtime/subscriber.py", line 34, in _listen
    async for message in pubsub.listen():
        if message["type"] == "message":
            self._wake.set()
  File "/Users/psw/Projects/decision-chat-bot/backend/.venv/lib/python3.14/site-packages/redis/asyncio/client.py", line 1097, in listen
    response = await self.handle_message(await self.parse_response(block=True))
                                         ^^^^^^^^^^^^^^^^^^^^^^^^^^^^^^^^^^^^^
  File "/Users/psw/Projects/decision-chat-bot/backend/.venv/lib/python3.14/site-packages/redis/asyncio/client.py", line 984, in parse_response
    response = await self._execute(
               ^^^^^^^^^^^^^^^^^^^^
    ...<5 lines>...
    )
    ^
  File "/Users/psw/Projects/decision-chat-bot/backend/.venv/lib/python3.14/site-packages/redis/asyncio/client.py", line 964, in _execute
    return await conn.retry.call_with_retry(
           ^^^^^^^^^^^^^^^^^^^^^^^^^^^^^^^^^
    ...<2 lines>...
    )
    ^
  File "/Users/psw/Projects/decision-chat-bot/backend/.venv/lib/python3.14/site-packages/redis/asyncio/retry.py", line 55, in call_with_retry
    raise error
  File "/Users/psw/Projects/decision-chat-bot/backend/.venv/lib/python3.14/site-packages/redis/asyncio/retry.py", line 50, in call_with_retry
    return await do()
           ^^^^^^^^^^
  File "/Users/psw/Projects/decision-chat-bot/backend/.venv/lib/python3.14/site-packages/redis/asyncio/connection.py", line 609, in read_response
    raise TimeoutError(f"Timeout reading from {host_error}")
redis.exceptions.TimeoutError: Timeout reading from 127.0.0.1:16391
Received notification from DBMS server: <GqlStatusObject gql_status='01G11', status_description='warn: null value eliminated in set function', position=None, raw_classification='UNRECOGNIZED', classification=<NotificationClassification.UNRECOGNIZED: 'UNRECOGNIZED'>, raw_severity='WARNING', severity=<NotificationSeverity.WARNING: 'WARNING'>, diagnostic_record={'_classification': 'UNRECOGNIZED', '_severity': 'WARNING', 'OPERATION': '', 'OPERATION_CODE': '0', 'CURRENT_SCHEMA': '/'}> for query: "MATCH (q:Request {tenant_id:$tenant,id:$request}) OPTIONAL MATCH (j:Job {tenant_id:$tenant,run_id:q.active_run_id}) OPTIONAL MATCH (e:Event {tenant_id:$tenant,request_id:$request,kind:'request.received'}) RETURN q.active_run_id AS run_id,j.id AS job_id,count(e) AS prior"
INFO:     127.0.0.1:65019 - "POST /api/requests HTTP/1.1" 202 Accepted
Received notification from DBMS server: <GqlStatusObject gql_status='01G11', status_description='warn: null value eliminated in set function', position=None, raw_classification='UNRECOGNIZED', classification=<NotificationClassification.UNRECOGNIZED: 'UNRECOGNIZED'>, raw_severity='WARNING', severity=<NotificationSeverity.WARNING: 'WARNING'>, diagnostic_record={'_classification': 'UNRECOGNIZED', '_severity': 'WARNING', 'OPERATION': '', 'OPERATION_CODE': '0', 'CURRENT_SCHEMA': '/'}> for query: 'MATCH (r:Request {id:$id,tenant_id:$tenant_id}) OPTIONAL MATCH (r)-[:HAS_REVISION]->(i:InputRevision) OPTIONAL MATCH (i)-[:HAS_ATTACHMENT]->(a:Attachment) OPTIONAL MATCH (active:Run {id:r.active_run_id,tenant_id:$tenant_id}) RETURN r,collect(DISTINCT i) AS revisions,collect(DISTINCT a) AS attachments,active'
INFO:     127.0.0.1:65036 - "GET /api/requests?limit=50 HTTP/1.1" 200 OK
INFO:     127.0.0.1:65037 - "GET /api/events/snapshot?request_id=req_93da2161d61e454d8ff411f6c72e557d HTTP/1.1" 200 OK
INFO:     127.0.0.1:65039 - "GET /api/requests/req_93da2161d61e454d8ff411f6c72e557d/judgment HTTP/1.1" 404 Not Found
INFO:     127.0.0.1:65038 - "GET /api/requests/req_93da2161d61e454d8ff411f6c72e557d HTTP/1.1" 200 OK
INFO:     127.0.0.1:65045 - "GET /api/events/stream?after=106 HTTP/1.1" 200 OK
INFO:     127.0.0.1:65044 - "GET /api/requests/req_93da2161d61e454d8ff411f6c72e557d/runs HTTP/1.1" 200 OK
Received notification from DBMS server: <GqlStatusObject gql_status='01G11', status_description='warn: null value eliminated in set function', position=None, raw_classification='UNRECOGNIZED', classification=<NotificationClassification.UNRECOGNIZED: 'UNRECOGNIZED'>, raw_severity='WARNING', severity=<NotificationSeverity.WARNING: 'WARNING'>, diagnostic_record={'_classification': 'UNRECOGNIZED', '_severity': 'WARNING', 'OPERATION': '', 'OPERATION_CODE': '0', 'CURRENT_SCHEMA': '/'}> for query: 'MATCH (q:Request {tenant_id:$tenant,id:$request}) MATCH (r:Run {tenant_id:$tenant,request_id:$request}) WHERE r.id=coalesce($run,q.active_run_id) OPTIONAL MATCH (r)-[:HAS_STEP]->(s:RunStep {tenant_id:$tenant}) RETURN q.status AS request_status,q.first_received_at AS received, r AS run,collect(s) AS steps'
INFO:     127.0.0.1:65048 - "GET /api/requests?limit=50 HTTP/1.1" 200 OK
INFO:     127.0.0.1:65047 - "GET /api/requests/req_93da2161d61e454d8ff411f6c72e557d/progress HTTP/1.1" 200 OK
INFO:     127.0.0.1:65050 - "GET /api/requests?limit=50 HTTP/1.1" 200 OK
INFO:     127.0.0.1:65052 - "GET /api/requests?limit=50 HTTP/1.1" 200 OK
INFO:     127.0.0.1:65058 - "POST /api/auth/login HTTP/1.1" 200 OK
Received notification from DBMS server: <GqlStatusObject gql_status='01N52', status_description='warn: property key does not exist. The property `display_name` does not exist. Verify that the spelling is correct.', position=<SummaryInputPosition line=1, column=60, offset=59>, raw_classification='UNRECOGNIZED', classification=<NotificationClassification.UNRECOGNIZED: 'UNRECOGNIZED'>, raw_severity='WARNING', severity=<NotificationSeverity.WARNING: 'WARNING'>, diagnostic_record={'_classification': 'UNRECOGNIZED', '_severity': 'WARNING', '_position': {'offset': 59, 'line': 1, 'column': 60}, 'OPERATION': '', 'OPERATION_CODE': '0', 'CURRENT_SCHEMA': '/'}> for query: 'MATCH (u:User {id:$user_id,tenant_id:$tenant_id}) RETURN u.display_name AS display_name'
INFO:     127.0.0.1:65066 - "GET /api/auth/me HTTP/1.1" 200 OK
Received notification from DBMS server: <GqlStatusObject gql_status='01N52', status_description='warn: property key does not exist. The property `display_name` does not exist. Verify that the spelling is correct.', position=<SummaryInputPosition line=1, column=60, offset=59>, raw_classification='UNRECOGNIZED', classification=<NotificationClassification.UNRECOGNIZED: 'UNRECOGNIZED'>, raw_severity='WARNING', severity=<NotificationSeverity.WARNING: 'WARNING'>, diagnostic_record={'_classification': 'UNRECOGNIZED', '_severity': 'WARNING', '_position': {'offset': 59, 'line': 1, 'column': 60}, 'OPERATION': '', 'OPERATION_CODE': '0', 'CURRENT_SCHEMA': '/'}> for query: 'MATCH (u:User {id:$user_id,tenant_id:$tenant_id}) RETURN u.display_name AS display_name'
INFO:     127.0.0.1:65067 - "GET /api/auth/me HTTP/1.1" 200 OK
INFO:     127.0.0.1:65070 - "GET /api/events/stream?after=0 HTTP/1.1" 200 OK
INFO:     127.0.0.1:65069 - "GET /api/policy/versions HTTP/1.1" 200 OK
Received notification from DBMS server: <GqlStatusObject gql_status='01N52', status_description='warn: property key does not exist. The property `display_name` does not exist. Verify that the spelling is correct.', position=<SummaryInputPosition line=1, column=60, offset=59>, raw_classification='UNRECOGNIZED', classification=<NotificationClassification.UNRECOGNIZED: 'UNRECOGNIZED'>, raw_severity='WARNING', severity=<NotificationSeverity.WARNING: 'WARNING'>, diagnostic_record={'_classification': 'UNRECOGNIZED', '_severity': 'WARNING', '_position': {'offset': 59, 'line': 1, 'column': 60}, 'OPERATION': '', 'OPERATION_CODE': '0', 'CURRENT_SCHEMA': '/'}> for query: 'MATCH (u:User {id:$user_id,tenant_id:$tenant_id}) RETURN u.display_name AS display_name'
INFO:     127.0.0.1:65071 - "GET /api/policy/active HTTP/1.1" 200 OK
INFO:     127.0.0.1:65072 - "GET /api/auth/me HTTP/1.1" 200 OK
INFO:     127.0.0.1:65074 - "GET /api/policy/versions HTTP/1.1" 200 OK
INFO:     127.0.0.1:65076 - "GET /api/policy/active HTTP/1.1" 200 OK
Received notification from DBMS server: <GqlStatusObject gql_status='01N52', status_description='warn: property key does not exist. The property `display_name` does not exist. Verify that the spelling is correct.', position=<SummaryInputPosition line=1, column=60, offset=59>, raw_classification='UNRECOGNIZED', classification=<NotificationClassification.UNRECOGNIZED: 'UNRECOGNIZED'>, raw_severity='WARNING', severity=<NotificationSeverity.WARNING: 'WARNING'>, diagnostic_record={'_classification': 'UNRECOGNIZED', '_severity': 'WARNING', '_position': {'offset': 59, 'line': 1, 'column': 60}, 'OPERATION': '', 'OPERATION_CODE': '0', 'CURRENT_SCHEMA': '/'}> for query: 'MATCH (u:User {id:$user_id,tenant_id:$tenant_id}) RETURN u.display_name AS display_name'
INFO:     127.0.0.1:65078 - "GET /api/auth/me HTTP/1.1" 200 OK
INFO:     127.0.0.1:65085 - "POST /api/auth/login HTTP/1.1" 200 OK
Received notification from DBMS server: <GqlStatusObject gql_status='01N52', status_description='warn: property key does not exist. The property `display_name` does not exist. Verify that the spelling is correct.', position=<SummaryInputPosition line=1, column=60, offset=59>, raw_classification='UNRECOGNIZED', classification=<NotificationClassification.UNRECOGNIZED: 'UNRECOGNIZED'>, raw_severity='WARNING', severity=<NotificationSeverity.WARNING: 'WARNING'>, diagnostic_record={'_classification': 'UNRECOGNIZED', '_severity': 'WARNING', '_position': {'offset': 59, 'line': 1, 'column': 60}, 'OPERATION': '', 'OPERATION_CODE': '0', 'CURRENT_SCHEMA': '/'}> for query: 'MATCH (u:User {id:$user_id,tenant_id:$tenant_id}) RETURN u.display_name AS display_name'
Received notification from DBMS server: <GqlStatusObject gql_status='01N52', status_description='warn: property key does not exist. The property `display_name` does not exist. Verify that the spelling is correct.', position=<SummaryInputPosition line=1, column=60, offset=59>, raw_classification='UNRECOGNIZED', classification=<NotificationClassification.UNRECOGNIZED: 'UNRECOGNIZED'>, raw_severity='WARNING', severity=<NotificationSeverity.WARNING: 'WARNING'>, diagnostic_record={'_classification': 'UNRECOGNIZED', '_severity': 'WARNING', '_position': {'offset': 59, 'line': 1, 'column': 60}, 'OPERATION': '', 'OPERATION_CODE': '0', 'CURRENT_SCHEMA': '/'}> for query: 'MATCH (u:User {id:$user_id,tenant_id:$tenant_id}) RETURN u.display_name AS display_name'
INFO:     127.0.0.1:65091 - "GET /api/auth/me HTTP/1.1" 200 OK
Received notification from DBMS server: <GqlStatusObject gql_status='01N52', status_description='warn: property key does not exist. The property `display_name` does not exist. Verify that the spelling is correct.', position=<SummaryInputPosition line=1, column=60, offset=59>, raw_classification='UNRECOGNIZED', classification=<NotificationClassification.UNRECOGNIZED: 'UNRECOGNIZED'>, raw_severity='WARNING', severity=<NotificationSeverity.WARNING: 'WARNING'>, diagnostic_record={'_classification': 'UNRECOGNIZED', '_severity': 'WARNING', '_position': {'offset': 59, 'line': 1, 'column': 60}, 'OPERATION': '', 'OPERATION_CODE': '0', 'CURRENT_SCHEMA': '/'}> for query: 'MATCH (u:User {id:$user_id,tenant_id:$tenant_id}) RETURN u.display_name AS display_name'
INFO:     127.0.0.1:65093 - "GET /api/auth/me HTTP/1.1" 200 OK
INFO:     127.0.0.1:65095 - "GET /api/evaluation/candidates?split=tuning HTTP/1.1" 200 OK
Received notification from DBMS server: <GqlStatusObject gql_status='01N52', status_description='warn: property key does not exist. The property `display_name` does not exist. Verify that the spelling is correct.', position=<SummaryInputPosition line=1, column=60, offset=59>, raw_classification='UNRECOGNIZED', classification=<NotificationClassification.UNRECOGNIZED: 'UNRECOGNIZED'>, raw_severity='WARNING', severity=<NotificationSeverity.WARNING: 'WARNING'>, diagnostic_record={'_classification': 'UNRECOGNIZED', '_severity': 'WARNING', '_position': {'offset': 59, 'line': 1, 'column': 60}, 'OPERATION': '', 'OPERATION_CODE': '0', 'CURRENT_SCHEMA': '/'}> for query: 'MATCH (u:User {id:$user_id,tenant_id:$tenant_id}) RETURN u.display_name AS display_name'
INFO:     127.0.0.1:65096 - "GET /api/auth/me HTTP/1.1" 200 OK
INFO:     127.0.0.1:65097 - "GET /api/evaluation/candidates?split=tuning HTTP/1.1" 200 OK
Received notification from DBMS server: <GqlStatusObject gql_status='01N52', status_description='warn: property key does not exist. The property `display_name` does not exist. Verify that the spelling is correct.', position=<SummaryInputPosition line=1, column=60, offset=59>, raw_classification='UNRECOGNIZED', classification=<NotificationClassification.UNRECOGNIZED: 'UNRECOGNIZED'>, raw_severity='WARNING', severity=<NotificationSeverity.WARNING: 'WARNING'>, diagnostic_record={'_classification': 'UNRECOGNIZED', '_severity': 'WARNING', '_position': {'offset': 59, 'line': 1, 'column': 60}, 'OPERATION': '', 'OPERATION_CODE': '0', 'CURRENT_SCHEMA': '/'}> for query: 'MATCH (u:User {id:$user_id,tenant_id:$tenant_id}) RETURN u.display_name AS display_name'
INFO:     127.0.0.1:65098 - "GET /api/auth/me HTTP/1.1" 200 OK
INFO:     127.0.0.1:65102 - "POST /api/auth/login HTTP/1.1" 200 OK
Received notification from DBMS server: <GqlStatusObject gql_status='01N52', status_description='warn: property key does not exist. The property `display_name` does not exist. Verify that the spelling is correct.', position=<SummaryInputPosition line=1, column=60, offset=59>, raw_classification='UNRECOGNIZED', classification=<NotificationClassification.UNRECOGNIZED: 'UNRECOGNIZED'>, raw_severity='WARNING', severity=<NotificationSeverity.WARNING: 'WARNING'>, diagnostic_record={'_classification': 'UNRECOGNIZED', '_severity': 'WARNING', '_position': {'offset': 59, 'line': 1, 'column': 60}, 'OPERATION': '', 'OPERATION_CODE': '0', 'CURRENT_SCHEMA': '/'}> for query: 'MATCH (u:User {id:$user_id,tenant_id:$tenant_id}) RETURN u.display_name AS display_name'
Received notification from DBMS server: <GqlStatusObject gql_status='01N52', status_description='warn: property key does not exist. The property `display_name` does not exist. Verify that the spelling is correct.', position=<SummaryInputPosition line=1, column=60, offset=59>, raw_classification='UNRECOGNIZED', classification=<NotificationClassification.UNRECOGNIZED: 'UNRECOGNIZED'>, raw_severity='WARNING', severity=<NotificationSeverity.WARNING: 'WARNING'>, diagnostic_record={'_classification': 'UNRECOGNIZED', '_severity': 'WARNING', '_position': {'offset': 59, 'line': 1, 'column': 60}, 'OPERATION': '', 'OPERATION_CODE': '0', 'CURRENT_SCHEMA': '/'}> for query: 'MATCH (u:User {id:$user_id,tenant_id:$tenant_id}) RETURN u.display_name AS display_name'
INFO:     127.0.0.1:65112 - "GET /api/auth/me HTTP/1.1" 200 OK
INFO:     127.0.0.1:65113 - "GET /api/auth/me HTTP/1.1" 200 OK
Received notification from DBMS server: <GqlStatusObject gql_status='01N52', status_description='warn: property key does not exist. The property `display_name` does not exist. Verify that the spelling is correct.', position=<SummaryInputPosition line=1, column=60, offset=59>, raw_classification='UNRECOGNIZED', classification=<NotificationClassification.UNRECOGNIZED: 'UNRECOGNIZED'>, raw_severity='WARNING', severity=<NotificationSeverity.WARNING: 'WARNING'>, diagnostic_record={'_classification': 'UNRECOGNIZED', '_severity': 'WARNING', '_position': {'offset': 59, 'line': 1, 'column': 60}, 'OPERATION': '', 'OPERATION_CODE': '0', 'CURRENT_SCHEMA': '/'}> for query: 'MATCH (u:User {id:$user_id,tenant_id:$tenant_id}) RETURN u.display_name AS display_name'
Received notification from DBMS server: <GqlStatusObject gql_status='01N52', status_description='warn: property key does not exist. The property `display_name` does not exist. Verify that the spelling is correct.', position=<SummaryInputPosition line=1, column=60, offset=59>, raw_classification='UNRECOGNIZED', classification=<NotificationClassification.UNRECOGNIZED: 'UNRECOGNIZED'>, raw_severity='WARNING', severity=<NotificationSeverity.WARNING: 'WARNING'>, diagnostic_record={'_classification': 'UNRECOGNIZED', '_severity': 'WARNING', '_position': {'offset': 59, 'line': 1, 'column': 60}, 'OPERATION': '', 'OPERATION_CODE': '0', 'CURRENT_SCHEMA': '/'}> for query: 'MATCH (u:User {id:$user_id,tenant_id:$tenant_id}) RETURN u.display_name AS display_name'
Received notification from DBMS server: <GqlStatusObject gql_status='01N52', status_description='warn: property key does not exist. The property `display_name` does not exist. Verify that the spelling is correct.', position=<SummaryInputPosition line=1, column=60, offset=59>, raw_classification='UNRECOGNIZED', classification=<NotificationClassification.UNRECOGNIZED: 'UNRECOGNIZED'>, raw_severity='WARNING', severity=<NotificationSeverity.WARNING: 'WARNING'>, diagnostic_record={'_classification': 'UNRECOGNIZED', '_severity': 'WARNING', '_position': {'offset': 59, 'line': 1, 'column': 60}, 'OPERATION': '', 'OPERATION_CODE': '0', 'CURRENT_SCHEMA': '/'}> for query: 'MATCH (u:User {id:$user_id,tenant_id:$tenant_id}) RETURN u.display_name AS display_name'
INFO:     127.0.0.1:65116 - "GET /api/auth/me HTTP/1.1" 200 OK
Received notification from DBMS server: <GqlStatusObject gql_status='01N52', status_description='warn: property key does not exist. The property `display_name` does not exist. Verify that the spelling is correct.', position=<SummaryInputPosition line=1, column=60, offset=59>, raw_classification='UNRECOGNIZED', classification=<NotificationClassification.UNRECOGNIZED: 'UNRECOGNIZED'>, raw_severity='WARNING', severity=<NotificationSeverity.WARNING: 'WARNING'>, diagnostic_record={'_classification': 'UNRECOGNIZED', '_severity': 'WARNING', '_position': {'offset': 59, 'line': 1, 'column': 60}, 'OPERATION': '', 'OPERATION_CODE': '0', 'CURRENT_SCHEMA': '/'}> for query: 'MATCH (u:User {id:$user_id,tenant_id:$tenant_id}) RETURN u.display_name AS display_name'
INFO:     127.0.0.1:65118 - "GET /api/auth/me HTTP/1.1" 200 OK
INFO:     127.0.0.1:65119 - "GET /api/auth/me HTTP/1.1" 200 OK
INFO:     127.0.0.1:65121 - "GET /api/auth/me HTTP/1.1" 200 OK
INFO:     127.0.0.1:65117 - "GET /api/requests?limit=50 HTTP/1.1" 200 OK
INFO:     127.0.0.1:65120 - "GET /api/requests?limit=50 HTTP/1.1" 200 OK
INFO:     127.0.0.1:65123 - "GET /api/events/stream?after=0 HTTP/1.1" 200 OK
Received notification from DBMS server: <GqlStatusObject gql_status='01G11', status_description='warn: null value eliminated in set function', position=None, raw_classification='UNRECOGNIZED', classification=<NotificationClassification.UNRECOGNIZED: 'UNRECOGNIZED'>, raw_severity='WARNING', severity=<NotificationSeverity.WARNING: 'WARNING'>, diagnostic_record={'_classification': 'UNRECOGNIZED', '_severity': 'WARNING', 'OPERATION': '', 'OPERATION_CODE': '0', 'CURRENT_SCHEMA': '/'}> for query: 'MATCH (r:Request {id:$id,tenant_id:$tenant_id}) OPTIONAL MATCH (r)-[:HAS_REVISION]->(i:InputRevision) OPTIONAL MATCH (i)-[:HAS_ATTACHMENT]->(a:Attachment) OPTIONAL MATCH (active:Run {id:r.active_run_id,tenant_id:$tenant_id}) RETURN r,collect(DISTINCT i) AS revisions,collect(DISTINCT a) AS attachments,active'
INFO:     127.0.0.1:65126 - "GET /api/requests/audit_map_req HTTP/1.1" 200 OK
INFO:     127.0.0.1:65131 - "POST /api/auth/login HTTP/1.1" 200 OK
Received notification from DBMS server: <GqlStatusObject gql_status='01N52', status_description='warn: property key does not exist. The property `display_name` does not exist. Verify that the spelling is correct.', position=<SummaryInputPosition line=1, column=60, offset=59>, raw_classification='UNRECOGNIZED', classification=<NotificationClassification.UNRECOGNIZED: 'UNRECOGNIZED'>, raw_severity='WARNING', severity=<NotificationSeverity.WARNING: 'WARNING'>, diagnostic_record={'_classification': 'UNRECOGNIZED', '_severity': 'WARNING', '_position': {'offset': 59, 'line': 1, 'column': 60}, 'OPERATION': '', 'OPERATION_CODE': '0', 'CURRENT_SCHEMA': '/'}> for query: 'MATCH (u:User {id:$user_id,tenant_id:$tenant_id}) RETURN u.display_name AS display_name'
Received notification from DBMS server: <GqlStatusObject gql_status='01N52', status_description='warn: property key does not exist. The property `display_name` does not exist. Verify that the spelling is correct.', position=<SummaryInputPosition line=1, column=60, offset=59>, raw_classification='UNRECOGNIZED', classification=<NotificationClassification.UNRECOGNIZED: 'UNRECOGNIZED'>, raw_severity='WARNING', severity=<NotificationSeverity.WARNING: 'WARNING'>, diagnostic_record={'_classification': 'UNRECOGNIZED', '_severity': 'WARNING', '_position': {'offset': 59, 'line': 1, 'column': 60}, 'OPERATION': '', 'OPERATION_CODE': '0', 'CURRENT_SCHEMA': '/'}> for query: 'MATCH (u:User {id:$user_id,tenant_id:$tenant_id}) RETURN u.display_name AS display_name'
INFO:     127.0.0.1:65143 - "GET /api/auth/me HTTP/1.1" 200 OK
INFO:     127.0.0.1:65144 - "GET /api/auth/me HTTP/1.1" 200 OK
Received notification from DBMS server: <GqlStatusObject gql_status='01N52', status_description='warn: property key does not exist. The property `display_name` does not exist. Verify that the spelling is correct.', position=<SummaryInputPosition line=1, column=60, offset=59>, raw_classification='UNRECOGNIZED', classification=<NotificationClassification.UNRECOGNIZED: 'UNRECOGNIZED'>, raw_severity='WARNING', severity=<NotificationSeverity.WARNING: 'WARNING'>, diagnostic_record={'_classification': 'UNRECOGNIZED', '_severity': 'WARNING', '_position': {'offset': 59, 'line': 1, 'column': 60}, 'OPERATION': '', 'OPERATION_CODE': '0', 'CURRENT_SCHEMA': '/'}> for query: 'MATCH (u:User {id:$user_id,tenant_id:$tenant_id}) RETURN u.display_name AS display_name'
Received notification from DBMS server: <GqlStatusObject gql_status='01N52', status_description='warn: property key does not exist. The property `display_name` does not exist. Verify that the spelling is correct.', position=<SummaryInputPosition line=1, column=60, offset=59>, raw_classification='UNRECOGNIZED', classification=<NotificationClassification.UNRECOGNIZED: 'UNRECOGNIZED'>, raw_severity='WARNING', severity=<NotificationSeverity.WARNING: 'WARNING'>, diagnostic_record={'_classification': 'UNRECOGNIZED', '_severity': 'WARNING', '_position': {'offset': 59, 'line': 1, 'column': 60}, 'OPERATION': '', 'OPERATION_CODE': '0', 'CURRENT_SCHEMA': '/'}> for query: 'MATCH (u:User {id:$user_id,tenant_id:$tenant_id}) RETURN u.display_name AS display_name'
Received notification from DBMS server: <GqlStatusObject gql_status='01N52', status_description='warn: property key does not exist. The property `display_name` does not exist. Verify that the spelling is correct.', position=<SummaryInputPosition line=1, column=60, offset=59>, raw_classification='UNRECOGNIZED', classification=<NotificationClassification.UNRECOGNIZED: 'UNRECOGNIZED'>, raw_severity='WARNING', severity=<NotificationSeverity.WARNING: 'WARNING'>, diagnostic_record={'_classification': 'UNRECOGNIZED', '_severity': 'WARNING', '_position': {'offset': 59, 'line': 1, 'column': 60}, 'OPERATION': '', 'OPERATION_CODE': '0', 'CURRENT_SCHEMA': '/'}> for query: 'MATCH (u:User {id:$user_id,tenant_id:$tenant_id}) RETURN u.display_name AS display_name'
Received notification from DBMS server: <GqlStatusObject gql_status='01N52', status_description='warn: property key does not exist. The property `display_name` does not exist. Verify that the spelling is correct.', position=<SummaryInputPosition line=1, column=60, offset=59>, raw_classification='UNRECOGNIZED', classification=<NotificationClassification.UNRECOGNIZED: 'UNRECOGNIZED'>, raw_severity='WARNING', severity=<NotificationSeverity.WARNING: 'WARNING'>, diagnostic_record={'_classification': 'UNRECOGNIZED', '_severity': 'WARNING', '_position': {'offset': 59, 'line': 1, 'column': 60}, 'OPERATION': '', 'OPERATION_CODE': '0', 'CURRENT_SCHEMA': '/'}> for query: 'MATCH (u:User {id:$user_id,tenant_id:$tenant_id}) RETURN u.display_name AS display_name'
INFO:     127.0.0.1:65152 - "GET /api/auth/me HTTP/1.1" 200 OK
INFO:     127.0.0.1:65149 - "GET /api/auth/me HTTP/1.1" 200 OK
INFO:     127.0.0.1:65147 - "GET /api/auth/me HTTP/1.1" 200 OK
INFO:     127.0.0.1:65150 - "GET /api/auth/me HTTP/1.1" 200 OK
INFO:     127.0.0.1:65151 - "GET /api/requests?limit=50 HTTP/1.1" 200 OK
INFO:     127.0.0.1:65148 - "GET /api/requests?limit=50 HTTP/1.1" 200 OK
INFO:     127.0.0.1:65154 - "GET /api/events/stream?after=0 HTTP/1.1" 200 OK
INFO:     127.0.0.1:65156 - "GET /api/requests?limit=50 HTTP/1.1" 200 OK
Received notification from DBMS server: <GqlStatusObject gql_status='01N52', status_description='warn: property key does not exist. The property `display_name` does not exist. Verify that the spelling is correct.', position=<SummaryInputPosition line=1, column=60, offset=59>, raw_classification='UNRECOGNIZED', classification=<NotificationClassification.UNRECOGNIZED: 'UNRECOGNIZED'>, raw_severity='WARNING', severity=<NotificationSeverity.WARNING: 'WARNING'>, diagnostic_record={'_classification': 'UNRECOGNIZED', '_severity': 'WARNING', '_position': {'offset': 59, 'line': 1, 'column': 60}, 'OPERATION': '', 'OPERATION_CODE': '0', 'CURRENT_SCHEMA': '/'}> for query: 'MATCH (u:User {id:$user_id,tenant_id:$tenant_id}) RETURN u.display_name AS display_name'
Received notification from DBMS server: <GqlStatusObject gql_status='01N52', status_description='warn: property key does not exist. The property `display_name` does not exist. Verify that the spelling is correct.', position=<SummaryInputPosition line=1, column=60, offset=59>, raw_classification='UNRECOGNIZED', classification=<NotificationClassification.UNRECOGNIZED: 'UNRECOGNIZED'>, raw_severity='WARNING', severity=<NotificationSeverity.WARNING: 'WARNING'>, diagnostic_record={'_classification': 'UNRECOGNIZED', '_severity': 'WARNING', '_position': {'offset': 59, 'line': 1, 'column': 60}, 'OPERATION': '', 'OPERATION_CODE': '0', 'CURRENT_SCHEMA': '/'}> for query: 'MATCH (u:User {id:$user_id,tenant_id:$tenant_id}) RETURN u.display_name AS display_name'
INFO:     127.0.0.1:65168 - "GET /api/auth/me HTTP/1.1" 200 OK
INFO:     127.0.0.1:65167 - "GET /api/auth/me HTTP/1.1" 200 OK
INFO:     127.0.0.1:65171 - "POST /api/learning/candidates/cand_70d5ec80f6d5974b89af8797/decision HTTP/1.1" 422 Unprocessable Content
Received notification from DBMS server: <GqlStatusObject gql_status='01N52', status_description='warn: property key does not exist. The property `display_name` does not exist. Verify that the spelling is correct.', position=<SummaryInputPosition line=1, column=60, offset=59>, raw_classification='UNRECOGNIZED', classification=<NotificationClassification.UNRECOGNIZED: 'UNRECOGNIZED'>, raw_severity='WARNING', severity=<NotificationSeverity.WARNING: 'WARNING'>, diagnostic_record={'_classification': 'UNRECOGNIZED', '_severity': 'WARNING', '_position': {'offset': 59, 'line': 1, 'column': 60}, 'OPERATION': '', 'OPERATION_CODE': '0', 'CURRENT_SCHEMA': '/'}> for query: 'MATCH (u:User {id:$user_id,tenant_id:$tenant_id}) RETURN u.display_name AS display_name'
INFO:     127.0.0.1:65174 - "GET /api/auth/me HTTP/1.1" 200 OK
INFO:     127.0.0.1:65175 - "GET /api/requests?limit=50 HTTP/1.1" 200 OK
INFO:     127.0.0.1:65176 - "GET /api/events/snapshot?request_id=req_93da2161d61e454d8ff411f6c72e557d HTTP/1.1" 200 OK
Received notification from DBMS server: <GqlStatusObject gql_status='01G11', status_description='warn: null value eliminated in set function', position=None, raw_classification='UNRECOGNIZED', classification=<NotificationClassification.UNRECOGNIZED: 'UNRECOGNIZED'>, raw_severity='WARNING', severity=<NotificationSeverity.WARNING: 'WARNING'>, diagnostic_record={'_classification': 'UNRECOGNIZED', '_severity': 'WARNING', 'OPERATION': '', 'OPERATION_CODE': '0', 'CURRENT_SCHEMA': '/'}> for query: 'MATCH (r:Request {id:$id,tenant_id:$tenant_id}) OPTIONAL MATCH (r)-[:HAS_REVISION]->(i:InputRevision) OPTIONAL MATCH (i)-[:HAS_ATTACHMENT]->(a:Attachment) OPTIONAL MATCH (active:Run {id:r.active_run_id,tenant_id:$tenant_id}) RETURN r,collect(DISTINCT i) AS revisions,collect(DISTINCT a) AS attachments,active'
Received notification from DBMS server: <GqlStatusObject gql_status='01N52', status_description='warn: property key does not exist. The property `display_name` does not exist. Verify that the spelling is correct.', position=<SummaryInputPosition line=1, column=60, offset=59>, raw_classification='UNRECOGNIZED', classification=<NotificationClassification.UNRECOGNIZED: 'UNRECOGNIZED'>, raw_severity='WARNING', severity=<NotificationSeverity.WARNING: 'WARNING'>, diagnostic_record={'_classification': 'UNRECOGNIZED', '_severity': 'WARNING', '_position': {'offset': 59, 'line': 1, 'column': 60}, 'OPERATION': '', 'OPERATION_CODE': '0', 'CURRENT_SCHEMA': '/'}> for query: 'MATCH (u:User {id:$user_id,tenant_id:$tenant_id}) RETURN u.display_name AS display_name'
INFO:     127.0.0.1:65178 - "GET /api/requests/req_93da2161d61e454d8ff411f6c72e557d/judgment HTTP/1.1" 404 Not Found
INFO:     127.0.0.1:65179 - "GET /api/requests/req_93da2161d61e454d8ff411f6c72e557d/runs HTTP/1.1" 200 OK
Received notification from DBMS server: <GqlStatusObject gql_status='01N52', status_description='warn: property key does not exist. The property `display_name` does not exist. Verify that the spelling is correct.', position=<SummaryInputPosition line=1, column=60, offset=59>, raw_classification='UNRECOGNIZED', classification=<NotificationClassification.UNRECOGNIZED: 'UNRECOGNIZED'>, raw_severity='WARNING', severity=<NotificationSeverity.WARNING: 'WARNING'>, diagnostic_record={'_classification': 'UNRECOGNIZED', '_severity': 'WARNING', '_position': {'offset': 59, 'line': 1, 'column': 60}, 'OPERATION': '', 'OPERATION_CODE': '0', 'CURRENT_SCHEMA': '/'}> for query: 'MATCH (u:User {id:$user_id,tenant_id:$tenant_id}) RETURN u.display_name AS display_name'
INFO:     127.0.0.1:65177 - "GET /api/requests/req_93da2161d61e454d8ff411f6c72e557d HTTP/1.1" 200 OK
INFO:     127.0.0.1:65183 - "GET /api/auth/me HTTP/1.1" 200 OK
INFO:     127.0.0.1:65186 - "GET /api/auth/me HTTP/1.1" 200 OK
Received notification from DBMS server: <GqlStatusObject gql_status='01N52', status_description='warn: property key does not exist. The property `display_name` does not exist. Verify that the spelling is correct.', position=<SummaryInputPosition line=1, column=60, offset=59>, raw_classification='UNRECOGNIZED', classification=<NotificationClassification.UNRECOGNIZED: 'UNRECOGNIZED'>, raw_severity='WARNING', severity=<NotificationSeverity.WARNING: 'WARNING'>, diagnostic_record={'_classification': 'UNRECOGNIZED', '_severity': 'WARNING', '_position': {'offset': 59, 'line': 1, 'column': 60}, 'OPERATION': '', 'OPERATION_CODE': '0', 'CURRENT_SCHEMA': '/'}> for query: 'MATCH (u:User {id:$user_id,tenant_id:$tenant_id}) RETURN u.display_name AS display_name'
INFO:     127.0.0.1:65187 - "GET /api/requests?limit=50 HTTP/1.1" 200 OK
INFO:     127.0.0.1:65191 - "GET /api/auth/me HTTP/1.1" 200 OK
INFO:     127.0.0.1:65193 - "GET /api/events/stream?after=0 HTTP/1.1" 200 OK
INFO:     127.0.0.1:65190 - "GET /api/events/snapshot?request_id=req_93da2161d61e454d8ff411f6c72e557d HTTP/1.1" 200 OK
INFO:     127.0.0.1:65197 - "GET /api/requests?limit=50 HTTP/1.1" 200 OK
Received notification from DBMS server: <GqlStatusObject gql_status='01G11', status_description='warn: null value eliminated in set function', position=None, raw_classification='UNRECOGNIZED', classification=<NotificationClassification.UNRECOGNIZED: 'UNRECOGNIZED'>, raw_severity='WARNING', severity=<NotificationSeverity.WARNING: 'WARNING'>, diagnostic_record={'_classification': 'UNRECOGNIZED', '_severity': 'WARNING', 'OPERATION': '', 'OPERATION_CODE': '0', 'CURRENT_SCHEMA': '/'}> for query: 'MATCH (q:Request {tenant_id:$tenant,id:$request}) MATCH (r:Run {tenant_id:$tenant,request_id:$request}) WHERE r.id=coalesce($run,q.active_run_id) OPTIONAL MATCH (r)-[:HAS_STEP]->(s:RunStep {tenant_id:$tenant}) RETURN q.status AS request_status,q.first_received_at AS received, r AS run,collect(s) AS steps'
INFO:     127.0.0.1:65195 - "GET /api/requests/req_93da2161d61e454d8ff411f6c72e557d/progress HTTP/1.1" 200 OK
INFO:     127.0.0.1:65200 - "GET /api/events/stream?after=106 HTTP/1.1" 200 OK
Received notification from DBMS server: <GqlStatusObject gql_status='01G11', status_description='warn: null value eliminated in set function', position=None, raw_classification='UNRECOGNIZED', classification=<NotificationClassification.UNRECOGNIZED: 'UNRECOGNIZED'>, raw_severity='WARNING', severity=<NotificationSeverity.WARNING: 'WARNING'>, diagnostic_record={'_classification': 'UNRECOGNIZED', '_severity': 'WARNING', 'OPERATION': '', 'OPERATION_CODE': '0', 'CURRENT_SCHEMA': '/'}> for query: 'MATCH (r:Request {id:$id,tenant_id:$tenant_id}) OPTIONAL MATCH (r)-[:HAS_REVISION]->(i:InputRevision) OPTIONAL MATCH (i)-[:HAS_ATTACHMENT]->(a:Attachment) OPTIONAL MATCH (active:Run {id:r.active_run_id,tenant_id:$tenant_id}) RETURN r,collect(DISTINCT i) AS revisions,collect(DISTINCT a) AS attachments,active'
INFO:     127.0.0.1:65204 - "GET /api/requests/audit_map_req HTTP/1.1" 200 OK
INFO:     127.0.0.1:65206 - "GET /api/requests?limit=50 HTTP/1.1" 200 OK
Redis subscriber disconnected for tenant t-audit-e2e-1005
Traceback (most recent call last):
  File "/Users/psw/Projects/decision-chat-bot/backend/.venv/lib/python3.14/site-packages/redis/asyncio/connection.py", line 591, in read_response
    response = await self._parser.read_response(
               ^^^^^^^^^^^^^^^^^^^^^^^^^^^^^^^^^
        disable_decoding=disable_decoding
        ^^^^^^^^^^^^^^^^^^^^^^^^^^^^^^^^^
    )
    ^
  File "/Users/psw/Projects/decision-chat-bot/backend/.venv/lib/python3.14/site-packages/redis/_parsers/resp2.py", line 82, in read_response
    response = await self._read_response(disable_decoding=disable_decoding)
               ^^^^^^^^^^^^^^^^^^^^^^^^^^^^^^^^^^^^^^^^^^^^^^^^^^^^^^^^^^^^
  File "/Users/psw/Projects/decision-chat-bot/backend/.venv/lib/python3.14/site-packages/redis/_parsers/resp2.py", line 90, in _read_response
    raw = await self._readline()
          ^^^^^^^^^^^^^^^^^^^^^^
  File "/Users/psw/Projects/decision-chat-bot/backend/.venv/lib/python3.14/site-packages/redis/_parsers/base.py", line 283, in _readline
    data = await self._stream.readline()
           ^^^^^^^^^^^^^^^^^^^^^^^^^^^^^
  File "/Library/Frameworks/Python.framework/Versions/3.14/lib/python3.14/asyncio/streams.py", line 562, in readline
    line = await self.readuntil(sep)
           ^^^^^^^^^^^^^^^^^^^^^^^^^
  File "/Library/Frameworks/Python.framework/Versions/3.14/lib/python3.14/asyncio/streams.py", line 677, in readuntil
    await self._wait_for_data('readuntil')
  File "/Library/Frameworks/Python.framework/Versions/3.14/lib/python3.14/asyncio/streams.py", line 539, in _wait_for_data
    await self._waiter
asyncio.exceptions.CancelledError

The above exception was the direct cause of the following exception:

Traceback (most recent call last):
  File "/Users/psw/Projects/decision-chat-bot/backend/.venv/lib/python3.14/site-packages/redis/asyncio/connection.py", line 590, in read_response
    async with async_timeout(read_timeout):
               ~~~~~~~~~~~~~^^^^^^^^^^^^^^
  File "/Library/Frameworks/Python.framework/Versions/3.14/lib/python3.14/asyncio/timeouts.py", line 115, in __aexit__
    raise TimeoutError from exc_val
TimeoutError

During handling of the above exception, another exception occurred:

Traceback (most recent call last):
  File "/Users/psw/Projects/decision-chat-bot/backend/jevtriage/realtime/subscriber.py", line 34, in _listen
    async for message in pubsub.listen():
        if message["type"] == "message":
            self._wake.set()
  File "/Users/psw/Projects/decision-chat-bot/backend/.venv/lib/python3.14/site-packages/redis/asyncio/client.py", line 1097, in listen
    response = await self.handle_message(await self.parse_response(block=True))
                                         ^^^^^^^^^^^^^^^^^^^^^^^^^^^^^^^^^^^^^
  File "/Users/psw/Projects/decision-chat-bot/backend/.venv/lib/python3.14/site-packages/redis/asyncio/client.py", line 984, in parse_response
    response = await self._execute(
               ^^^^^^^^^^^^^^^^^^^^
    ...<5 lines>...
    )
    ^
  File "/Users/psw/Projects/decision-chat-bot/backend/.venv/lib/python3.14/site-packages/redis/asyncio/client.py", line 964, in _execute
    return await conn.retry.call_with_retry(
           ^^^^^^^^^^^^^^^^^^^^^^^^^^^^^^^^^
    ...<2 lines>...
    )
    ^
  File "/Users/psw/Projects/decision-chat-bot/backend/.venv/lib/python3.14/site-packages/redis/asyncio/retry.py", line 55, in call_with_retry
    raise error
  File "/Users/psw/Projects/decision-chat-bot/backend/.venv/lib/python3.14/site-packages/redis/asyncio/retry.py", line 50, in call_with_retry
    return await do()
           ^^^^^^^^^^
  File "/Users/psw/Projects/decision-chat-bot/backend/.venv/lib/python3.14/site-packages/redis/asyncio/connection.py", line 609, in read_response
    raise TimeoutError(f"Timeout reading from {host_error}")
redis.exceptions.TimeoutError: Timeout reading from 127.0.0.1:16391
INFO:     127.0.0.1:65217 - "POST /api/auth/login HTTP/1.1" 200 OK
Received notification from DBMS server: <GqlStatusObject gql_status='01N52', status_description='warn: property key does not exist. The property `display_name` does not exist. Verify that the spelling is correct.', position=<SummaryInputPosition line=1, column=60, offset=59>, raw_classification='UNRECOGNIZED', classification=<NotificationClassification.UNRECOGNIZED: 'UNRECOGNIZED'>, raw_severity='WARNING', severity=<NotificationSeverity.WARNING: 'WARNING'>, diagnostic_record={'_classification': 'UNRECOGNIZED', '_severity': 'WARNING', '_position': {'offset': 59, 'line': 1, 'column': 60}, 'OPERATION': '', 'OPERATION_CODE': '0', 'CURRENT_SCHEMA': '/'}> for query: 'MATCH (u:User {id:$user_id,tenant_id:$tenant_id}) RETURN u.display_name AS display_name'
Received notification from DBMS server: <GqlStatusObject gql_status='01N52', status_description='warn: property key does not exist. The property `display_name` does not exist. Verify that the spelling is correct.', position=<SummaryInputPosition line=1, column=60, offset=59>, raw_classification='UNRECOGNIZED', classification=<NotificationClassification.UNRECOGNIZED: 'UNRECOGNIZED'>, raw_severity='WARNING', severity=<NotificationSeverity.WARNING: 'WARNING'>, diagnostic_record={'_classification': 'UNRECOGNIZED', '_severity': 'WARNING', '_position': {'offset': 59, 'line': 1, 'column': 60}, 'OPERATION': '', 'OPERATION_CODE': '0', 'CURRENT_SCHEMA': '/'}> for query: 'MATCH (u:User {id:$user_id,tenant_id:$tenant_id}) RETURN u.display_name AS display_name'
INFO:     127.0.0.1:65226 - "GET /api/auth/me HTTP/1.1" 200 OK
INFO:     127.0.0.1:65225 - "GET /api/auth/me HTTP/1.1" 200 OK
Received notification from DBMS server: <GqlStatusObject gql_status='01N52', status_description='warn: property key does not exist. The property `display_name` does not exist. Verify that the spelling is correct.', position=<SummaryInputPosition line=1, column=60, offset=59>, raw_classification='UNRECOGNIZED', classification=<NotificationClassification.UNRECOGNIZED: 'UNRECOGNIZED'>, raw_severity='WARNING', severity=<NotificationSeverity.WARNING: 'WARNING'>, diagnostic_record={'_classification': 'UNRECOGNIZED', '_severity': 'WARNING', '_position': {'offset': 59, 'line': 1, 'column': 60}, 'OPERATION': '', 'OPERATION_CODE': '0', 'CURRENT_SCHEMA': '/'}> for query: 'MATCH (u:User {id:$user_id,tenant_id:$tenant_id}) RETURN u.display_name AS display_name'
Received notification from DBMS server: <GqlStatusObject gql_status='01N52', status_description='warn: property key does not exist. The property `display_name` does not exist. Verify that the spelling is correct.', position=<SummaryInputPosition line=1, column=60, offset=59>, raw_classification='UNRECOGNIZED', classification=<NotificationClassification.UNRECOGNIZED: 'UNRECOGNIZED'>, raw_severity='WARNING', severity=<NotificationSeverity.WARNING: 'WARNING'>, diagnostic_record={'_classification': 'UNRECOGNIZED', '_severity': 'WARNING', '_position': {'offset': 59, 'line': 1, 'column': 60}, 'OPERATION': '', 'OPERATION_CODE': '0', 'CURRENT_SCHEMA': '/'}> for query: 'MATCH (u:User {id:$user_id,tenant_id:$tenant_id}) RETURN u.display_name AS display_name'
Received notification from DBMS server: <GqlStatusObject gql_status='01N52', status_description='warn: property key does not exist. The property `display_name` does not exist. Verify that the spelling is correct.', position=<SummaryInputPosition line=1, column=60, offset=59>, raw_classification='UNRECOGNIZED', classification=<NotificationClassification.UNRECOGNIZED: 'UNRECOGNIZED'>, raw_severity='WARNING', severity=<NotificationSeverity.WARNING: 'WARNING'>, diagnostic_record={'_classification': 'UNRECOGNIZED', '_severity': 'WARNING', '_position': {'offset': 59, 'line': 1, 'column': 60}, 'OPERATION': '', 'OPERATION_CODE': '0', 'CURRENT_SCHEMA': '/'}> for query: 'MATCH (u:User {id:$user_id,tenant_id:$tenant_id}) RETURN u.display_name AS display_name'
INFO:     127.0.0.1:65229 - "GET /api/auth/me HTTP/1.1" 200 OK
INFO:     127.0.0.1:65231 - "GET /api/auth/me HTTP/1.1" 200 OK
INFO:     127.0.0.1:65230 - "GET /api/requests?limit=50 HTTP/1.1" 200 OK
INFO:     127.0.0.1:65232 - "GET /api/auth/me HTTP/1.1" 200 OK
INFO:     127.0.0.1:65233 - "GET /api/requests?limit=50 HTTP/1.1" 200 OK
Received notification from DBMS server: <GqlStatusObject gql_status='01N52', status_description='warn: property key does not exist. The property `display_name` does not exist. Verify that the spelling is correct.', position=<SummaryInputPosition line=1, column=60, offset=59>, raw_classification='UNRECOGNIZED', classification=<NotificationClassification.UNRECOGNIZED: 'UNRECOGNIZED'>, raw_severity='WARNING', severity=<NotificationSeverity.WARNING: 'WARNING'>, diagnostic_record={'_classification': 'UNRECOGNIZED', '_severity': 'WARNING', '_position': {'offset': 59, 'line': 1, 'column': 60}, 'OPERATION': '', 'OPERATION_CODE': '0', 'CURRENT_SCHEMA': '/'}> for query: 'MATCH (u:User {id:$user_id,tenant_id:$tenant_id}) RETURN u.display_name AS display_name'
INFO:     127.0.0.1:65234 - "GET /api/auth/me HTTP/1.1" 200 OK
INFO:     127.0.0.1:65237 - "GET /api/events/stream?after=0 HTTP/1.1" 200 OK
INFO:     127.0.0.1:65240 - "GET /api/requests?limit=50 HTTP/1.1" 200 OK
Received notification from DBMS server: <GqlStatusObject gql_status='01N52', status_description='warn: property key does not exist. The property `display_name` does not exist. Verify that the spelling is correct.', position=<SummaryInputPosition line=1, column=60, offset=59>, raw_classification='UNRECOGNIZED', classification=<NotificationClassification.UNRECOGNIZED: 'UNRECOGNIZED'>, raw_severity='WARNING', severity=<NotificationSeverity.WARNING: 'WARNING'>, diagnostic_record={'_classification': 'UNRECOGNIZED', '_severity': 'WARNING', '_position': {'offset': 59, 'line': 1, 'column': 60}, 'OPERATION': '', 'OPERATION_CODE': '0', 'CURRENT_SCHEMA': '/'}> for query: 'MATCH (u:User {id:$user_id,tenant_id:$tenant_id}) RETURN u.display_name AS display_name'
Received notification from DBMS server: <GqlStatusObject gql_status='01N52', status_description='warn: property key does not exist. The property `display_name` does not exist. Verify that the spelling is correct.', position=<SummaryInputPosition line=1, column=60, offset=59>, raw_classification='UNRECOGNIZED', classification=<NotificationClassification.UNRECOGNIZED: 'UNRECOGNIZED'>, raw_severity='WARNING', severity=<NotificationSeverity.WARNING: 'WARNING'>, diagnostic_record={'_classification': 'UNRECOGNIZED', '_severity': 'WARNING', '_position': {'offset': 59, 'line': 1, 'column': 60}, 'OPERATION': '', 'OPERATION_CODE': '0', 'CURRENT_SCHEMA': '/'}> for query: 'MATCH (u:User {id:$user_id,tenant_id:$tenant_id}) RETURN u.display_name AS display_name'
INFO:     127.0.0.1:65250 - "GET /api/auth/me HTTP/1.1" 200 OK
INFO:     127.0.0.1:65251 - "GET /api/auth/me HTTP/1.1" 200 OK
Received notification from DBMS server: <GqlStatusObject gql_status='01N52', status_description='warn: property key does not exist. The property `display_name` does not exist. Verify that the spelling is correct.', position=<SummaryInputPosition line=1, column=60, offset=59>, raw_classification='UNRECOGNIZED', classification=<NotificationClassification.UNRECOGNIZED: 'UNRECOGNIZED'>, raw_severity='WARNING', severity=<NotificationSeverity.WARNING: 'WARNING'>, diagnostic_record={'_classification': 'UNRECOGNIZED', '_severity': 'WARNING', '_position': {'offset': 59, 'line': 1, 'column': 60}, 'OPERATION': '', 'OPERATION_CODE': '0', 'CURRENT_SCHEMA': '/'}> for query: 'MATCH (u:User {id:$user_id,tenant_id:$tenant_id}) RETURN u.display_name AS display_name'
INFO:     127.0.0.1:65254 - "GET /api/auth/me HTTP/1.1" 200 OK
Received notification from DBMS server: <GqlStatusObject gql_status='01G11', status_description='warn: null value eliminated in set function', position=None, raw_classification='UNRECOGNIZED', classification=<NotificationClassification.UNRECOGNIZED: 'UNRECOGNIZED'>, raw_severity='WARNING', severity=<NotificationSeverity.WARNING: 'WARNING'>, diagnostic_record={'_classification': 'UNRECOGNIZED', '_severity': 'WARNING', 'OPERATION': '', 'OPERATION_CODE': '0', 'CURRENT_SCHEMA': '/'}> for query: 'MATCH (r:Request {id:$id,tenant_id:$tenant_id}) OPTIONAL MATCH (r)-[:HAS_REVISION]->(i:InputRevision) OPTIONAL MATCH (i)-[:HAS_ATTACHMENT]->(a:Attachment) OPTIONAL MATCH (active:Run {id:r.active_run_id,tenant_id:$tenant_id}) RETURN r,collect(DISTINCT i) AS revisions,collect(DISTINCT a) AS attachments,active'
INFO:     127.0.0.1:65256 - "GET /api/events/snapshot?request_id=req_93da2161d61e454d8ff411f6c72e557d HTTP/1.1" 200 OK
INFO:     127.0.0.1:65255 - "GET /api/requests?limit=50 HTTP/1.1" 200 OK
INFO:     127.0.0.1:65257 - "GET /api/requests/req_93da2161d61e454d8ff411f6c72e557d HTTP/1.1" 200 OK
INFO:     127.0.0.1:65258 - "GET /api/requests/req_93da2161d61e454d8ff411f6c72e557d/judgment HTTP/1.1" 404 Not Found
Received notification from DBMS server: <GqlStatusObject gql_status='01N52', status_description='warn: property key does not exist. The property `display_name` does not exist. Verify that the spelling is correct.', position=<SummaryInputPosition line=1, column=60, offset=59>, raw_classification='UNRECOGNIZED', classification=<NotificationClassification.UNRECOGNIZED: 'UNRECOGNIZED'>, raw_severity='WARNING', severity=<NotificationSeverity.WARNING: 'WARNING'>, diagnostic_record={'_classification': 'UNRECOGNIZED', '_severity': 'WARNING', '_position': {'offset': 59, 'line': 1, 'column': 60}, 'OPERATION': '', 'OPERATION_CODE': '0', 'CURRENT_SCHEMA': '/'}> for query: 'MATCH (u:User {id:$user_id,tenant_id:$tenant_id}) RETURN u.display_name AS display_name'
Received notification from DBMS server: <GqlStatusObject gql_status='01N52', status_description='warn: property key does not exist. The property `display_name` does not exist. Verify that the spelling is correct.', position=<SummaryInputPosition line=1, column=60, offset=59>, raw_classification='UNRECOGNIZED', classification=<NotificationClassification.UNRECOGNIZED: 'UNRECOGNIZED'>, raw_severity='WARNING', severity=<NotificationSeverity.WARNING: 'WARNING'>, diagnostic_record={'_classification': 'UNRECOGNIZED', '_severity': 'WARNING', '_position': {'offset': 59, 'line': 1, 'column': 60}, 'OPERATION': '', 'OPERATION_CODE': '0', 'CURRENT_SCHEMA': '/'}> for query: 'MATCH (u:User {id:$user_id,tenant_id:$tenant_id}) RETURN u.display_name AS display_name'
INFO:     127.0.0.1:65262 - "GET /api/auth/me HTTP/1.1" 200 OK
INFO:     127.0.0.1:65259 - "GET /api/requests/req_93da2161d61e454d8ff411f6c72e557d/runs HTTP/1.1" 200 OK
INFO:     127.0.0.1:65267 - "GET /api/auth/me HTTP/1.1" 200 OK
Received notification from DBMS server: <GqlStatusObject gql_status='01N52', status_description='warn: property key does not exist. The property `display_name` does not exist. Verify that the spelling is correct.', position=<SummaryInputPosition line=1, column=60, offset=59>, raw_classification='UNRECOGNIZED', classification=<NotificationClassification.UNRECOGNIZED: 'UNRECOGNIZED'>, raw_severity='WARNING', severity=<NotificationSeverity.WARNING: 'WARNING'>, diagnostic_record={'_classification': 'UNRECOGNIZED', '_severity': 'WARNING', '_position': {'offset': 59, 'line': 1, 'column': 60}, 'OPERATION': '', 'OPERATION_CODE': '0', 'CURRENT_SCHEMA': '/'}> for query: 'MATCH (u:User {id:$user_id,tenant_id:$tenant_id}) RETURN u.display_name AS display_name'
INFO:     127.0.0.1:65270 - "GET /api/auth/me HTTP/1.1" 200 OK
INFO:     127.0.0.1:65268 - "GET /api/requests?limit=50 HTTP/1.1" 200 OK
INFO:     127.0.0.1:65269 - "GET /api/events/snapshot?request_id=req_93da2161d61e454d8ff411f6c72e557d HTTP/1.1" 200 OK
INFO:     127.0.0.1:65272 - "GET /api/events/stream?after=0 HTTP/1.1" 200 OK
Received notification from DBMS server: <GqlStatusObject gql_status='01G11', status_description='warn: null value eliminated in set function', position=None, raw_classification='UNRECOGNIZED', classification=<NotificationClassification.UNRECOGNIZED: 'UNRECOGNIZED'>, raw_severity='WARNING', severity=<NotificationSeverity.WARNING: 'WARNING'>, diagnostic_record={'_classification': 'UNRECOGNIZED', '_severity': 'WARNING', 'OPERATION': '', 'OPERATION_CODE': '0', 'CURRENT_SCHEMA': '/'}> for query: 'MATCH (q:Request {tenant_id:$tenant,id:$request}) MATCH (r:Run {tenant_id:$tenant,request_id:$request}) WHERE r.id=coalesce($run,q.active_run_id) OPTIONAL MATCH (r)-[:HAS_STEP]->(s:RunStep {tenant_id:$tenant}) RETURN q.status AS request_status,q.first_received_at AS received, r AS run,collect(s) AS steps'
INFO:     127.0.0.1:65274 - "GET /api/requests/req_93da2161d61e454d8ff411f6c72e557d/progress HTTP/1.1" 200 OK
INFO:     127.0.0.1:65279 - "GET /api/events/stream?after=106 HTTP/1.1" 200 OK
INFO:     127.0.0.1:65276 - "GET /api/requests?limit=50 HTTP/1.1" 200 OK
Received notification from DBMS server: <GqlStatusObject gql_status='01G11', status_description='warn: null value eliminated in set function', position=None, raw_classification='UNRECOGNIZED', classification=<NotificationClassification.UNRECOGNIZED: 'UNRECOGNIZED'>, raw_severity='WARNING', severity=<NotificationSeverity.WARNING: 'WARNING'>, diagnostic_record={'_classification': 'UNRECOGNIZED', '_severity': 'WARNING', 'OPERATION': '', 'OPERATION_CODE': '0', 'CURRENT_SCHEMA': '/'}> for query: 'MATCH (r:Request {id:$id,tenant_id:$tenant_id}) OPTIONAL MATCH (r)-[:HAS_REVISION]->(i:InputRevision) OPTIONAL MATCH (i)-[:HAS_ATTACHMENT]->(a:Attachment) OPTIONAL MATCH (active:Run {id:r.active_run_id,tenant_id:$tenant_id}) RETURN r,collect(DISTINCT i) AS revisions,collect(DISTINCT a) AS attachments,active'
INFO:     127.0.0.1:65286 - "GET /api/requests/audit_map_req HTTP/1.1" 200 OK
INFO:     127.0.0.1:65287 - "GET /api/requests?limit=50 HTTP/1.1" 200 OK
Redis subscriber disconnected for tenant t-audit-e2e-1005
Traceback (most recent call last):
  File "/Users/psw/Projects/decision-chat-bot/backend/.venv/lib/python3.14/site-packages/redis/asyncio/connection.py", line 591, in read_response
    response = await self._parser.read_response(
               ^^^^^^^^^^^^^^^^^^^^^^^^^^^^^^^^^
        disable_decoding=disable_decoding
        ^^^^^^^^^^^^^^^^^^^^^^^^^^^^^^^^^
    )
    ^
  File "/Users/psw/Projects/decision-chat-bot/backend/.venv/lib/python3.14/site-packages/redis/_parsers/resp2.py", line 82, in read_response
    response = await self._read_response(disable_decoding=disable_decoding)
               ^^^^^^^^^^^^^^^^^^^^^^^^^^^^^^^^^^^^^^^^^^^^^^^^^^^^^^^^^^^^
  File "/Users/psw/Projects/decision-chat-bot/backend/.venv/lib/python3.14/site-packages/redis/_parsers/resp2.py", line 90, in _read_response
    raw = await self._readline()
          ^^^^^^^^^^^^^^^^^^^^^^
  File "/Users/psw/Projects/decision-chat-bot/backend/.venv/lib/python3.14/site-packages/redis/_parsers/base.py", line 283, in _readline
    data = await self._stream.readline()
           ^^^^^^^^^^^^^^^^^^^^^^^^^^^^^
  File "/Library/Frameworks/Python.framework/Versions/3.14/lib/python3.14/asyncio/streams.py", line 562, in readline
    line = await self.readuntil(sep)
           ^^^^^^^^^^^^^^^^^^^^^^^^^
  File "/Library/Frameworks/Python.framework/Versions/3.14/lib/python3.14/asyncio/streams.py", line 677, in readuntil
    await self._wait_for_data('readuntil')
  File "/Library/Frameworks/Python.framework/Versions/3.14/lib/python3.14/asyncio/streams.py", line 539, in _wait_for_data
    await self._waiter
asyncio.exceptions.CancelledError

The above exception was the direct cause of the following exception:

Traceback (most recent call last):
  File "/Users/psw/Projects/decision-chat-bot/backend/.venv/lib/python3.14/site-packages/redis/asyncio/connection.py", line 590, in read_response
    async with async_timeout(read_timeout):
               ~~~~~~~~~~~~~^^^^^^^^^^^^^^
  File "/Library/Frameworks/Python.framework/Versions/3.14/lib/python3.14/asyncio/timeouts.py", line 115, in __aexit__
    raise TimeoutError from exc_val
TimeoutError

During handling of the above exception, another exception occurred:

Traceback (most recent call last):
  File "/Users/psw/Projects/decision-chat-bot/backend/jevtriage/realtime/subscriber.py", line 34, in _listen
    async for message in pubsub.listen():
        if message["type"] == "message":
            self._wake.set()
  File "/Users/psw/Projects/decision-chat-bot/backend/.venv/lib/python3.14/site-packages/redis/asyncio/client.py", line 1097, in listen
    response = await self.handle_message(await self.parse_response(block=True))
                                         ^^^^^^^^^^^^^^^^^^^^^^^^^^^^^^^^^^^^^
  File "/Users/psw/Projects/decision-chat-bot/backend/.venv/lib/python3.14/site-packages/redis/asyncio/client.py", line 984, in parse_response
    response = await self._execute(
               ^^^^^^^^^^^^^^^^^^^^
    ...<5 lines>...
    )
    ^
  File "/Users/psw/Projects/decision-chat-bot/backend/.venv/lib/python3.14/site-packages/redis/asyncio/client.py", line 964, in _execute
    return await conn.retry.call_with_retry(
           ^^^^^^^^^^^^^^^^^^^^^^^^^^^^^^^^^
    ...<2 lines>...
    )
    ^
  File "/Users/psw/Projects/decision-chat-bot/backend/.venv/lib/python3.14/site-packages/redis/asyncio/retry.py", line 55, in call_with_retry
    raise error
  File "/Users/psw/Projects/decision-chat-bot/backend/.venv/lib/python3.14/site-packages/redis/asyncio/retry.py", line 50, in call_with_retry
    return await do()
           ^^^^^^^^^^
  File "/Users/psw/Projects/decision-chat-bot/backend/.venv/lib/python3.14/site-packages/redis/asyncio/connection.py", line 609, in read_response
    raise TimeoutError(f"Timeout reading from {host_error}")
redis.exceptions.TimeoutError: Timeout reading from 127.0.0.1:16391
INFO:     127.0.0.1:65298 - "POST /api/auth/login HTTP/1.1" 200 OK
Received notification from DBMS server: <GqlStatusObject gql_status='01N52', status_description='warn: property key does not exist. The property `display_name` does not exist. Verify that the spelling is correct.', position=<SummaryInputPosition line=1, column=60, offset=59>, raw_classification='UNRECOGNIZED', classification=<NotificationClassification.UNRECOGNIZED: 'UNRECOGNIZED'>, raw_severity='WARNING', severity=<NotificationSeverity.WARNING: 'WARNING'>, diagnostic_record={'_classification': 'UNRECOGNIZED', '_severity': 'WARNING', '_position': {'offset': 59, 'line': 1, 'column': 60}, 'OPERATION': '', 'OPERATION_CODE': '0', 'CURRENT_SCHEMA': '/'}> for query: 'MATCH (u:User {id:$user_id,tenant_id:$tenant_id}) RETURN u.display_name AS display_name'
Received notification from DBMS server: <GqlStatusObject gql_status='01N52', status_description='warn: property key does not exist. The property `display_name` does not exist. Verify that the spelling is correct.', position=<SummaryInputPosition line=1, column=60, offset=59>, raw_classification='UNRECOGNIZED', classification=<NotificationClassification.UNRECOGNIZED: 'UNRECOGNIZED'>, raw_severity='WARNING', severity=<NotificationSeverity.WARNING: 'WARNING'>, diagnostic_record={'_classification': 'UNRECOGNIZED', '_severity': 'WARNING', '_position': {'offset': 59, 'line': 1, 'column': 60}, 'OPERATION': '', 'OPERATION_CODE': '0', 'CURRENT_SCHEMA': '/'}> for query: 'MATCH (u:User {id:$user_id,tenant_id:$tenant_id}) RETURN u.display_name AS display_name'
INFO:     127.0.0.1:65307 - "GET /api/auth/me HTTP/1.1" 200 OK
INFO:     127.0.0.1:65306 - "GET /api/auth/me HTTP/1.1" 200 OK
Received notification from DBMS server: <GqlStatusObject gql_status='01N52', status_description='warn: property key does not exist. The property `display_name` does not exist. Verify that the spelling is correct.', position=<SummaryInputPosition line=1, column=60, offset=59>, raw_classification='UNRECOGNIZED', classification=<NotificationClassification.UNRECOGNIZED: 'UNRECOGNIZED'>, raw_severity='WARNING', severity=<NotificationSeverity.WARNING: 'WARNING'>, diagnostic_record={'_classification': 'UNRECOGNIZED', '_severity': 'WARNING', '_position': {'offset': 59, 'line': 1, 'column': 60}, 'OPERATION': '', 'OPERATION_CODE': '0', 'CURRENT_SCHEMA': '/'}> for query: 'MATCH (u:User {id:$user_id,tenant_id:$tenant_id}) RETURN u.display_name AS display_name'
Received notification from DBMS server: <GqlStatusObject gql_status='01N52', status_description='warn: property key does not exist. The property `display_name` does not exist. Verify that the spelling is correct.', position=<SummaryInputPosition line=1, column=60, offset=59>, raw_classification='UNRECOGNIZED', classification=<NotificationClassification.UNRECOGNIZED: 'UNRECOGNIZED'>, raw_severity='WARNING', severity=<NotificationSeverity.WARNING: 'WARNING'>, diagnostic_record={'_classification': 'UNRECOGNIZED', '_severity': 'WARNING', '_position': {'offset': 59, 'line': 1, 'column': 60}, 'OPERATION': '', 'OPERATION_CODE': '0', 'CURRENT_SCHEMA': '/'}> for query: 'MATCH (u:User {id:$user_id,tenant_id:$tenant_id}) RETURN u.display_name AS display_name'
Received notification from DBMS server: <GqlStatusObject gql_status='01N52', status_description='warn: property key does not exist. The property `display_name` does not exist. Verify that the spelling is correct.', position=<SummaryInputPosition line=1, column=60, offset=59>, raw_classification='UNRECOGNIZED', classification=<NotificationClassification.UNRECOGNIZED: 'UNRECOGNIZED'>, raw_severity='WARNING', severity=<NotificationSeverity.WARNING: 'WARNING'>, diagnostic_record={'_classification': 'UNRECOGNIZED', '_severity': 'WARNING', '_position': {'offset': 59, 'line': 1, 'column': 60}, 'OPERATION': '', 'OPERATION_CODE': '0', 'CURRENT_SCHEMA': '/'}> for query: 'MATCH (u:User {id:$user_id,tenant_id:$tenant_id}) RETURN u.display_name AS display_name'
Received notification from DBMS server: <GqlStatusObject gql_status='01N52', status_description='warn: property key does not exist. The property `display_name` does not exist. Verify that the spelling is correct.', position=<SummaryInputPosition line=1, column=60, offset=59>, raw_classification='UNRECOGNIZED', classification=<NotificationClassification.UNRECOGNIZED: 'UNRECOGNIZED'>, raw_severity='WARNING', severity=<NotificationSeverity.WARNING: 'WARNING'>, diagnostic_record={'_classification': 'UNRECOGNIZED', '_severity': 'WARNING', '_position': {'offset': 59, 'line': 1, 'column': 60}, 'OPERATION': '', 'OPERATION_CODE': '0', 'CURRENT_SCHEMA': '/'}> for query: 'MATCH (u:User {id:$user_id,tenant_id:$tenant_id}) RETURN u.display_name AS display_name'
INFO:     127.0.0.1:65312 - "GET /api/auth/me HTTP/1.1" 200 OK
INFO:     127.0.0.1:65311 - "GET /api/requests?limit=50 HTTP/1.1" 200 OK
INFO:     127.0.0.1:65310 - "GET /api/auth/me HTTP/1.1" 200 OK
INFO:     127.0.0.1:65315 - "GET /api/auth/me HTTP/1.1" 200 OK
INFO:     127.0.0.1:65313 - "GET /api/auth/me HTTP/1.1" 200 OK
INFO:     127.0.0.1:65314 - "GET /api/requests?limit=50 HTTP/1.1" 200 OK
INFO:     127.0.0.1:65319 - "GET /api/events/stream?after=0 HTTP/1.1" 200 OK
INFO:     127.0.0.1:65318 - "GET /api/requests?limit=50 HTTP/1.1" 200 OK
Received notification from DBMS server: <GqlStatusObject gql_status='01N52', status_description='warn: property key does not exist. The property `display_name` does not exist. Verify that the spelling is correct.', position=<SummaryInputPosition line=1, column=60, offset=59>, raw_classification='UNRECOGNIZED', classification=<NotificationClassification.UNRECOGNIZED: 'UNRECOGNIZED'>, raw_severity='WARNING', severity=<NotificationSeverity.WARNING: 'WARNING'>, diagnostic_record={'_classification': 'UNRECOGNIZED', '_severity': 'WARNING', '_position': {'offset': 59, 'line': 1, 'column': 60}, 'OPERATION': '', 'OPERATION_CODE': '0', 'CURRENT_SCHEMA': '/'}> for query: 'MATCH (u:User {id:$user_id,tenant_id:$tenant_id}) RETURN u.display_name AS display_name'
Received notification from DBMS server: <GqlStatusObject gql_status='01N52', status_description='warn: property key does not exist. The property `display_name` does not exist. Verify that the spelling is correct.', position=<SummaryInputPosition line=1, column=60, offset=59>, raw_classification='UNRECOGNIZED', classification=<NotificationClassification.UNRECOGNIZED: 'UNRECOGNIZED'>, raw_severity='WARNING', severity=<NotificationSeverity.WARNING: 'WARNING'>, diagnostic_record={'_classification': 'UNRECOGNIZED', '_severity': 'WARNING', '_position': {'offset': 59, 'line': 1, 'column': 60}, 'OPERATION': '', 'OPERATION_CODE': '0', 'CURRENT_SCHEMA': '/'}> for query: 'MATCH (u:User {id:$user_id,tenant_id:$tenant_id}) RETURN u.display_name AS display_name'
INFO:     127.0.0.1:65330 - "GET /api/auth/me HTTP/1.1" 200 OK
INFO:     127.0.0.1:65329 - "GET /api/auth/me HTTP/1.1" 200 OK
Received notification from DBMS server: <GqlStatusObject gql_status='01N52', status_description='warn: property key does not exist. The property `display_name` does not exist. Verify that the spelling is correct.', position=<SummaryInputPosition line=1, column=60, offset=59>, raw_classification='UNRECOGNIZED', classification=<NotificationClassification.UNRECOGNIZED: 'UNRECOGNIZED'>, raw_severity='WARNING', severity=<NotificationSeverity.WARNING: 'WARNING'>, diagnostic_record={'_classification': 'UNRECOGNIZED', '_severity': 'WARNING', '_position': {'offset': 59, 'line': 1, 'column': 60}, 'OPERATION': '', 'OPERATION_CODE': '0', 'CURRENT_SCHEMA': '/'}> for query: 'MATCH (u:User {id:$user_id,tenant_id:$tenant_id}) RETURN u.display_name AS display_name'
INFO:     127.0.0.1:65333 - "GET /api/auth/me HTTP/1.1" 200 OK
Received notification from DBMS server: <GqlStatusObject gql_status='01G11', status_description='warn: null value eliminated in set function', position=None, raw_classification='UNRECOGNIZED', classification=<NotificationClassification.UNRECOGNIZED: 'UNRECOGNIZED'>, raw_severity='WARNING', severity=<NotificationSeverity.WARNING: 'WARNING'>, diagnostic_record={'_classification': 'UNRECOGNIZED', '_severity': 'WARNING', 'OPERATION': '', 'OPERATION_CODE': '0', 'CURRENT_SCHEMA': '/'}> for query: 'MATCH (r:Request {id:$id,tenant_id:$tenant_id}) OPTIONAL MATCH (r)-[:HAS_REVISION]->(i:InputRevision) OPTIONAL MATCH (i)-[:HAS_ATTACHMENT]->(a:Attachment) OPTIONAL MATCH (active:Run {id:r.active_run_id,tenant_id:$tenant_id}) RETURN r,collect(DISTINCT i) AS revisions,collect(DISTINCT a) AS attachments,active'
INFO:     127.0.0.1:65335 - "GET /api/events/snapshot?request_id=req_93da2161d61e454d8ff411f6c72e557d HTTP/1.1" 200 OK
INFO:     127.0.0.1:65334 - "GET /api/requests?limit=50 HTTP/1.1" 200 OK
INFO:     127.0.0.1:65336 - "GET /api/requests/req_93da2161d61e454d8ff411f6c72e557d HTTP/1.1" 200 OK
INFO:     127.0.0.1:65337 - "GET /api/requests/req_93da2161d61e454d8ff411f6c72e557d/judgment HTTP/1.1" 404 Not Found
Received notification from DBMS server: <GqlStatusObject gql_status='01N52', status_description='warn: property key does not exist. The property `display_name` does not exist. Verify that the spelling is correct.', position=<SummaryInputPosition line=1, column=60, offset=59>, raw_classification='UNRECOGNIZED', classification=<NotificationClassification.UNRECOGNIZED: 'UNRECOGNIZED'>, raw_severity='WARNING', severity=<NotificationSeverity.WARNING: 'WARNING'>, diagnostic_record={'_classification': 'UNRECOGNIZED', '_severity': 'WARNING', '_position': {'offset': 59, 'line': 1, 'column': 60}, 'OPERATION': '', 'OPERATION_CODE': '0', 'CURRENT_SCHEMA': '/'}> for query: 'MATCH (u:User {id:$user_id,tenant_id:$tenant_id}) RETURN u.display_name AS display_name'
INFO:     127.0.0.1:65338 - "GET /api/requests/req_93da2161d61e454d8ff411f6c72e557d/runs HTTP/1.1" 200 OK
INFO:     127.0.0.1:65341 - "GET /api/auth/me HTTP/1.1" 200 OK
Received notification from DBMS server: <GqlStatusObject gql_status='01N52', status_description='warn: property key does not exist. The property `display_name` does not exist. Verify that the spelling is correct.', position=<SummaryInputPosition line=1, column=60, offset=59>, raw_classification='UNRECOGNIZED', classification=<NotificationClassification.UNRECOGNIZED: 'UNRECOGNIZED'>, raw_severity='WARNING', severity=<NotificationSeverity.WARNING: 'WARNING'>, diagnostic_record={'_classification': 'UNRECOGNIZED', '_severity': 'WARNING', '_position': {'offset': 59, 'line': 1, 'column': 60}, 'OPERATION': '', 'OPERATION_CODE': '0', 'CURRENT_SCHEMA': '/'}> for query: 'MATCH (u:User {id:$user_id,tenant_id:$tenant_id}) RETURN u.display_name AS display_name'
Received notification from DBMS server: <GqlStatusObject gql_status='01N52', status_description='warn: property key does not exist. The property `display_name` does not exist. Verify that the spelling is correct.', position=<SummaryInputPosition line=1, column=60, offset=59>, raw_classification='UNRECOGNIZED', classification=<NotificationClassification.UNRECOGNIZED: 'UNRECOGNIZED'>, raw_severity='WARNING', severity=<NotificationSeverity.WARNING: 'WARNING'>, diagnostic_record={'_classification': 'UNRECOGNIZED', '_severity': 'WARNING', '_position': {'offset': 59, 'line': 1, 'column': 60}, 'OPERATION': '', 'OPERATION_CODE': '0', 'CURRENT_SCHEMA': '/'}> for query: 'MATCH (u:User {id:$user_id,tenant_id:$tenant_id}) RETURN u.display_name AS display_name'
INFO:     127.0.0.1:65347 - "GET /api/requests?limit=50 HTTP/1.1" 200 OK
INFO:     127.0.0.1:65346 - "GET /api/auth/me HTTP/1.1" 200 OK
INFO:     127.0.0.1:65349 - "GET /api/auth/me HTTP/1.1" 200 OK
INFO:     127.0.0.1:65348 - "GET /api/events/snapshot?request_id=req_93da2161d61e454d8ff411f6c72e557d HTTP/1.1" 200 OK
INFO:     127.0.0.1:65351 - "GET /api/events/stream?after=0 HTTP/1.1" 200 OK
Received notification from DBMS server: <GqlStatusObject gql_status='01G11', status_description='warn: null value eliminated in set function', position=None, raw_classification='UNRECOGNIZED', classification=<NotificationClassification.UNRECOGNIZED: 'UNRECOGNIZED'>, raw_severity='WARNING', severity=<NotificationSeverity.WARNING: 'WARNING'>, diagnostic_record={'_classification': 'UNRECOGNIZED', '_severity': 'WARNING', 'OPERATION': '', 'OPERATION_CODE': '0', 'CURRENT_SCHEMA': '/'}> for query: 'MATCH (q:Request {tenant_id:$tenant,id:$request}) MATCH (r:Run {tenant_id:$tenant,request_id:$request}) WHERE r.id=coalesce($run,q.active_run_id) OPTIONAL MATCH (r)-[:HAS_STEP]->(s:RunStep {tenant_id:$tenant}) RETURN q.status AS request_status,q.first_received_at AS received, r AS run,collect(s) AS steps'
INFO:     127.0.0.1:65353 - "GET /api/requests/req_93da2161d61e454d8ff411f6c72e557d/progress HTTP/1.1" 200 OK
INFO:     127.0.0.1:65358 - "GET /api/requests?limit=50 HTTP/1.1" 200 OK
INFO:     127.0.0.1:65359 - "GET /api/events/stream?after=106 HTTP/1.1" 200 OK
INFO:     127.0.0.1:65363 - "GET /api/requests?limit=50 HTTP/1.1" 200 OK
Received notification from DBMS server: <GqlStatusObject gql_status='01G11', status_description='warn: null value eliminated in set function', position=None, raw_classification='UNRECOGNIZED', classification=<NotificationClassification.UNRECOGNIZED: 'UNRECOGNIZED'>, raw_severity='WARNING', severity=<NotificationSeverity.WARNING: 'WARNING'>, diagnostic_record={'_classification': 'UNRECOGNIZED', '_severity': 'WARNING', 'OPERATION': '', 'OPERATION_CODE': '0', 'CURRENT_SCHEMA': '/'}> for query: 'MATCH (r:Request {id:$id,tenant_id:$tenant_id}) OPTIONAL MATCH (r)-[:HAS_REVISION]->(i:InputRevision) OPTIONAL MATCH (i)-[:HAS_ATTACHMENT]->(a:Attachment) OPTIONAL MATCH (active:Run {id:r.active_run_id,tenant_id:$tenant_id}) RETURN r,collect(DISTINCT i) AS revisions,collect(DISTINCT a) AS attachments,active'
INFO:     127.0.0.1:65367 - "GET /api/requests/audit_map_req HTTP/1.1" 200 OK
Redis subscriber disconnected for tenant t-audit-e2e-1005
Traceback (most recent call last):
  File "/Users/psw/Projects/decision-chat-bot/backend/.venv/lib/python3.14/site-packages/redis/asyncio/connection.py", line 591, in read_response
    response = await self._parser.read_response(
               ^^^^^^^^^^^^^^^^^^^^^^^^^^^^^^^^^
        disable_decoding=disable_decoding
        ^^^^^^^^^^^^^^^^^^^^^^^^^^^^^^^^^
    )
    ^
  File "/Users/psw/Projects/decision-chat-bot/backend/.venv/lib/python3.14/site-packages/redis/_parsers/resp2.py", line 82, in read_response
    response = await self._read_response(disable_decoding=disable_decoding)
               ^^^^^^^^^^^^^^^^^^^^^^^^^^^^^^^^^^^^^^^^^^^^^^^^^^^^^^^^^^^^
  File "/Users/psw/Projects/decision-chat-bot/backend/.venv/lib/python3.14/site-packages/redis/_parsers/resp2.py", line 90, in _read_response
    raw = await self._readline()
          ^^^^^^^^^^^^^^^^^^^^^^
  File "/Users/psw/Projects/decision-chat-bot/backend/.venv/lib/python3.14/site-packages/redis/_parsers/base.py", line 283, in _readline
    data = await self._stream.readline()
           ^^^^^^^^^^^^^^^^^^^^^^^^^^^^^
  File "/Library/Frameworks/Python.framework/Versions/3.14/lib/python3.14/asyncio/streams.py", line 562, in readline
    line = await self.readuntil(sep)
           ^^^^^^^^^^^^^^^^^^^^^^^^^
  File "/Library/Frameworks/Python.framework/Versions/3.14/lib/python3.14/asyncio/streams.py", line 677, in readuntil
    await self._wait_for_data('readuntil')
  File "/Library/Frameworks/Python.framework/Versions/3.14/lib/python3.14/asyncio/streams.py", line 539, in _wait_for_data
    await self._waiter
asyncio.exceptions.CancelledError

The above exception was the direct cause of the following exception:

Traceback (most recent call last):
  File "/Users/psw/Projects/decision-chat-bot/backend/.venv/lib/python3.14/site-packages/redis/asyncio/connection.py", line 590, in read_response
    async with async_timeout(read_timeout):
               ~~~~~~~~~~~~~^^^^^^^^^^^^^^
  File "/Library/Frameworks/Python.framework/Versions/3.14/lib/python3.14/asyncio/timeouts.py", line 115, in __aexit__
    raise TimeoutError from exc_val
TimeoutError

During handling of the above exception, another exception occurred:

Traceback (most recent call last):
  File "/Users/psw/Projects/decision-chat-bot/backend/jevtriage/realtime/subscriber.py", line 34, in _listen
    async for message in pubsub.listen():
        if message["type"] == "message":
            self._wake.set()
  File "/Users/psw/Projects/decision-chat-bot/backend/.venv/lib/python3.14/site-packages/redis/asyncio/client.py", line 1097, in listen
    response = await self.handle_message(await self.parse_response(block=True))
                                         ^^^^^^^^^^^^^^^^^^^^^^^^^^^^^^^^^^^^^
  File "/Users/psw/Projects/decision-chat-bot/backend/.venv/lib/python3.14/site-packages/redis/asyncio/client.py", line 984, in parse_response
    response = await self._execute(
               ^^^^^^^^^^^^^^^^^^^^
    ...<5 lines>...
    )
    ^
  File "/Users/psw/Projects/decision-chat-bot/backend/.venv/lib/python3.14/site-packages/redis/asyncio/client.py", line 964, in _execute
    return await conn.retry.call_with_retry(
           ^^^^^^^^^^^^^^^^^^^^^^^^^^^^^^^^^
    ...<2 lines>...
    )
    ^
  File "/Users/psw/Projects/decision-chat-bot/backend/.venv/lib/python3.14/site-packages/redis/asyncio/retry.py", line 55, in call_with_retry
    raise error
  File "/Users/psw/Projects/decision-chat-bot/backend/.venv/lib/python3.14/site-packages/redis/asyncio/retry.py", line 50, in call_with_retry
    return await do()
           ^^^^^^^^^^
  File "/Users/psw/Projects/decision-chat-bot/backend/.venv/lib/python3.14/site-packages/redis/asyncio/connection.py", line 609, in read_response
    raise TimeoutError(f"Timeout reading from {host_error}")
redis.exceptions.TimeoutError: Timeout reading from 127.0.0.1:16391
INFO:     127.0.0.1:65377 - "POST /api/auth/login HTTP/1.1" 200 OK
Received notification from DBMS server: <GqlStatusObject gql_status='01N52', status_description='warn: property key does not exist. The property `display_name` does not exist. Verify that the spelling is correct.', position=<SummaryInputPosition line=1, column=60, offset=59>, raw_classification='UNRECOGNIZED', classification=<NotificationClassification.UNRECOGNIZED: 'UNRECOGNIZED'>, raw_severity='WARNING', severity=<NotificationSeverity.WARNING: 'WARNING'>, diagnostic_record={'_classification': 'UNRECOGNIZED', '_severity': 'WARNING', '_position': {'offset': 59, 'line': 1, 'column': 60}, 'OPERATION': '', 'OPERATION_CODE': '0', 'CURRENT_SCHEMA': '/'}> for query: 'MATCH (u:User {id:$user_id,tenant_id:$tenant_id}) RETURN u.display_name AS display_name'
Received notification from DBMS server: <GqlStatusObject gql_status='01N52', status_description='warn: property key does not exist. The property `display_name` does not exist. Verify that the spelling is correct.', position=<SummaryInputPosition line=1, column=60, offset=59>, raw_classification='UNRECOGNIZED', classification=<NotificationClassification.UNRECOGNIZED: 'UNRECOGNIZED'>, raw_severity='WARNING', severity=<NotificationSeverity.WARNING: 'WARNING'>, diagnostic_record={'_classification': 'UNRECOGNIZED', '_severity': 'WARNING', '_position': {'offset': 59, 'line': 1, 'column': 60}, 'OPERATION': '', 'OPERATION_CODE': '0', 'CURRENT_SCHEMA': '/'}> for query: 'MATCH (u:User {id:$user_id,tenant_id:$tenant_id}) RETURN u.display_name AS display_name'
INFO:     127.0.0.1:65385 - "GET /api/auth/me HTTP/1.1" 200 OK
INFO:     127.0.0.1:65386 - "GET /api/auth/me HTTP/1.1" 200 OK
Received notification from DBMS server: <GqlStatusObject gql_status='01N52', status_description='warn: property key does not exist. The property `display_name` does not exist. Verify that the spelling is correct.', position=<SummaryInputPosition line=1, column=60, offset=59>, raw_classification='UNRECOGNIZED', classification=<NotificationClassification.UNRECOGNIZED: 'UNRECOGNIZED'>, raw_severity='WARNING', severity=<NotificationSeverity.WARNING: 'WARNING'>, diagnostic_record={'_classification': 'UNRECOGNIZED', '_severity': 'WARNING', '_position': {'offset': 59, 'line': 1, 'column': 60}, 'OPERATION': '', 'OPERATION_CODE': '0', 'CURRENT_SCHEMA': '/'}> for query: 'MATCH (u:User {id:$user_id,tenant_id:$tenant_id}) RETURN u.display_name AS display_name'
Received notification from DBMS server: <GqlStatusObject gql_status='01N52', status_description='warn: property key does not exist. The property `display_name` does not exist. Verify that the spelling is correct.', position=<SummaryInputPosition line=1, column=60, offset=59>, raw_classification='UNRECOGNIZED', classification=<NotificationClassification.UNRECOGNIZED: 'UNRECOGNIZED'>, raw_severity='WARNING', severity=<NotificationSeverity.WARNING: 'WARNING'>, diagnostic_record={'_classification': 'UNRECOGNIZED', '_severity': 'WARNING', '_position': {'offset': 59, 'line': 1, 'column': 60}, 'OPERATION': '', 'OPERATION_CODE': '0', 'CURRENT_SCHEMA': '/'}> for query: 'MATCH (u:User {id:$user_id,tenant_id:$tenant_id}) RETURN u.display_name AS display_name'
INFO:     127.0.0.1:65389 - "GET /api/auth/me HTTP/1.1" 200 OK
INFO:     127.0.0.1:65391 - "GET /api/auth/me HTTP/1.1" 200 OK
INFO:     127.0.0.1:65390 - "GET /api/requests?limit=50 HTTP/1.1" 200 OK
Received notification from DBMS server: <GqlStatusObject gql_status='01N52', status_description='warn: property key does not exist. The property `display_name` does not exist. Verify that the spelling is correct.', position=<SummaryInputPosition line=1, column=60, offset=59>, raw_classification='UNRECOGNIZED', classification=<NotificationClassification.UNRECOGNIZED: 'UNRECOGNIZED'>, raw_severity='WARNING', severity=<NotificationSeverity.WARNING: 'WARNING'>, diagnostic_record={'_classification': 'UNRECOGNIZED', '_severity': 'WARNING', '_position': {'offset': 59, 'line': 1, 'column': 60}, 'OPERATION': '', 'OPERATION_CODE': '0', 'CURRENT_SCHEMA': '/'}> for query: 'MATCH (u:User {id:$user_id,tenant_id:$tenant_id}) RETURN u.display_name AS display_name'
Received notification from DBMS server: <GqlStatusObject gql_status='01N52', status_description='warn: property key does not exist. The property `display_name` does not exist. Verify that the spelling is correct.', position=<SummaryInputPosition line=1, column=60, offset=59>, raw_classification='UNRECOGNIZED', classification=<NotificationClassification.UNRECOGNIZED: 'UNRECOGNIZED'>, raw_severity='WARNING', severity=<NotificationSeverity.WARNING: 'WARNING'>, diagnostic_record={'_classification': 'UNRECOGNIZED', '_severity': 'WARNING', '_position': {'offset': 59, 'line': 1, 'column': 60}, 'OPERATION': '', 'OPERATION_CODE': '0', 'CURRENT_SCHEMA': '/'}> for query: 'MATCH (u:User {id:$user_id,tenant_id:$tenant_id}) RETURN u.display_name AS display_name'
INFO:     127.0.0.1:65394 - "GET /api/auth/me HTTP/1.1" 200 OK
INFO:     127.0.0.1:65392 - "GET /api/auth/me HTTP/1.1" 200 OK
INFO:     127.0.0.1:65396 - "GET /api/events/stream?after=0 HTTP/1.1" 200 OK
INFO:     127.0.0.1:65393 - "GET /api/requests?limit=50 HTTP/1.1" 200 OK
Received notification from DBMS server: <GqlStatusObject gql_status='01G11', status_description='warn: null value eliminated in set function', position=None, raw_classification='UNRECOGNIZED', classification=<NotificationClassification.UNRECOGNIZED: 'UNRECOGNIZED'>, raw_severity='WARNING', severity=<NotificationSeverity.WARNING: 'WARNING'>, diagnostic_record={'_classification': 'UNRECOGNIZED', '_severity': 'WARNING', 'OPERATION': '', 'OPERATION_CODE': '0', 'CURRENT_SCHEMA': '/'}> for query: 'MATCH (r:Request {id:$id,tenant_id:$tenant_id}) OPTIONAL MATCH (r)-[:HAS_REVISION]->(i:InputRevision) OPTIONAL MATCH (i)-[:HAS_ATTACHMENT]->(a:Attachment) OPTIONAL MATCH (active:Run {id:r.active_run_id,tenant_id:$tenant_id}) RETURN r,collect(DISTINCT i) AS revisions,collect(DISTINCT a) AS attachments,active'
INFO:     127.0.0.1:65400 - "GET /api/requests/audit_map_req HTTP/1.1" 200 OK
INFO:     127.0.0.1:65402 - "GET /api/requests?limit=50 HTTP/1.1" 200 OK
Received notification from DBMS server: <GqlStatusObject gql_status='01N52', status_description='warn: property key does not exist. The property `display_name` does not exist. Verify that the spelling is correct.', position=<SummaryInputPosition line=1, column=60, offset=59>, raw_classification='UNRECOGNIZED', classification=<NotificationClassification.UNRECOGNIZED: 'UNRECOGNIZED'>, raw_severity='WARNING', severity=<NotificationSeverity.WARNING: 'WARNING'>, diagnostic_record={'_classification': 'UNRECOGNIZED', '_severity': 'WARNING', '_position': {'offset': 59, 'line': 1, 'column': 60}, 'OPERATION': '', 'OPERATION_CODE': '0', 'CURRENT_SCHEMA': '/'}> for query: 'MATCH (u:User {id:$user_id,tenant_id:$tenant_id}) RETURN u.display_name AS display_name'
Received notification from DBMS server: <GqlStatusObject gql_status='01N52', status_description='warn: property key does not exist. The property `display_name` does not exist. Verify that the spelling is correct.', position=<SummaryInputPosition line=1, column=60, offset=59>, raw_classification='UNRECOGNIZED', classification=<NotificationClassification.UNRECOGNIZED: 'UNRECOGNIZED'>, raw_severity='WARNING', severity=<NotificationSeverity.WARNING: 'WARNING'>, diagnostic_record={'_classification': 'UNRECOGNIZED', '_severity': 'WARNING', '_position': {'offset': 59, 'line': 1, 'column': 60}, 'OPERATION': '', 'OPERATION_CODE': '0', 'CURRENT_SCHEMA': '/'}> for query: 'MATCH (u:User {id:$user_id,tenant_id:$tenant_id}) RETURN u.display_name AS display_name'
INFO:     127.0.0.1:65412 - "GET /api/auth/me HTTP/1.1" 200 OK
INFO:     127.0.0.1:65413 - "GET /api/auth/me HTTP/1.1" 200 OK
Received notification from DBMS server: <GqlStatusObject gql_status='01N52', status_description='warn: property key does not exist. The property `display_name` does not exist. Verify that the spelling is correct.', position=<SummaryInputPosition line=1, column=60, offset=59>, raw_classification='UNRECOGNIZED', classification=<NotificationClassification.UNRECOGNIZED: 'UNRECOGNIZED'>, raw_severity='WARNING', severity=<NotificationSeverity.WARNING: 'WARNING'>, diagnostic_record={'_classification': 'UNRECOGNIZED', '_severity': 'WARNING', '_position': {'offset': 59, 'line': 1, 'column': 60}, 'OPERATION': '', 'OPERATION_CODE': '0', 'CURRENT_SCHEMA': '/'}> for query: 'MATCH (u:User {id:$user_id,tenant_id:$tenant_id}) RETURN u.display_name AS display_name'
INFO:     127.0.0.1:65419 - "GET /api/requests?limit=50 HTTP/1.1" 200 OK
INFO:     127.0.0.1:65418 - "GET /api/auth/me HTTP/1.1" 200 OK
Received notification from DBMS server: <GqlStatusObject gql_status='01G11', status_description='warn: null value eliminated in set function', position=None, raw_classification='UNRECOGNIZED', classification=<NotificationClassification.UNRECOGNIZED: 'UNRECOGNIZED'>, raw_severity='WARNING', severity=<NotificationSeverity.WARNING: 'WARNING'>, diagnostic_record={'_classification': 'UNRECOGNIZED', '_severity': 'WARNING', 'OPERATION': '', 'OPERATION_CODE': '0', 'CURRENT_SCHEMA': '/'}> for query: 'MATCH (r:Request {id:$id,tenant_id:$tenant_id}) OPTIONAL MATCH (r)-[:HAS_REVISION]->(i:InputRevision) OPTIONAL MATCH (i)-[:HAS_ATTACHMENT]->(a:Attachment) OPTIONAL MATCH (active:Run {id:r.active_run_id,tenant_id:$tenant_id}) RETURN r,collect(DISTINCT i) AS revisions,collect(DISTINCT a) AS attachments,active'
INFO:     127.0.0.1:65422 - "GET /api/requests/req_93da2161d61e454d8ff411f6c72e557d/judgment HTTP/1.1" 404 Not Found
INFO:     127.0.0.1:65423 - "GET /api/requests/req_93da2161d61e454d8ff411f6c72e557d/runs HTTP/1.1" 200 OK
INFO:     127.0.0.1:65420 - "GET /api/events/snapshot?request_id=req_93da2161d61e454d8ff411f6c72e557d HTTP/1.1" 200 OK
INFO:     127.0.0.1:65421 - "GET /api/requests/req_93da2161d61e454d8ff411f6c72e557d HTTP/1.1" 200 OK
Received notification from DBMS server: <GqlStatusObject gql_status='01N52', status_description='warn: property key does not exist. The property `display_name` does not exist. Verify that the spelling is correct.', position=<SummaryInputPosition line=1, column=60, offset=59>, raw_classification='UNRECOGNIZED', classification=<NotificationClassification.UNRECOGNIZED: 'UNRECOGNIZED'>, raw_severity='WARNING', severity=<NotificationSeverity.WARNING: 'WARNING'>, diagnostic_record={'_classification': 'UNRECOGNIZED', '_severity': 'WARNING', '_position': {'offset': 59, 'line': 1, 'column': 60}, 'OPERATION': '', 'OPERATION_CODE': '0', 'CURRENT_SCHEMA': '/'}> for query: 'MATCH (u:User {id:$user_id,tenant_id:$tenant_id}) RETURN u.display_name AS display_name'
Received notification from DBMS server: <GqlStatusObject gql_status='01N52', status_description='warn: property key does not exist. The property `display_name` does not exist. Verify that the spelling is correct.', position=<SummaryInputPosition line=1, column=60, offset=59>, raw_classification='UNRECOGNIZED', classification=<NotificationClassification.UNRECOGNIZED: 'UNRECOGNIZED'>, raw_severity='WARNING', severity=<NotificationSeverity.WARNING: 'WARNING'>, diagnostic_record={'_classification': 'UNRECOGNIZED', '_severity': 'WARNING', '_position': {'offset': 59, 'line': 1, 'column': 60}, 'OPERATION': '', 'OPERATION_CODE': '0', 'CURRENT_SCHEMA': '/'}> for query: 'MATCH (u:User {id:$user_id,tenant_id:$tenant_id}) RETURN u.display_name AS display_name'
INFO:     127.0.0.1:65426 - "GET /api/auth/me HTTP/1.1" 200 OK
INFO:     127.0.0.1:65427 - "GET /api/auth/me HTTP/1.1" 200 OK
Received notification from DBMS server: <GqlStatusObject gql_status='01N52', status_description='warn: property key does not exist. The property `display_name` does not exist. Verify that the spelling is correct.', position=<SummaryInputPosition line=1, column=60, offset=59>, raw_classification='UNRECOGNIZED', classification=<NotificationClassification.UNRECOGNIZED: 'UNRECOGNIZED'>, raw_severity='WARNING', severity=<NotificationSeverity.WARNING: 'WARNING'>, diagnostic_record={'_classification': 'UNRECOGNIZED', '_severity': 'WARNING', '_position': {'offset': 59, 'line': 1, 'column': 60}, 'OPERATION': '', 'OPERATION_CODE': '0', 'CURRENT_SCHEMA': '/'}> for query: 'MATCH (u:User {id:$user_id,tenant_id:$tenant_id}) RETURN u.display_name AS display_name'
INFO:     127.0.0.1:65434 - "GET /api/auth/me HTTP/1.1" 200 OK
INFO:     127.0.0.1:65430 - "GET /api/requests?limit=50 HTTP/1.1" 200 OK
INFO:     127.0.0.1:65432 - "GET /api/events/snapshot?request_id=req_93da2161d61e454d8ff411f6c72e557d HTTP/1.1" 200 OK
INFO:     127.0.0.1:65435 - "GET /api/events/stream?after=106 HTTP/1.1" 200 OK
Received notification from DBMS server: <GqlStatusObject gql_status='01G11', status_description='warn: null value eliminated in set function', position=None, raw_classification='UNRECOGNIZED', classification=<NotificationClassification.UNRECOGNIZED: 'UNRECOGNIZED'>, raw_severity='WARNING', severity=<NotificationSeverity.WARNING: 'WARNING'>, diagnostic_record={'_classification': 'UNRECOGNIZED', '_severity': 'WARNING', 'OPERATION': '', 'OPERATION_CODE': '0', 'CURRENT_SCHEMA': '/'}> for query: 'MATCH (r:Request {id:$id,tenant_id:$tenant_id}) OPTIONAL MATCH (r)-[:HAS_REVISION]->(i:InputRevision) OPTIONAL MATCH (i)-[:HAS_ATTACHMENT]->(a:Attachment) OPTIONAL MATCH (active:Run {id:r.active_run_id,tenant_id:$tenant_id}) RETURN r,collect(DISTINCT i) AS revisions,collect(DISTINCT a) AS attachments,active'
Received notification from DBMS server: <GqlStatusObject gql_status='01G11', status_description='warn: null value eliminated in set function', position=None, raw_classification='UNRECOGNIZED', classification=<NotificationClassification.UNRECOGNIZED: 'UNRECOGNIZED'>, raw_severity='WARNING', severity=<NotificationSeverity.WARNING: 'WARNING'>, diagnostic_record={'_classification': 'UNRECOGNIZED', '_severity': 'WARNING', 'OPERATION': '', 'OPERATION_CODE': '0', 'CURRENT_SCHEMA': '/'}> for query: 'MATCH (q:Request {tenant_id:$tenant,id:$request}) MATCH (r:Run {tenant_id:$tenant,request_id:$request}) WHERE r.id=coalesce($run,q.active_run_id) OPTIONAL MATCH (r)-[:HAS_STEP]->(s:RunStep {tenant_id:$tenant}) RETURN q.status AS request_status,q.first_received_at AS received, r AS run,collect(s) AS steps'
INFO:     127.0.0.1:65438 - "GET /api/requests/audit_map_req HTTP/1.1" 200 OK
INFO:     127.0.0.1:65443 - "GET /api/requests?limit=50 HTTP/1.1" 200 OK
INFO:     127.0.0.1:65440 - "GET /api/requests/req_93da2161d61e454d8ff411f6c72e557d/progress HTTP/1.1" 200 OK
INFO:     127.0.0.1:65444 - "GET /api/events/stream?after=106 HTTP/1.1" 200 OK
INFO:     127.0.0.1:65455 - "POST /api/auth/login HTTP/1.1" 200 OK
Received notification from DBMS server: <GqlStatusObject gql_status='01N52', status_description='warn: property key does not exist. The property `display_name` does not exist. Verify that the spelling is correct.', position=<SummaryInputPosition line=1, column=60, offset=59>, raw_classification='UNRECOGNIZED', classification=<NotificationClassification.UNRECOGNIZED: 'UNRECOGNIZED'>, raw_severity='WARNING', severity=<NotificationSeverity.WARNING: 'WARNING'>, diagnostic_record={'_classification': 'UNRECOGNIZED', '_severity': 'WARNING', '_position': {'offset': 59, 'line': 1, 'column': 60}, 'OPERATION': '', 'OPERATION_CODE': '0', 'CURRENT_SCHEMA': '/'}> for query: 'MATCH (u:User {id:$user_id,tenant_id:$tenant_id}) RETURN u.display_name AS display_name'
Received notification from DBMS server: <GqlStatusObject gql_status='01N52', status_description='warn: property key does not exist. The property `display_name` does not exist. Verify that the spelling is correct.', position=<SummaryInputPosition line=1, column=60, offset=59>, raw_classification='UNRECOGNIZED', classification=<NotificationClassification.UNRECOGNIZED: 'UNRECOGNIZED'>, raw_severity='WARNING', severity=<NotificationSeverity.WARNING: 'WARNING'>, diagnostic_record={'_classification': 'UNRECOGNIZED', '_severity': 'WARNING', '_position': {'offset': 59, 'line': 1, 'column': 60}, 'OPERATION': '', 'OPERATION_CODE': '0', 'CURRENT_SCHEMA': '/'}> for query: 'MATCH (u:User {id:$user_id,tenant_id:$tenant_id}) RETURN u.display_name AS display_name'
INFO:     127.0.0.1:65464 - "GET /api/auth/me HTTP/1.1" 200 OK
INFO:     127.0.0.1:65465 - "GET /api/auth/me HTTP/1.1" 200 OK
Received notification from DBMS server: <GqlStatusObject gql_status='01N52', status_description='warn: property key does not exist. The property `display_name` does not exist. Verify that the spelling is correct.', position=<SummaryInputPosition line=1, column=60, offset=59>, raw_classification='UNRECOGNIZED', classification=<NotificationClassification.UNRECOGNIZED: 'UNRECOGNIZED'>, raw_severity='WARNING', severity=<NotificationSeverity.WARNING: 'WARNING'>, diagnostic_record={'_classification': 'UNRECOGNIZED', '_severity': 'WARNING', '_position': {'offset': 59, 'line': 1, 'column': 60}, 'OPERATION': '', 'OPERATION_CODE': '0', 'CURRENT_SCHEMA': '/'}> for query: 'MATCH (u:User {id:$user_id,tenant_id:$tenant_id}) RETURN u.display_name AS display_name'
Received notification from DBMS server: <GqlStatusObject gql_status='01N52', status_description='warn: property key does not exist. The property `display_name` does not exist. Verify that the spelling is correct.', position=<SummaryInputPosition line=1, column=60, offset=59>, raw_classification='UNRECOGNIZED', classification=<NotificationClassification.UNRECOGNIZED: 'UNRECOGNIZED'>, raw_severity='WARNING', severity=<NotificationSeverity.WARNING: 'WARNING'>, diagnostic_record={'_classification': 'UNRECOGNIZED', '_severity': 'WARNING', '_position': {'offset': 59, 'line': 1, 'column': 60}, 'OPERATION': '', 'OPERATION_CODE': '0', 'CURRENT_SCHEMA': '/'}> for query: 'MATCH (u:User {id:$user_id,tenant_id:$tenant_id}) RETURN u.display_name AS display_name'
INFO:     127.0.0.1:65468 - "GET /api/auth/me HTTP/1.1" 200 OK
INFO:     127.0.0.1:65470 - "GET /api/auth/me HTTP/1.1" 200 OK
INFO:     127.0.0.1:65469 - "GET /api/requests?limit=50 HTTP/1.1" 200 OK
Received notification from DBMS server: <GqlStatusObject gql_status='01N52', status_description='warn: property key does not exist. The property `display_name` does not exist. Verify that the spelling is correct.', position=<SummaryInputPosition line=1, column=60, offset=59>, raw_classification='UNRECOGNIZED', classification=<NotificationClassification.UNRECOGNIZED: 'UNRECOGNIZED'>, raw_severity='WARNING', severity=<NotificationSeverity.WARNING: 'WARNING'>, diagnostic_record={'_classification': 'UNRECOGNIZED', '_severity': 'WARNING', '_position': {'offset': 59, 'line': 1, 'column': 60}, 'OPERATION': '', 'OPERATION_CODE': '0', 'CURRENT_SCHEMA': '/'}> for query: 'MATCH (u:User {id:$user_id,tenant_id:$tenant_id}) RETURN u.display_name AS display_name'
Received notification from DBMS server: <GqlStatusObject gql_status='01N52', status_description='warn: property key does not exist. The property `display_name` does not exist. Verify that the spelling is correct.', position=<SummaryInputPosition line=1, column=60, offset=59>, raw_classification='UNRECOGNIZED', classification=<NotificationClassification.UNRECOGNIZED: 'UNRECOGNIZED'>, raw_severity='WARNING', severity=<NotificationSeverity.WARNING: 'WARNING'>, diagnostic_record={'_classification': 'UNRECOGNIZED', '_severity': 'WARNING', '_position': {'offset': 59, 'line': 1, 'column': 60}, 'OPERATION': '', 'OPERATION_CODE': '0', 'CURRENT_SCHEMA': '/'}> for query: 'MATCH (u:User {id:$user_id,tenant_id:$tenant_id}) RETURN u.display_name AS display_name'
INFO:     127.0.0.1:65471 - "GET /api/auth/me HTTP/1.1" 200 OK
INFO:     127.0.0.1:65473 - "GET /api/auth/me HTTP/1.1" 200 OK
INFO:     127.0.0.1:65475 - "GET /api/events/stream?after=0 HTTP/1.1" 200 OK
INFO:     127.0.0.1:65472 - "GET /api/requests?limit=50 HTTP/1.1" 200 OK
Received notification from DBMS server: <GqlStatusObject gql_status='01G11', status_description='warn: null value eliminated in set function', position=None, raw_classification='UNRECOGNIZED', classification=<NotificationClassification.UNRECOGNIZED: 'UNRECOGNIZED'>, raw_severity='WARNING', severity=<NotificationSeverity.WARNING: 'WARNING'>, diagnostic_record={'_classification': 'UNRECOGNIZED', '_severity': 'WARNING', 'OPERATION': '', 'OPERATION_CODE': '0', 'CURRENT_SCHEMA': '/'}> for query: 'MATCH (r:Request {id:$id,tenant_id:$tenant_id}) OPTIONAL MATCH (r)-[:HAS_REVISION]->(i:InputRevision) OPTIONAL MATCH (i)-[:HAS_ATTACHMENT]->(a:Attachment) OPTIONAL MATCH (active:Run {id:r.active_run_id,tenant_id:$tenant_id}) RETURN r,collect(DISTINCT i) AS revisions,collect(DISTINCT a) AS attachments,active'
INFO:     127.0.0.1:65478 - "GET /api/requests/audit_map_req HTTP/1.1" 200 OK
INFO:     127.0.0.1:65481 - "GET /api/requests?limit=50 HTTP/1.1" 200 OK
Redis subscriber disconnected for tenant t-audit-e2e-1005
Traceback (most recent call last):
  File "/Users/psw/Projects/decision-chat-bot/backend/.venv/lib/python3.14/site-packages/redis/asyncio/connection.py", line 591, in read_response
    response = await self._parser.read_response(
               ^^^^^^^^^^^^^^^^^^^^^^^^^^^^^^^^^
        disable_decoding=disable_decoding
        ^^^^^^^^^^^^^^^^^^^^^^^^^^^^^^^^^
    )
    ^
  File "/Users/psw/Projects/decision-chat-bot/backend/.venv/lib/python3.14/site-packages/redis/_parsers/resp2.py", line 82, in read_response
    response = await self._read_response(disable_decoding=disable_decoding)
               ^^^^^^^^^^^^^^^^^^^^^^^^^^^^^^^^^^^^^^^^^^^^^^^^^^^^^^^^^^^^
  File "/Users/psw/Projects/decision-chat-bot/backend/.venv/lib/python3.14/site-packages/redis/_parsers/resp2.py", line 90, in _read_response
    raw = await self._readline()
          ^^^^^^^^^^^^^^^^^^^^^^
  File "/Users/psw/Projects/decision-chat-bot/backend/.venv/lib/python3.14/site-packages/redis/_parsers/base.py", line 283, in _readline
    data = await self._stream.readline()
           ^^^^^^^^^^^^^^^^^^^^^^^^^^^^^
  File "/Library/Frameworks/Python.framework/Versions/3.14/lib/python3.14/asyncio/streams.py", line 562, in readline
    line = await self.readuntil(sep)
           ^^^^^^^^^^^^^^^^^^^^^^^^^
  File "/Library/Frameworks/Python.framework/Versions/3.14/lib/python3.14/asyncio/streams.py", line 677, in readuntil
    await self._wait_for_data('readuntil')
  File "/Library/Frameworks/Python.framework/Versions/3.14/lib/python3.14/asyncio/streams.py", line 539, in _wait_for_data
    await self._waiter
asyncio.exceptions.CancelledError

The above exception was the direct cause of the following exception:

Traceback (most recent call last):
  File "/Users/psw/Projects/decision-chat-bot/backend/.venv/lib/python3.14/site-packages/redis/asyncio/connection.py", line 590, in read_response
    async with async_timeout(read_timeout):
               ~~~~~~~~~~~~~^^^^^^^^^^^^^^
  File "/Library/Frameworks/Python.framework/Versions/3.14/lib/python3.14/asyncio/timeouts.py", line 115, in __aexit__
    raise TimeoutError from exc_val
TimeoutError

During handling of the above exception, another exception occurred:

Traceback (most recent call last):
  File "/Users/psw/Projects/decision-chat-bot/backend/jevtriage/realtime/subscriber.py", line 34, in _listen
    async for message in pubsub.listen():
        if message["type"] == "message":
            self._wake.set()
  File "/Users/psw/Projects/decision-chat-bot/backend/.venv/lib/python3.14/site-packages/redis/asyncio/client.py", line 1097, in listen
    response = await self.handle_message(await self.parse_response(block=True))
                                         ^^^^^^^^^^^^^^^^^^^^^^^^^^^^^^^^^^^^^
  File "/Users/psw/Projects/decision-chat-bot/backend/.venv/lib/python3.14/site-packages/redis/asyncio/client.py", line 984, in parse_response
    response = await self._execute(
               ^^^^^^^^^^^^^^^^^^^^
    ...<5 lines>...
    )
    ^
  File "/Users/psw/Projects/decision-chat-bot/backend/.venv/lib/python3.14/site-packages/redis/asyncio/client.py", line 964, in _execute
    return await conn.retry.call_with_retry(
           ^^^^^^^^^^^^^^^^^^^^^^^^^^^^^^^^^
    ...<2 lines>...
    )
    ^
  File "/Users/psw/Projects/decision-chat-bot/backend/.venv/lib/python3.14/site-packages/redis/asyncio/retry.py", line 55, in call_with_retry
    raise error
  File "/Users/psw/Projects/decision-chat-bot/backend/.venv/lib/python3.14/site-packages/redis/asyncio/retry.py", line 50, in call_with_retry
    return await do()
           ^^^^^^^^^^
  File "/Users/psw/Projects/decision-chat-bot/backend/.venv/lib/python3.14/site-packages/redis/asyncio/connection.py", line 609, in read_response
    raise TimeoutError(f"Timeout reading from {host_error}")
redis.exceptions.TimeoutError: Timeout reading from 127.0.0.1:16391
Redis subscriber disconnected for tenant t-audit-e2e-1005
Traceback (most recent call last):
  File "/Users/psw/Projects/decision-chat-bot/backend/.venv/lib/python3.14/site-packages/redis/asyncio/connection.py", line 591, in read_response
    response = await self._parser.read_response(
               ^^^^^^^^^^^^^^^^^^^^^^^^^^^^^^^^^
        disable_decoding=disable_decoding
        ^^^^^^^^^^^^^^^^^^^^^^^^^^^^^^^^^
    )
    ^
  File "/Users/psw/Projects/decision-chat-bot/backend/.venv/lib/python3.14/site-packages/redis/_parsers/resp2.py", line 82, in read_response
    response = await self._read_response(disable_decoding=disable_decoding)
               ^^^^^^^^^^^^^^^^^^^^^^^^^^^^^^^^^^^^^^^^^^^^^^^^^^^^^^^^^^^^
  File "/Users/psw/Projects/decision-chat-bot/backend/.venv/lib/python3.14/site-packages/redis/_parsers/resp2.py", line 90, in _read_response
    raw = await self._readline()
          ^^^^^^^^^^^^^^^^^^^^^^
  File "/Users/psw/Projects/decision-chat-bot/backend/.venv/lib/python3.14/site-packages/redis/_parsers/base.py", line 283, in _readline
    data = await self._stream.readline()
           ^^^^^^^^^^^^^^^^^^^^^^^^^^^^^
  File "/Library/Frameworks/Python.framework/Versions/3.14/lib/python3.14/asyncio/streams.py", line 562, in readline
    line = await self.readuntil(sep)
           ^^^^^^^^^^^^^^^^^^^^^^^^^
  File "/Library/Frameworks/Python.framework/Versions/3.14/lib/python3.14/asyncio/streams.py", line 677, in readuntil
    await self._wait_for_data('readuntil')
  File "/Library/Frameworks/Python.framework/Versions/3.14/lib/python3.14/asyncio/streams.py", line 539, in _wait_for_data
    await self._waiter
asyncio.exceptions.CancelledError

The above exception was the direct cause of the following exception:

Traceback (most recent call last):
  File "/Users/psw/Projects/decision-chat-bot/backend/.venv/lib/python3.14/site-packages/redis/asyncio/connection.py", line 590, in read_response
    async with async_timeout(read_timeout):
               ~~~~~~~~~~~~~^^^^^^^^^^^^^^
  File "/Library/Frameworks/Python.framework/Versions/3.14/lib/python3.14/asyncio/timeouts.py", line 115, in __aexit__
    raise TimeoutError from exc_val
TimeoutError

During handling of the above exception, another exception occurred:

Traceback (most recent call last):
  File "/Users/psw/Projects/decision-chat-bot/backend/jevtriage/realtime/subscriber.py", line 34, in _listen
    async for message in pubsub.listen():
        if message["type"] == "message":
            self._wake.set()
  File "/Users/psw/Projects/decision-chat-bot/backend/.venv/lib/python3.14/site-packages/redis/asyncio/client.py", line 1097, in listen
    response = await self.handle_message(await self.parse_response(block=True))
                                         ^^^^^^^^^^^^^^^^^^^^^^^^^^^^^^^^^^^^^
  File "/Users/psw/Projects/decision-chat-bot/backend/.venv/lib/python3.14/site-packages/redis/asyncio/client.py", line 984, in parse_response
    response = await self._execute(
               ^^^^^^^^^^^^^^^^^^^^
    ...<5 lines>...
    )
    ^
  File "/Users/psw/Projects/decision-chat-bot/backend/.venv/lib/python3.14/site-packages/redis/asyncio/client.py", line 964, in _execute
    return await conn.retry.call_with_retry(
           ^^^^^^^^^^^^^^^^^^^^^^^^^^^^^^^^^
    ...<2 lines>...
    )
    ^
  File "/Users/psw/Projects/decision-chat-bot/backend/.venv/lib/python3.14/site-packages/redis/asyncio/retry.py", line 55, in call_with_retry
    raise error
  File "/Users/psw/Projects/decision-chat-bot/backend/.venv/lib/python3.14/site-packages/redis/asyncio/retry.py", line 50, in call_with_retry
    return await do()
           ^^^^^^^^^^
  File "/Users/psw/Projects/decision-chat-bot/backend/.venv/lib/python3.14/site-packages/redis/asyncio/connection.py", line 609, in read_response
    raise TimeoutError(f"Timeout reading from {host_error}")
redis.exceptions.TimeoutError: Timeout reading from 127.0.0.1:16391
Redis subscriber disconnected for tenant t-audit-e2e-1005
Traceback (most recent call last):
  File "/Users/psw/Projects/decision-chat-bot/backend/.venv/lib/python3.14/site-packages/redis/asyncio/connection.py", line 591, in read_response
    response = await self._parser.read_response(
               ^^^^^^^^^^^^^^^^^^^^^^^^^^^^^^^^^
        disable_decoding=disable_decoding
        ^^^^^^^^^^^^^^^^^^^^^^^^^^^^^^^^^
    )
    ^
  File "/Users/psw/Projects/decision-chat-bot/backend/.venv/lib/python3.14/site-packages/redis/_parsers/resp2.py", line 82, in read_response
    response = await self._read_response(disable_decoding=disable_decoding)
               ^^^^^^^^^^^^^^^^^^^^^^^^^^^^^^^^^^^^^^^^^^^^^^^^^^^^^^^^^^^^
  File "/Users/psw/Projects/decision-chat-bot/backend/.venv/lib/python3.14/site-packages/redis/_parsers/resp2.py", line 90, in _read_response
    raw = await self._readline()
          ^^^^^^^^^^^^^^^^^^^^^^
  File "/Users/psw/Projects/decision-chat-bot/backend/.venv/lib/python3.14/site-packages/redis/_parsers/base.py", line 283, in _readline
    data = await self._stream.readline()
           ^^^^^^^^^^^^^^^^^^^^^^^^^^^^^
  File "/Library/Frameworks/Python.framework/Versions/3.14/lib/python3.14/asyncio/streams.py", line 562, in readline
    line = await self.readuntil(sep)
           ^^^^^^^^^^^^^^^^^^^^^^^^^
  File "/Library/Frameworks/Python.framework/Versions/3.14/lib/python3.14/asyncio/streams.py", line 677, in readuntil
    await self._wait_for_data('readuntil')
  File "/Library/Frameworks/Python.framework/Versions/3.14/lib/python3.14/asyncio/streams.py", line 539, in _wait_for_data
    await self._waiter
asyncio.exceptions.CancelledError

The above exception was the direct cause of the following exception:

Traceback (most recent call last):
  File "/Users/psw/Projects/decision-chat-bot/backend/.venv/lib/python3.14/site-packages/redis/asyncio/connection.py", line 590, in read_response
    async with async_timeout(read_timeout):
               ~~~~~~~~~~~~~^^^^^^^^^^^^^^
  File "/Library/Frameworks/Python.framework/Versions/3.14/lib/python3.14/asyncio/timeouts.py", line 115, in __aexit__
    raise TimeoutError from exc_val
TimeoutError

During handling of the above exception, another exception occurred:

Traceback (most recent call last):
  File "/Users/psw/Projects/decision-chat-bot/backend/jevtriage/realtime/subscriber.py", line 34, in _listen
    async for message in pubsub.listen():
        if message["type"] == "message":
            self._wake.set()
  File "/Users/psw/Projects/decision-chat-bot/backend/.venv/lib/python3.14/site-packages/redis/asyncio/client.py", line 1097, in listen
    response = await self.handle_message(await self.parse_response(block=True))
                                         ^^^^^^^^^^^^^^^^^^^^^^^^^^^^^^^^^^^^^
  File "/Users/psw/Projects/decision-chat-bot/backend/.venv/lib/python3.14/site-packages/redis/asyncio/client.py", line 984, in parse_response
    response = await self._execute(
               ^^^^^^^^^^^^^^^^^^^^
    ...<5 lines>...
    )
    ^
  File "/Users/psw/Projects/decision-chat-bot/backend/.venv/lib/python3.14/site-packages/redis/asyncio/client.py", line 964, in _execute
    return await conn.retry.call_with_retry(
           ^^^^^^^^^^^^^^^^^^^^^^^^^^^^^^^^^
    ...<2 lines>...
    )
    ^
  File "/Users/psw/Projects/decision-chat-bot/backend/.venv/lib/python3.14/site-packages/redis/asyncio/retry.py", line 55, in call_with_retry
    raise error
  File "/Users/psw/Projects/decision-chat-bot/backend/.venv/lib/python3.14/site-packages/redis/asyncio/retry.py", line 50, in call_with_retry
    return await do()
           ^^^^^^^^^^
  File "/Users/psw/Projects/decision-chat-bot/backend/.venv/lib/python3.14/site-packages/redis/asyncio/connection.py", line 609, in read_response
    raise TimeoutError(f"Timeout reading from {host_error}")
redis.exceptions.TimeoutError: Timeout reading from 127.0.0.1:16391
INFO:     127.0.0.1:65516 - "POST /api/auth/login HTTP/1.1" 200 OK
Received notification from DBMS server: <GqlStatusObject gql_status='01N52', status_description='warn: property key does not exist. The property `display_name` does not exist. Verify that the spelling is correct.', position=<SummaryInputPosition line=1, column=60, offset=59>, raw_classification='UNRECOGNIZED', classification=<NotificationClassification.UNRECOGNIZED: 'UNRECOGNIZED'>, raw_severity='WARNING', severity=<NotificationSeverity.WARNING: 'WARNING'>, diagnostic_record={'_classification': 'UNRECOGNIZED', '_severity': 'WARNING', '_position': {'offset': 59, 'line': 1, 'column': 60}, 'OPERATION': '', 'OPERATION_CODE': '0', 'CURRENT_SCHEMA': '/'}> for query: 'MATCH (u:User {id:$user_id,tenant_id:$tenant_id}) RETURN u.display_name AS display_name'
Received notification from DBMS server: <GqlStatusObject gql_status='01N52', status_description='warn: property key does not exist. The property `display_name` does not exist. Verify that the spelling is correct.', position=<SummaryInputPosition line=1, column=60, offset=59>, raw_classification='UNRECOGNIZED', classification=<NotificationClassification.UNRECOGNIZED: 'UNRECOGNIZED'>, raw_severity='WARNING', severity=<NotificationSeverity.WARNING: 'WARNING'>, diagnostic_record={'_classification': 'UNRECOGNIZED', '_severity': 'WARNING', '_position': {'offset': 59, 'line': 1, 'column': 60}, 'OPERATION': '', 'OPERATION_CODE': '0', 'CURRENT_SCHEMA': '/'}> for query: 'MATCH (u:User {id:$user_id,tenant_id:$tenant_id}) RETURN u.display_name AS display_name'
INFO:     127.0.0.1:65524 - "GET /api/auth/me HTTP/1.1" 200 OK
INFO:     127.0.0.1:65525 - "GET /api/auth/me HTTP/1.1" 200 OK
Received notification from DBMS server: <GqlStatusObject gql_status='01N52', status_description='warn: property key does not exist. The property `display_name` does not exist. Verify that the spelling is correct.', position=<SummaryInputPosition line=1, column=60, offset=59>, raw_classification='UNRECOGNIZED', classification=<NotificationClassification.UNRECOGNIZED: 'UNRECOGNIZED'>, raw_severity='WARNING', severity=<NotificationSeverity.WARNING: 'WARNING'>, diagnostic_record={'_classification': 'UNRECOGNIZED', '_severity': 'WARNING', '_position': {'offset': 59, 'line': 1, 'column': 60}, 'OPERATION': '', 'OPERATION_CODE': '0', 'CURRENT_SCHEMA': '/'}> for query: 'MATCH (u:User {id:$user_id,tenant_id:$tenant_id}) RETURN u.display_name AS display_name'
INFO:     127.0.0.1:65528 - "GET /api/auth/me HTTP/1.1" 200 OK
Received notification from DBMS server: <GqlStatusObject gql_status='01N52', status_description='warn: property key does not exist. The property `display_name` does not exist. Verify that the spelling is correct.', position=<SummaryInputPosition line=1, column=60, offset=59>, raw_classification='UNRECOGNIZED', classification=<NotificationClassification.UNRECOGNIZED: 'UNRECOGNIZED'>, raw_severity='WARNING', severity=<NotificationSeverity.WARNING: 'WARNING'>, diagnostic_record={'_classification': 'UNRECOGNIZED', '_severity': 'WARNING', '_position': {'offset': 59, 'line': 1, 'column': 60}, 'OPERATION': '', 'OPERATION_CODE': '0', 'CURRENT_SCHEMA': '/'}> for query: 'MATCH (u:User {id:$user_id,tenant_id:$tenant_id}) RETURN u.display_name AS display_name'
Received notification from DBMS server: <GqlStatusObject gql_status='01N52', status_description='warn: property key does not exist. The property `display_name` does not exist. Verify that the spelling is correct.', position=<SummaryInputPosition line=1, column=60, offset=59>, raw_classification='UNRECOGNIZED', classification=<NotificationClassification.UNRECOGNIZED: 'UNRECOGNIZED'>, raw_severity='WARNING', severity=<NotificationSeverity.WARNING: 'WARNING'>, diagnostic_record={'_classification': 'UNRECOGNIZED', '_severity': 'WARNING', '_position': {'offset': 59, 'line': 1, 'column': 60}, 'OPERATION': '', 'OPERATION_CODE': '0', 'CURRENT_SCHEMA': '/'}> for query: 'MATCH (u:User {id:$user_id,tenant_id:$tenant_id}) RETURN u.display_name AS display_name'
Received notification from DBMS server: <GqlStatusObject gql_status='01N52', status_description='warn: property key does not exist. The property `display_name` does not exist. Verify that the spelling is correct.', position=<SummaryInputPosition line=1, column=60, offset=59>, raw_classification='UNRECOGNIZED', classification=<NotificationClassification.UNRECOGNIZED: 'UNRECOGNIZED'>, raw_severity='WARNING', severity=<NotificationSeverity.WARNING: 'WARNING'>, diagnostic_record={'_classification': 'UNRECOGNIZED', '_severity': 'WARNING', '_position': {'offset': 59, 'line': 1, 'column': 60}, 'OPERATION': '', 'OPERATION_CODE': '0', 'CURRENT_SCHEMA': '/'}> for query: 'MATCH (u:User {id:$user_id,tenant_id:$tenant_id}) RETURN u.display_name AS display_name'
INFO:     127.0.0.1:65531 - "GET /api/auth/me HTTP/1.1" 200 OK
INFO:     127.0.0.1:65530 - "GET /api/auth/me HTTP/1.1" 200 OK
INFO:     127.0.0.1:65532 - "GET /api/requests?limit=50 HTTP/1.1" 200 OK
INFO:     127.0.0.1:65533 - "GET /api/auth/me HTTP/1.1" 200 OK
INFO:     127.0.0.1:65529 - "GET /api/requests?limit=50 HTTP/1.1" 200 OK
INFO:     127.0.0.1:65535 - "GET /api/events/stream?after=0 HTTP/1.1" 200 OK
Received notification from DBMS server: <GqlStatusObject gql_status='01G11', status_description='warn: null value eliminated in set function', position=None, raw_classification='UNRECOGNIZED', classification=<NotificationClassification.UNRECOGNIZED: 'UNRECOGNIZED'>, raw_severity='WARNING', severity=<NotificationSeverity.WARNING: 'WARNING'>, diagnostic_record={'_classification': 'UNRECOGNIZED', '_severity': 'WARNING', 'OPERATION': '', 'OPERATION_CODE': '0', 'CURRENT_SCHEMA': '/'}> for query: 'MATCH (r:Request {id:$id,tenant_id:$tenant_id}) OPTIONAL MATCH (r)-[:HAS_REVISION]->(i:InputRevision) OPTIONAL MATCH (i)-[:HAS_ATTACHMENT]->(a:Attachment) OPTIONAL MATCH (active:Run {id:r.active_run_id,tenant_id:$tenant_id}) RETURN r,collect(DISTINCT i) AS revisions,collect(DISTINCT a) AS attachments,active'
INFO:     127.0.0.1:49155 - "GET /api/requests/audit_map_req HTTP/1.1" 200 OK
INFO:     127.0.0.1:49157 - "GET /api/requests?limit=50 HTTP/1.1" 200 OK
Redis subscriber disconnected for tenant t-audit-e2e-1005
Traceback (most recent call last):
  File "/Users/psw/Projects/decision-chat-bot/backend/.venv/lib/python3.14/site-packages/redis/asyncio/connection.py", line 591, in read_response
    response = await self._parser.read_response(
               ^^^^^^^^^^^^^^^^^^^^^^^^^^^^^^^^^
        disable_decoding=disable_decoding
        ^^^^^^^^^^^^^^^^^^^^^^^^^^^^^^^^^
    )
    ^
  File "/Users/psw/Projects/decision-chat-bot/backend/.venv/lib/python3.14/site-packages/redis/_parsers/resp2.py", line 82, in read_response
    response = await self._read_response(disable_decoding=disable_decoding)
               ^^^^^^^^^^^^^^^^^^^^^^^^^^^^^^^^^^^^^^^^^^^^^^^^^^^^^^^^^^^^
  File "/Users/psw/Projects/decision-chat-bot/backend/.venv/lib/python3.14/site-packages/redis/_parsers/resp2.py", line 90, in _read_response
    raw = await self._readline()
          ^^^^^^^^^^^^^^^^^^^^^^
  File "/Users/psw/Projects/decision-chat-bot/backend/.venv/lib/python3.14/site-packages/redis/_parsers/base.py", line 283, in _readline
    data = await self._stream.readline()
           ^^^^^^^^^^^^^^^^^^^^^^^^^^^^^
  File "/Library/Frameworks/Python.framework/Versions/3.14/lib/python3.14/asyncio/streams.py", line 562, in readline
    line = await self.readuntil(sep)
           ^^^^^^^^^^^^^^^^^^^^^^^^^
  File "/Library/Frameworks/Python.framework/Versions/3.14/lib/python3.14/asyncio/streams.py", line 677, in readuntil
    await self._wait_for_data('readuntil')
  File "/Library/Frameworks/Python.framework/Versions/3.14/lib/python3.14/asyncio/streams.py", line 539, in _wait_for_data
    await self._waiter
asyncio.exceptions.CancelledError

The above exception was the direct cause of the following exception:

Traceback (most recent call last):
  File "/Users/psw/Projects/decision-chat-bot/backend/.venv/lib/python3.14/site-packages/redis/asyncio/connection.py", line 590, in read_response
    async with async_timeout(read_timeout):
               ~~~~~~~~~~~~~^^^^^^^^^^^^^^
  File "/Library/Frameworks/Python.framework/Versions/3.14/lib/python3.14/asyncio/timeouts.py", line 115, in __aexit__
    raise TimeoutError from exc_val
TimeoutError

During handling of the above exception, another exception occurred:

Traceback (most recent call last):
  File "/Users/psw/Projects/decision-chat-bot/backend/jevtriage/realtime/subscriber.py", line 34, in _listen
    async for message in pubsub.listen():
        if message["type"] == "message":
            self._wake.set()
  File "/Users/psw/Projects/decision-chat-bot/backend/.venv/lib/python3.14/site-packages/redis/asyncio/client.py", line 1097, in listen
    response = await self.handle_message(await self.parse_response(block=True))
                                         ^^^^^^^^^^^^^^^^^^^^^^^^^^^^^^^^^^^^^
  File "/Users/psw/Projects/decision-chat-bot/backend/.venv/lib/python3.14/site-packages/redis/asyncio/client.py", line 984, in parse_response
    response = await self._execute(
               ^^^^^^^^^^^^^^^^^^^^
    ...<5 lines>...
    )
    ^
  File "/Users/psw/Projects/decision-chat-bot/backend/.venv/lib/python3.14/site-packages/redis/asyncio/client.py", line 964, in _execute
    return await conn.retry.call_with_retry(
           ^^^^^^^^^^^^^^^^^^^^^^^^^^^^^^^^^
    ...<2 lines>...
    )
    ^
  File "/Users/psw/Projects/decision-chat-bot/backend/.venv/lib/python3.14/site-packages/redis/asyncio/retry.py", line 55, in call_with_retry
    raise error
  File "/Users/psw/Projects/decision-chat-bot/backend/.venv/lib/python3.14/site-packages/redis/asyncio/retry.py", line 50, in call_with_retry
    return await do()
           ^^^^^^^^^^
  File "/Users/psw/Projects/decision-chat-bot/backend/.venv/lib/python3.14/site-packages/redis/asyncio/connection.py", line 609, in read_response
    raise TimeoutError(f"Timeout reading from {host_error}")
redis.exceptions.TimeoutError: Timeout reading from 127.0.0.1:16391
Redis subscriber disconnected for tenant t-audit-e2e-1005
Traceback (most recent call last):
  File "/Users/psw/Projects/decision-chat-bot/backend/.venv/lib/python3.14/site-packages/redis/asyncio/connection.py", line 591, in read_response
    response = await self._parser.read_response(
               ^^^^^^^^^^^^^^^^^^^^^^^^^^^^^^^^^
        disable_decoding=disable_decoding
        ^^^^^^^^^^^^^^^^^^^^^^^^^^^^^^^^^
    )
    ^
  File "/Users/psw/Projects/decision-chat-bot/backend/.venv/lib/python3.14/site-packages/redis/_parsers/resp2.py", line 82, in read_response
    response = await self._read_response(disable_decoding=disable_decoding)
               ^^^^^^^^^^^^^^^^^^^^^^^^^^^^^^^^^^^^^^^^^^^^^^^^^^^^^^^^^^^^
  File "/Users/psw/Projects/decision-chat-bot/backend/.venv/lib/python3.14/site-packages/redis/_parsers/resp2.py", line 90, in _read_response
    raw = await self._readline()
          ^^^^^^^^^^^^^^^^^^^^^^
  File "/Users/psw/Projects/decision-chat-bot/backend/.venv/lib/python3.14/site-packages/redis/_parsers/base.py", line 283, in _readline
    data = await self._stream.readline()
           ^^^^^^^^^^^^^^^^^^^^^^^^^^^^^
  File "/Library/Frameworks/Python.framework/Versions/3.14/lib/python3.14/asyncio/streams.py", line 562, in readline
    line = await self.readuntil(sep)
           ^^^^^^^^^^^^^^^^^^^^^^^^^
  File "/Library/Frameworks/Python.framework/Versions/3.14/lib/python3.14/asyncio/streams.py", line 677, in readuntil
    await self._wait_for_data('readuntil')
  File "/Library/Frameworks/Python.framework/Versions/3.14/lib/python3.14/asyncio/streams.py", line 539, in _wait_for_data
    await self._waiter
asyncio.exceptions.CancelledError

The above exception was the direct cause of the following exception:

Traceback (most recent call last):
  File "/Users/psw/Projects/decision-chat-bot/backend/.venv/lib/python3.14/site-packages/redis/asyncio/connection.py", line 590, in read_response
    async with async_timeout(read_timeout):
               ~~~~~~~~~~~~~^^^^^^^^^^^^^^
  File "/Library/Frameworks/Python.framework/Versions/3.14/lib/python3.14/asyncio/timeouts.py", line 115, in __aexit__
    raise TimeoutError from exc_val
TimeoutError

During handling of the above exception, another exception occurred:

Traceback (most recent call last):
  File "/Users/psw/Projects/decision-chat-bot/backend/jevtriage/realtime/subscriber.py", line 34, in _listen
    async for message in pubsub.listen():
        if message["type"] == "message":
            self._wake.set()
  File "/Users/psw/Projects/decision-chat-bot/backend/.venv/lib/python3.14/site-packages/redis/asyncio/client.py", line 1097, in listen
    response = await self.handle_message(await self.parse_response(block=True))
                                         ^^^^^^^^^^^^^^^^^^^^^^^^^^^^^^^^^^^^^
  File "/Users/psw/Projects/decision-chat-bot/backend/.venv/lib/python3.14/site-packages/redis/asyncio/client.py", line 984, in parse_response
    response = await self._execute(
               ^^^^^^^^^^^^^^^^^^^^
    ...<5 lines>...
    )
    ^
  File "/Users/psw/Projects/decision-chat-bot/backend/.venv/lib/python3.14/site-packages/redis/asyncio/client.py", line 964, in _execute
    return await conn.retry.call_with_retry(
           ^^^^^^^^^^^^^^^^^^^^^^^^^^^^^^^^^
    ...<2 lines>...
    )
    ^
  File "/Users/psw/Projects/decision-chat-bot/backend/.venv/lib/python3.14/site-packages/redis/asyncio/retry.py", line 55, in call_with_retry
    raise error
  File "/Users/psw/Projects/decision-chat-bot/backend/.venv/lib/python3.14/site-packages/redis/asyncio/retry.py", line 50, in call_with_retry
    return await do()
           ^^^^^^^^^^
  File "/Users/psw/Projects/decision-chat-bot/backend/.venv/lib/python3.14/site-packages/redis/asyncio/connection.py", line 609, in read_response
    raise TimeoutError(f"Timeout reading from {host_error}")
redis.exceptions.TimeoutError: Timeout reading from 127.0.0.1:16391
Redis subscriber disconnected for tenant t-audit-e2e-1005
Traceback (most recent call last):
  File "/Users/psw/Projects/decision-chat-bot/backend/.venv/lib/python3.14/site-packages/redis/asyncio/connection.py", line 591, in read_response
    response = await self._parser.read_response(
               ^^^^^^^^^^^^^^^^^^^^^^^^^^^^^^^^^
        disable_decoding=disable_decoding
        ^^^^^^^^^^^^^^^^^^^^^^^^^^^^^^^^^
    )
    ^
  File "/Users/psw/Projects/decision-chat-bot/backend/.venv/lib/python3.14/site-packages/redis/_parsers/resp2.py", line 82, in read_response
    response = await self._read_response(disable_decoding=disable_decoding)
               ^^^^^^^^^^^^^^^^^^^^^^^^^^^^^^^^^^^^^^^^^^^^^^^^^^^^^^^^^^^^
  File "/Users/psw/Projects/decision-chat-bot/backend/.venv/lib/python3.14/site-packages/redis/_parsers/resp2.py", line 90, in _read_response
    raw = await self._readline()
          ^^^^^^^^^^^^^^^^^^^^^^
  File "/Users/psw/Projects/decision-chat-bot/backend/.venv/lib/python3.14/site-packages/redis/_parsers/base.py", line 283, in _readline
    data = await self._stream.readline()
           ^^^^^^^^^^^^^^^^^^^^^^^^^^^^^
  File "/Library/Frameworks/Python.framework/Versions/3.14/lib/python3.14/asyncio/streams.py", line 562, in readline
    line = await self.readuntil(sep)
           ^^^^^^^^^^^^^^^^^^^^^^^^^
  File "/Library/Frameworks/Python.framework/Versions/3.14/lib/python3.14/asyncio/streams.py", line 677, in readuntil
    await self._wait_for_data('readuntil')
  File "/Library/Frameworks/Python.framework/Versions/3.14/lib/python3.14/asyncio/streams.py", line 539, in _wait_for_data
    await self._waiter
asyncio.exceptions.CancelledError

The above exception was the direct cause of the following exception:

Traceback (most recent call last):
  File "/Users/psw/Projects/decision-chat-bot/backend/.venv/lib/python3.14/site-packages/redis/asyncio/connection.py", line 590, in read_response
    async with async_timeout(read_timeout):
               ~~~~~~~~~~~~~^^^^^^^^^^^^^^
  File "/Library/Frameworks/Python.framework/Versions/3.14/lib/python3.14/asyncio/timeouts.py", line 115, in __aexit__
    raise TimeoutError from exc_val
TimeoutError

During handling of the above exception, another exception occurred:

Traceback (most recent call last):
  File "/Users/psw/Projects/decision-chat-bot/backend/jevtriage/realtime/subscriber.py", line 34, in _listen
    async for message in pubsub.listen():
        if message["type"] == "message":
            self._wake.set()
  File "/Users/psw/Projects/decision-chat-bot/backend/.venv/lib/python3.14/site-packages/redis/asyncio/client.py", line 1097, in listen
    response = await self.handle_message(await self.parse_response(block=True))
                                         ^^^^^^^^^^^^^^^^^^^^^^^^^^^^^^^^^^^^^
  File "/Users/psw/Projects/decision-chat-bot/backend/.venv/lib/python3.14/site-packages/redis/asyncio/client.py", line 984, in parse_response
    response = await self._execute(
               ^^^^^^^^^^^^^^^^^^^^
    ...<5 lines>...
    )
    ^
  File "/Users/psw/Projects/decision-chat-bot/backend/.venv/lib/python3.14/site-packages/redis/asyncio/client.py", line 964, in _execute
    return await conn.retry.call_with_retry(
           ^^^^^^^^^^^^^^^^^^^^^^^^^^^^^^^^^
    ...<2 lines>...
    )
    ^
  File "/Users/psw/Projects/decision-chat-bot/backend/.venv/lib/python3.14/site-packages/redis/asyncio/retry.py", line 55, in call_with_retry
    raise error
  File "/Users/psw/Projects/decision-chat-bot/backend/.venv/lib/python3.14/site-packages/redis/asyncio/retry.py", line 50, in call_with_retry
    return await do()
           ^^^^^^^^^^
  File "/Users/psw/Projects/decision-chat-bot/backend/.venv/lib/python3.14/site-packages/redis/asyncio/connection.py", line 609, in read_response
    raise TimeoutError(f"Timeout reading from {host_error}")
redis.exceptions.TimeoutError: Timeout reading from 127.0.0.1:16391
INFO:     127.0.0.1:49183 - "POST /api/auth/login HTTP/1.1" 200 OK
Received notification from DBMS server: <GqlStatusObject gql_status='01N52', status_description='warn: property key does not exist. The property `display_name` does not exist. Verify that the spelling is correct.', position=<SummaryInputPosition line=1, column=60, offset=59>, raw_classification='UNRECOGNIZED', classification=<NotificationClassification.UNRECOGNIZED: 'UNRECOGNIZED'>, raw_severity='WARNING', severity=<NotificationSeverity.WARNING: 'WARNING'>, diagnostic_record={'_classification': 'UNRECOGNIZED', '_severity': 'WARNING', '_position': {'offset': 59, 'line': 1, 'column': 60}, 'OPERATION': '', 'OPERATION_CODE': '0', 'CURRENT_SCHEMA': '/'}> for query: 'MATCH (u:User {id:$user_id,tenant_id:$tenant_id}) RETURN u.display_name AS display_name'
Received notification from DBMS server: <GqlStatusObject gql_status='01N52', status_description='warn: property key does not exist. The property `display_name` does not exist. Verify that the spelling is correct.', position=<SummaryInputPosition line=1, column=60, offset=59>, raw_classification='UNRECOGNIZED', classification=<NotificationClassification.UNRECOGNIZED: 'UNRECOGNIZED'>, raw_severity='WARNING', severity=<NotificationSeverity.WARNING: 'WARNING'>, diagnostic_record={'_classification': 'UNRECOGNIZED', '_severity': 'WARNING', '_position': {'offset': 59, 'line': 1, 'column': 60}, 'OPERATION': '', 'OPERATION_CODE': '0', 'CURRENT_SCHEMA': '/'}> for query: 'MATCH (u:User {id:$user_id,tenant_id:$tenant_id}) RETURN u.display_name AS display_name'
INFO:     127.0.0.1:49196 - "GET /api/auth/me HTTP/1.1" 200 OK
INFO:     127.0.0.1:49195 - "GET /api/auth/me HTTP/1.1" 200 OK
Received notification from DBMS server: <GqlStatusObject gql_status='01N52', status_description='warn: property key does not exist. The property `display_name` does not exist. Verify that the spelling is correct.', position=<SummaryInputPosition line=1, column=60, offset=59>, raw_classification='UNRECOGNIZED', classification=<NotificationClassification.UNRECOGNIZED: 'UNRECOGNIZED'>, raw_severity='WARNING', severity=<NotificationSeverity.WARNING: 'WARNING'>, diagnostic_record={'_classification': 'UNRECOGNIZED', '_severity': 'WARNING', '_position': {'offset': 59, 'line': 1, 'column': 60}, 'OPERATION': '', 'OPERATION_CODE': '0', 'CURRENT_SCHEMA': '/'}> for query: 'MATCH (u:User {id:$user_id,tenant_id:$tenant_id}) RETURN u.display_name AS display_name'
Received notification from DBMS server: <GqlStatusObject gql_status='01N52', status_description='warn: property key does not exist. The property `display_name` does not exist. Verify that the spelling is correct.', position=<SummaryInputPosition line=1, column=60, offset=59>, raw_classification='UNRECOGNIZED', classification=<NotificationClassification.UNRECOGNIZED: 'UNRECOGNIZED'>, raw_severity='WARNING', severity=<NotificationSeverity.WARNING: 'WARNING'>, diagnostic_record={'_classification': 'UNRECOGNIZED', '_severity': 'WARNING', '_position': {'offset': 59, 'line': 1, 'column': 60}, 'OPERATION': '', 'OPERATION_CODE': '0', 'CURRENT_SCHEMA': '/'}> for query: 'MATCH (u:User {id:$user_id,tenant_id:$tenant_id}) RETURN u.display_name AS display_name'
INFO:     127.0.0.1:49199 - "GET /api/auth/me HTTP/1.1" 200 OK
Received notification from DBMS server: <GqlStatusObject gql_status='01N52', status_description='warn: property key does not exist. The property `display_name` does not exist. Verify that the spelling is correct.', position=<SummaryInputPosition line=1, column=60, offset=59>, raw_classification='UNRECOGNIZED', classification=<NotificationClassification.UNRECOGNIZED: 'UNRECOGNIZED'>, raw_severity='WARNING', severity=<NotificationSeverity.WARNING: 'WARNING'>, diagnostic_record={'_classification': 'UNRECOGNIZED', '_severity': 'WARNING', '_position': {'offset': 59, 'line': 1, 'column': 60}, 'OPERATION': '', 'OPERATION_CODE': '0', 'CURRENT_SCHEMA': '/'}> for query: 'MATCH (u:User {id:$user_id,tenant_id:$tenant_id}) RETURN u.display_name AS display_name'
Received notification from DBMS server: <GqlStatusObject gql_status='01N52', status_description='warn: property key does not exist. The property `display_name` does not exist. Verify that the spelling is correct.', position=<SummaryInputPosition line=1, column=60, offset=59>, raw_classification='UNRECOGNIZED', classification=<NotificationClassification.UNRECOGNIZED: 'UNRECOGNIZED'>, raw_severity='WARNING', severity=<NotificationSeverity.WARNING: 'WARNING'>, diagnostic_record={'_classification': 'UNRECOGNIZED', '_severity': 'WARNING', '_position': {'offset': 59, 'line': 1, 'column': 60}, 'OPERATION': '', 'OPERATION_CODE': '0', 'CURRENT_SCHEMA': '/'}> for query: 'MATCH (u:User {id:$user_id,tenant_id:$tenant_id}) RETURN u.display_name AS display_name'
INFO:     127.0.0.1:49201 - "GET /api/auth/me HTTP/1.1" 200 OK
INFO:     127.0.0.1:49204 - "GET /api/auth/me HTTP/1.1" 200 OK
INFO:     127.0.0.1:49202 - "GET /api/auth/me HTTP/1.1" 200 OK
INFO:     127.0.0.1:49203 - "GET /api/requests?limit=50 HTTP/1.1" 200 OK
INFO:     127.0.0.1:49200 - "GET /api/requests?limit=50 HTTP/1.1" 200 OK
INFO:     127.0.0.1:49206 - "GET /api/events/stream?after=0 HTTP/1.1" 200 OK
Received notification from DBMS server: <GqlStatusObject gql_status='01G11', status_description='warn: null value eliminated in set function', position=None, raw_classification='UNRECOGNIZED', classification=<NotificationClassification.UNRECOGNIZED: 'UNRECOGNIZED'>, raw_severity='WARNING', severity=<NotificationSeverity.WARNING: 'WARNING'>, diagnostic_record={'_classification': 'UNRECOGNIZED', '_severity': 'WARNING', 'OPERATION': '', 'OPERATION_CODE': '0', 'CURRENT_SCHEMA': '/'}> for query: 'MATCH (r:Request {id:$id,tenant_id:$tenant_id}) OPTIONAL MATCH (r)-[:HAS_REVISION]->(i:InputRevision) OPTIONAL MATCH (i)-[:HAS_ATTACHMENT]->(a:Attachment) OPTIONAL MATCH (active:Run {id:r.active_run_id,tenant_id:$tenant_id}) RETURN r,collect(DISTINCT i) AS revisions,collect(DISTINCT a) AS attachments,active'
INFO:     127.0.0.1:49210 - "GET /api/requests/audit_map_req HTTP/1.1" 200 OK
INFO:     127.0.0.1:49212 - "GET /api/requests?limit=50 HTTP/1.1" 200 OK
Redis subscriber disconnected for tenant t-audit-e2e-1005
Traceback (most recent call last):
  File "/Users/psw/Projects/decision-chat-bot/backend/.venv/lib/python3.14/site-packages/redis/asyncio/connection.py", line 591, in read_response
    response = await self._parser.read_response(
               ^^^^^^^^^^^^^^^^^^^^^^^^^^^^^^^^^
        disable_decoding=disable_decoding
        ^^^^^^^^^^^^^^^^^^^^^^^^^^^^^^^^^
    )
    ^
  File "/Users/psw/Projects/decision-chat-bot/backend/.venv/lib/python3.14/site-packages/redis/_parsers/resp2.py", line 82, in read_response
    response = await self._read_response(disable_decoding=disable_decoding)
               ^^^^^^^^^^^^^^^^^^^^^^^^^^^^^^^^^^^^^^^^^^^^^^^^^^^^^^^^^^^^
  File "/Users/psw/Projects/decision-chat-bot/backend/.venv/lib/python3.14/site-packages/redis/_parsers/resp2.py", line 90, in _read_response
    raw = await self._readline()
          ^^^^^^^^^^^^^^^^^^^^^^
  File "/Users/psw/Projects/decision-chat-bot/backend/.venv/lib/python3.14/site-packages/redis/_parsers/base.py", line 283, in _readline
    data = await self._stream.readline()
           ^^^^^^^^^^^^^^^^^^^^^^^^^^^^^
  File "/Library/Frameworks/Python.framework/Versions/3.14/lib/python3.14/asyncio/streams.py", line 562, in readline
    line = await self.readuntil(sep)
           ^^^^^^^^^^^^^^^^^^^^^^^^^
  File "/Library/Frameworks/Python.framework/Versions/3.14/lib/python3.14/asyncio/streams.py", line 677, in readuntil
    await self._wait_for_data('readuntil')
  File "/Library/Frameworks/Python.framework/Versions/3.14/lib/python3.14/asyncio/streams.py", line 539, in _wait_for_data
    await self._waiter
asyncio.exceptions.CancelledError

The above exception was the direct cause of the following exception:

Traceback (most recent call last):
  File "/Users/psw/Projects/decision-chat-bot/backend/.venv/lib/python3.14/site-packages/redis/asyncio/connection.py", line 590, in read_response
    async with async_timeout(read_timeout):
               ~~~~~~~~~~~~~^^^^^^^^^^^^^^
  File "/Library/Frameworks/Python.framework/Versions/3.14/lib/python3.14/asyncio/timeouts.py", line 115, in __aexit__
    raise TimeoutError from exc_val
TimeoutError

During handling of the above exception, another exception occurred:

Traceback (most recent call last):
  File "/Users/psw/Projects/decision-chat-bot/backend/jevtriage/realtime/subscriber.py", line 34, in _listen
    async for message in pubsub.listen():
        if message["type"] == "message":
            self._wake.set()
  File "/Users/psw/Projects/decision-chat-bot/backend/.venv/lib/python3.14/site-packages/redis/asyncio/client.py", line 1097, in listen
    response = await self.handle_message(await self.parse_response(block=True))
                                         ^^^^^^^^^^^^^^^^^^^^^^^^^^^^^^^^^^^^^
  File "/Users/psw/Projects/decision-chat-bot/backend/.venv/lib/python3.14/site-packages/redis/asyncio/client.py", line 984, in parse_response
    response = await self._execute(
               ^^^^^^^^^^^^^^^^^^^^
    ...<5 lines>...
    )
    ^
  File "/Users/psw/Projects/decision-chat-bot/backend/.venv/lib/python3.14/site-packages/redis/asyncio/client.py", line 964, in _execute
    return await conn.retry.call_with_retry(
           ^^^^^^^^^^^^^^^^^^^^^^^^^^^^^^^^^
    ...<2 lines>...
    )
    ^
  File "/Users/psw/Projects/decision-chat-bot/backend/.venv/lib/python3.14/site-packages/redis/asyncio/retry.py", line 55, in call_with_retry
    raise error
  File "/Users/psw/Projects/decision-chat-bot/backend/.venv/lib/python3.14/site-packages/redis/asyncio/retry.py", line 50, in call_with_retry
    return await do()
           ^^^^^^^^^^
  File "/Users/psw/Projects/decision-chat-bot/backend/.venv/lib/python3.14/site-packages/redis/asyncio/connection.py", line 609, in read_response
    raise TimeoutError(f"Timeout reading from {host_error}")
redis.exceptions.TimeoutError: Timeout reading from 127.0.0.1:16391
Redis subscriber disconnected for tenant t-audit-e2e-1005
Traceback (most recent call last):
  File "/Users/psw/Projects/decision-chat-bot/backend/.venv/lib/python3.14/site-packages/redis/asyncio/connection.py", line 591, in read_response
    response = await self._parser.read_response(
               ^^^^^^^^^^^^^^^^^^^^^^^^^^^^^^^^^
        disable_decoding=disable_decoding
        ^^^^^^^^^^^^^^^^^^^^^^^^^^^^^^^^^
    )
    ^
  File "/Users/psw/Projects/decision-chat-bot/backend/.venv/lib/python3.14/site-packages/redis/_parsers/resp2.py", line 82, in read_response
    response = await self._read_response(disable_decoding=disable_decoding)
               ^^^^^^^^^^^^^^^^^^^^^^^^^^^^^^^^^^^^^^^^^^^^^^^^^^^^^^^^^^^^
  File "/Users/psw/Projects/decision-chat-bot/backend/.venv/lib/python3.14/site-packages/redis/_parsers/resp2.py", line 90, in _read_response
    raw = await self._readline()
          ^^^^^^^^^^^^^^^^^^^^^^
  File "/Users/psw/Projects/decision-chat-bot/backend/.venv/lib/python3.14/site-packages/redis/_parsers/base.py", line 283, in _readline
    data = await self._stream.readline()
           ^^^^^^^^^^^^^^^^^^^^^^^^^^^^^
  File "/Library/Frameworks/Python.framework/Versions/3.14/lib/python3.14/asyncio/streams.py", line 562, in readline
    line = await self.readuntil(sep)
           ^^^^^^^^^^^^^^^^^^^^^^^^^
  File "/Library/Frameworks/Python.framework/Versions/3.14/lib/python3.14/asyncio/streams.py", line 677, in readuntil
    await self._wait_for_data('readuntil')
  File "/Library/Frameworks/Python.framework/Versions/3.14/lib/python3.14/asyncio/streams.py", line 539, in _wait_for_data
    await self._waiter
asyncio.exceptions.CancelledError

The above exception was the direct cause of the following exception:

Traceback (most recent call last):
  File "/Users/psw/Projects/decision-chat-bot/backend/.venv/lib/python3.14/site-packages/redis/asyncio/connection.py", line 590, in read_response
    async with async_timeout(read_timeout):
               ~~~~~~~~~~~~~^^^^^^^^^^^^^^
  File "/Library/Frameworks/Python.framework/Versions/3.14/lib/python3.14/asyncio/timeouts.py", line 115, in __aexit__
    raise TimeoutError from exc_val
TimeoutError

During handling of the above exception, another exception occurred:

Traceback (most recent call last):
  File "/Users/psw/Projects/decision-chat-bot/backend/jevtriage/realtime/subscriber.py", line 34, in _listen
    async for message in pubsub.listen():
        if message["type"] == "message":
            self._wake.set()
  File "/Users/psw/Projects/decision-chat-bot/backend/.venv/lib/python3.14/site-packages/redis/asyncio/client.py", line 1097, in listen
    response = await self.handle_message(await self.parse_response(block=True))
                                         ^^^^^^^^^^^^^^^^^^^^^^^^^^^^^^^^^^^^^
  File "/Users/psw/Projects/decision-chat-bot/backend/.venv/lib/python3.14/site-packages/redis/asyncio/client.py", line 984, in parse_response
    response = await self._execute(
               ^^^^^^^^^^^^^^^^^^^^
    ...<5 lines>...
    )
    ^
  File "/Users/psw/Projects/decision-chat-bot/backend/.venv/lib/python3.14/site-packages/redis/asyncio/client.py", line 964, in _execute
    return await conn.retry.call_with_retry(
           ^^^^^^^^^^^^^^^^^^^^^^^^^^^^^^^^^
    ...<2 lines>...
    )
    ^
  File "/Users/psw/Projects/decision-chat-bot/backend/.venv/lib/python3.14/site-packages/redis/asyncio/retry.py", line 55, in call_with_retry
    raise error
  File "/Users/psw/Projects/decision-chat-bot/backend/.venv/lib/python3.14/site-packages/redis/asyncio/retry.py", line 50, in call_with_retry
    return await do()
           ^^^^^^^^^^
  File "/Users/psw/Projects/decision-chat-bot/backend/.venv/lib/python3.14/site-packages/redis/asyncio/connection.py", line 609, in read_response
    raise TimeoutError(f"Timeout reading from {host_error}")
redis.exceptions.TimeoutError: Timeout reading from 127.0.0.1:16391
Redis subscriber disconnected for tenant t-audit-e2e-1005
Traceback (most recent call last):
  File "/Users/psw/Projects/decision-chat-bot/backend/.venv/lib/python3.14/site-packages/redis/asyncio/connection.py", line 591, in read_response
    response = await self._parser.read_response(
               ^^^^^^^^^^^^^^^^^^^^^^^^^^^^^^^^^
        disable_decoding=disable_decoding
        ^^^^^^^^^^^^^^^^^^^^^^^^^^^^^^^^^
    )
    ^
  File "/Users/psw/Projects/decision-chat-bot/backend/.venv/lib/python3.14/site-packages/redis/_parsers/resp2.py", line 82, in read_response
    response = await self._read_response(disable_decoding=disable_decoding)
               ^^^^^^^^^^^^^^^^^^^^^^^^^^^^^^^^^^^^^^^^^^^^^^^^^^^^^^^^^^^^
  File "/Users/psw/Projects/decision-chat-bot/backend/.venv/lib/python3.14/site-packages/redis/_parsers/resp2.py", line 90, in _read_response
    raw = await self._readline()
          ^^^^^^^^^^^^^^^^^^^^^^
  File "/Users/psw/Projects/decision-chat-bot/backend/.venv/lib/python3.14/site-packages/redis/_parsers/base.py", line 283, in _readline
    data = await self._stream.readline()
           ^^^^^^^^^^^^^^^^^^^^^^^^^^^^^
  File "/Library/Frameworks/Python.framework/Versions/3.14/lib/python3.14/asyncio/streams.py", line 562, in readline
    line = await self.readuntil(sep)
           ^^^^^^^^^^^^^^^^^^^^^^^^^
  File "/Library/Frameworks/Python.framework/Versions/3.14/lib/python3.14/asyncio/streams.py", line 677, in readuntil
    await self._wait_for_data('readuntil')
  File "/Library/Frameworks/Python.framework/Versions/3.14/lib/python3.14/asyncio/streams.py", line 539, in _wait_for_data
    await self._waiter
asyncio.exceptions.CancelledError

The above exception was the direct cause of the following exception:

Traceback (most recent call last):
  File "/Users/psw/Projects/decision-chat-bot/backend/.venv/lib/python3.14/site-packages/redis/asyncio/connection.py", line 590, in read_response
    async with async_timeout(read_timeout):
               ~~~~~~~~~~~~~^^^^^^^^^^^^^^
  File "/Library/Frameworks/Python.framework/Versions/3.14/lib/python3.14/asyncio/timeouts.py", line 115, in __aexit__
    raise TimeoutError from exc_val
TimeoutError

During handling of the above exception, another exception occurred:

Traceback (most recent call last):
  File "/Users/psw/Projects/decision-chat-bot/backend/jevtriage/realtime/subscriber.py", line 34, in _listen
    async for message in pubsub.listen():
        if message["type"] == "message":
            self._wake.set()
  File "/Users/psw/Projects/decision-chat-bot/backend/.venv/lib/python3.14/site-packages/redis/asyncio/client.py", line 1097, in listen
    response = await self.handle_message(await self.parse_response(block=True))
                                         ^^^^^^^^^^^^^^^^^^^^^^^^^^^^^^^^^^^^^
  File "/Users/psw/Projects/decision-chat-bot/backend/.venv/lib/python3.14/site-packages/redis/asyncio/client.py", line 984, in parse_response
    response = await self._execute(
               ^^^^^^^^^^^^^^^^^^^^
    ...<5 lines>...
    )
    ^
  File "/Users/psw/Projects/decision-chat-bot/backend/.venv/lib/python3.14/site-packages/redis/asyncio/client.py", line 964, in _execute
    return await conn.retry.call_with_retry(
           ^^^^^^^^^^^^^^^^^^^^^^^^^^^^^^^^^
    ...<2 lines>...
    )
    ^
  File "/Users/psw/Projects/decision-chat-bot/backend/.venv/lib/python3.14/site-packages/redis/asyncio/retry.py", line 55, in call_with_retry
    raise error
  File "/Users/psw/Projects/decision-chat-bot/backend/.venv/lib/python3.14/site-packages/redis/asyncio/retry.py", line 50, in call_with_retry
    return await do()
           ^^^^^^^^^^
  File "/Users/psw/Projects/decision-chat-bot/backend/.venv/lib/python3.14/site-packages/redis/asyncio/connection.py", line 609, in read_response
    raise TimeoutError(f"Timeout reading from {host_error}")
redis.exceptions.TimeoutError: Timeout reading from 127.0.0.1:16391
INFO:     127.0.0.1:49235 - "POST /api/auth/login HTTP/1.1" 200 OK
Received notification from DBMS server: <GqlStatusObject gql_status='01N52', status_description='warn: property key does not exist. The property `display_name` does not exist. Verify that the spelling is correct.', position=<SummaryInputPosition line=1, column=60, offset=59>, raw_classification='UNRECOGNIZED', classification=<NotificationClassification.UNRECOGNIZED: 'UNRECOGNIZED'>, raw_severity='WARNING', severity=<NotificationSeverity.WARNING: 'WARNING'>, diagnostic_record={'_classification': 'UNRECOGNIZED', '_severity': 'WARNING', '_position': {'offset': 59, 'line': 1, 'column': 60}, 'OPERATION': '', 'OPERATION_CODE': '0', 'CURRENT_SCHEMA': '/'}> for query: 'MATCH (u:User {id:$user_id,tenant_id:$tenant_id}) RETURN u.display_name AS display_name'
Received notification from DBMS server: <GqlStatusObject gql_status='01N52', status_description='warn: property key does not exist. The property `display_name` does not exist. Verify that the spelling is correct.', position=<SummaryInputPosition line=1, column=60, offset=59>, raw_classification='UNRECOGNIZED', classification=<NotificationClassification.UNRECOGNIZED: 'UNRECOGNIZED'>, raw_severity='WARNING', severity=<NotificationSeverity.WARNING: 'WARNING'>, diagnostic_record={'_classification': 'UNRECOGNIZED', '_severity': 'WARNING', '_position': {'offset': 59, 'line': 1, 'column': 60}, 'OPERATION': '', 'OPERATION_CODE': '0', 'CURRENT_SCHEMA': '/'}> for query: 'MATCH (u:User {id:$user_id,tenant_id:$tenant_id}) RETURN u.display_name AS display_name'
INFO:     127.0.0.1:49243 - "GET /api/auth/me HTTP/1.1" 200 OK
INFO:     127.0.0.1:49244 - "GET /api/auth/me HTTP/1.1" 200 OK
Received notification from DBMS server: <GqlStatusObject gql_status='01N52', status_description='warn: property key does not exist. The property `display_name` does not exist. Verify that the spelling is correct.', position=<SummaryInputPosition line=1, column=60, offset=59>, raw_classification='UNRECOGNIZED', classification=<NotificationClassification.UNRECOGNIZED: 'UNRECOGNIZED'>, raw_severity='WARNING', severity=<NotificationSeverity.WARNING: 'WARNING'>, diagnostic_record={'_classification': 'UNRECOGNIZED', '_severity': 'WARNING', '_position': {'offset': 59, 'line': 1, 'column': 60}, 'OPERATION': '', 'OPERATION_CODE': '0', 'CURRENT_SCHEMA': '/'}> for query: 'MATCH (u:User {id:$user_id,tenant_id:$tenant_id}) RETURN u.display_name AS display_name'
Received notification from DBMS server: <GqlStatusObject gql_status='01N52', status_description='warn: property key does not exist. The property `display_name` does not exist. Verify that the spelling is correct.', position=<SummaryInputPosition line=1, column=60, offset=59>, raw_classification='UNRECOGNIZED', classification=<NotificationClassification.UNRECOGNIZED: 'UNRECOGNIZED'>, raw_severity='WARNING', severity=<NotificationSeverity.WARNING: 'WARNING'>, diagnostic_record={'_classification': 'UNRECOGNIZED', '_severity': 'WARNING', '_position': {'offset': 59, 'line': 1, 'column': 60}, 'OPERATION': '', 'OPERATION_CODE': '0', 'CURRENT_SCHEMA': '/'}> for query: 'MATCH (u:User {id:$user_id,tenant_id:$tenant_id}) RETURN u.display_name AS display_name'
INFO:     127.0.0.1:49247 - "GET /api/auth/me HTTP/1.1" 200 OK
INFO:     127.0.0.1:49249 - "GET /api/auth/me HTTP/1.1" 200 OK
INFO:     127.0.0.1:49248 - "GET /api/requests?limit=50 HTTP/1.1" 200 OK
Received notification from DBMS server: <GqlStatusObject gql_status='01N52', status_description='warn: property key does not exist. The property `display_name` does not exist. Verify that the spelling is correct.', position=<SummaryInputPosition line=1, column=60, offset=59>, raw_classification='UNRECOGNIZED', classification=<NotificationClassification.UNRECOGNIZED: 'UNRECOGNIZED'>, raw_severity='WARNING', severity=<NotificationSeverity.WARNING: 'WARNING'>, diagnostic_record={'_classification': 'UNRECOGNIZED', '_severity': 'WARNING', '_position': {'offset': 59, 'line': 1, 'column': 60}, 'OPERATION': '', 'OPERATION_CODE': '0', 'CURRENT_SCHEMA': '/'}> for query: 'MATCH (u:User {id:$user_id,tenant_id:$tenant_id}) RETURN u.display_name AS display_name'
Received notification from DBMS server: <GqlStatusObject gql_status='01N52', status_description='warn: property key does not exist. The property `display_name` does not exist. Verify that the spelling is correct.', position=<SummaryInputPosition line=1, column=60, offset=59>, raw_classification='UNRECOGNIZED', classification=<NotificationClassification.UNRECOGNIZED: 'UNRECOGNIZED'>, raw_severity='WARNING', severity=<NotificationSeverity.WARNING: 'WARNING'>, diagnostic_record={'_classification': 'UNRECOGNIZED', '_severity': 'WARNING', '_position': {'offset': 59, 'line': 1, 'column': 60}, 'OPERATION': '', 'OPERATION_CODE': '0', 'CURRENT_SCHEMA': '/'}> for query: 'MATCH (u:User {id:$user_id,tenant_id:$tenant_id}) RETURN u.display_name AS display_name'
INFO:     127.0.0.1:49252 - "GET /api/auth/me HTTP/1.1" 200 OK
INFO:     127.0.0.1:49250 - "GET /api/auth/me HTTP/1.1" 200 OK
INFO:     127.0.0.1:49251 - "GET /api/requests?limit=50 HTTP/1.1" 200 OK
INFO:     127.0.0.1:49254 - "GET /api/events/stream?after=0 HTTP/1.1" 200 OK
Received notification from DBMS server: <GqlStatusObject gql_status='01G11', status_description='warn: null value eliminated in set function', position=None, raw_classification='UNRECOGNIZED', classification=<NotificationClassification.UNRECOGNIZED: 'UNRECOGNIZED'>, raw_severity='WARNING', severity=<NotificationSeverity.WARNING: 'WARNING'>, diagnostic_record={'_classification': 'UNRECOGNIZED', '_severity': 'WARNING', 'OPERATION': '', 'OPERATION_CODE': '0', 'CURRENT_SCHEMA': '/'}> for query: 'MATCH (r:Request {id:$id,tenant_id:$tenant_id}) OPTIONAL MATCH (r)-[:HAS_REVISION]->(i:InputRevision) OPTIONAL MATCH (i)-[:HAS_ATTACHMENT]->(a:Attachment) OPTIONAL MATCH (active:Run {id:r.active_run_id,tenant_id:$tenant_id}) RETURN r,collect(DISTINCT i) AS revisions,collect(DISTINCT a) AS attachments,active'
INFO:     127.0.0.1:49257 - "GET /api/requests/audit_map_req HTTP/1.1" 200 OK
INFO:     127.0.0.1:49264 - "GET /api/requests?limit=50 HTTP/1.1" 200 OK
Received notification from DBMS server: <GqlStatusObject gql_status='01G11', status_description='warn: null value eliminated in set function', position=None, raw_classification='UNRECOGNIZED', classification=<NotificationClassification.UNRECOGNIZED: 'UNRECOGNIZED'>, raw_severity='WARNING', severity=<NotificationSeverity.WARNING: 'WARNING'>, diagnostic_record={'_classification': 'UNRECOGNIZED', '_severity': 'WARNING', 'OPERATION': '', 'OPERATION_CODE': '0', 'CURRENT_SCHEMA': '/'}> for query: 'MATCH (r:Request {id:$id,tenant_id:$tenant_id}) OPTIONAL MATCH (r)-[:HAS_REVISION]->(i:InputRevision) OPTIONAL MATCH (i)-[:HAS_ATTACHMENT]->(a:Attachment) OPTIONAL MATCH (active:Run {id:r.active_run_id,tenant_id:$tenant_id}) RETURN r,collect(DISTINCT i) AS revisions,collect(DISTINCT a) AS attachments,active'
INFO:     127.0.0.1:49265 - "GET /api/requests/req_93da2161d61e454d8ff411f6c72e557d/runs HTTP/1.1" 200 OK
INFO:     127.0.0.1:49266 - "GET /api/events/snapshot?request_id=req_93da2161d61e454d8ff411f6c72e557d HTTP/1.1" 200 OK
INFO:     127.0.0.1:49268 - "GET /api/requests/req_93da2161d61e454d8ff411f6c72e557d/judgment HTTP/1.1" 404 Not Found
INFO:     127.0.0.1:49267 - "GET /api/requests/req_93da2161d61e454d8ff411f6c72e557d HTTP/1.1" 200 OK
Received notification from DBMS server: <GqlStatusObject gql_status='01G11', status_description='warn: null value eliminated in set function', position=None, raw_classification='UNRECOGNIZED', classification=<NotificationClassification.UNRECOGNIZED: 'UNRECOGNIZED'>, raw_severity='WARNING', severity=<NotificationSeverity.WARNING: 'WARNING'>, diagnostic_record={'_classification': 'UNRECOGNIZED', '_severity': 'WARNING', 'OPERATION': '', 'OPERATION_CODE': '0', 'CURRENT_SCHEMA': '/'}> for query: 'MATCH (q:Request {tenant_id:$tenant,id:$request}) MATCH (r:Run {tenant_id:$tenant,request_id:$request}) WHERE r.id=coalesce($run,q.active_run_id) OPTIONAL MATCH (r)-[:HAS_STEP]->(s:RunStep {tenant_id:$tenant}) RETURN q.status AS request_status,q.first_received_at AS received, r AS run,collect(s) AS steps'
INFO:     127.0.0.1:49270 - "GET /api/requests/req_93da2161d61e454d8ff411f6c72e557d/progress HTTP/1.1" 200 OK
INFO:     127.0.0.1:49272 - "GET /api/events/stream?after=106 HTTP/1.1" 200 OK
INFO:     127.0.0.1:49280 - "POST /api/auth/login HTTP/1.1" 200 OK
Received notification from DBMS server: <GqlStatusObject gql_status='01N52', status_description='warn: property key does not exist. The property `display_name` does not exist. Verify that the spelling is correct.', position=<SummaryInputPosition line=1, column=60, offset=59>, raw_classification='UNRECOGNIZED', classification=<NotificationClassification.UNRECOGNIZED: 'UNRECOGNIZED'>, raw_severity='WARNING', severity=<NotificationSeverity.WARNING: 'WARNING'>, diagnostic_record={'_classification': 'UNRECOGNIZED', '_severity': 'WARNING', '_position': {'offset': 59, 'line': 1, 'column': 60}, 'OPERATION': '', 'OPERATION_CODE': '0', 'CURRENT_SCHEMA': '/'}> for query: 'MATCH (u:User {id:$user_id,tenant_id:$tenant_id}) RETURN u.display_name AS display_name'
Received notification from DBMS server: <GqlStatusObject gql_status='01N52', status_description='warn: property key does not exist. The property `display_name` does not exist. Verify that the spelling is correct.', position=<SummaryInputPosition line=1, column=60, offset=59>, raw_classification='UNRECOGNIZED', classification=<NotificationClassification.UNRECOGNIZED: 'UNRECOGNIZED'>, raw_severity='WARNING', severity=<NotificationSeverity.WARNING: 'WARNING'>, diagnostic_record={'_classification': 'UNRECOGNIZED', '_severity': 'WARNING', '_position': {'offset': 59, 'line': 1, 'column': 60}, 'OPERATION': '', 'OPERATION_CODE': '0', 'CURRENT_SCHEMA': '/'}> for query: 'MATCH (u:User {id:$user_id,tenant_id:$tenant_id}) RETURN u.display_name AS display_name'
INFO:     127.0.0.1:49290 - "GET /api/auth/me HTTP/1.1" 200 OK
INFO:     127.0.0.1:49289 - "GET /api/auth/me HTTP/1.1" 200 OK
Received notification from DBMS server: <GqlStatusObject gql_status='01N52', status_description='warn: property key does not exist. The property `display_name` does not exist. Verify that the spelling is correct.', position=<SummaryInputPosition line=1, column=60, offset=59>, raw_classification='UNRECOGNIZED', classification=<NotificationClassification.UNRECOGNIZED: 'UNRECOGNIZED'>, raw_severity='WARNING', severity=<NotificationSeverity.WARNING: 'WARNING'>, diagnostic_record={'_classification': 'UNRECOGNIZED', '_severity': 'WARNING', '_position': {'offset': 59, 'line': 1, 'column': 60}, 'OPERATION': '', 'OPERATION_CODE': '0', 'CURRENT_SCHEMA': '/'}> for query: 'MATCH (u:User {id:$user_id,tenant_id:$tenant_id}) RETURN u.display_name AS display_name'
Received notification from DBMS server: <GqlStatusObject gql_status='01N52', status_description='warn: property key does not exist. The property `display_name` does not exist. Verify that the spelling is correct.', position=<SummaryInputPosition line=1, column=60, offset=59>, raw_classification='UNRECOGNIZED', classification=<NotificationClassification.UNRECOGNIZED: 'UNRECOGNIZED'>, raw_severity='WARNING', severity=<NotificationSeverity.WARNING: 'WARNING'>, diagnostic_record={'_classification': 'UNRECOGNIZED', '_severity': 'WARNING', '_position': {'offset': 59, 'line': 1, 'column': 60}, 'OPERATION': '', 'OPERATION_CODE': '0', 'CURRENT_SCHEMA': '/'}> for query: 'MATCH (u:User {id:$user_id,tenant_id:$tenant_id}) RETURN u.display_name AS display_name'
INFO:     127.0.0.1:49293 - "GET /api/auth/me HTTP/1.1" 200 OK
INFO:     127.0.0.1:49294 - "GET /api/auth/me HTTP/1.1" 200 OK
INFO:     127.0.0.1:49295 - "GET /api/policy/active HTTP/1.1" 200 OK
INFO:     127.0.0.1:49296 - "GET /api/policy/versions HTTP/1.1" 200 OK
INFO:     127.0.0.1:49298 - "GET /api/policy/versions HTTP/1.1" 200 OK
INFO:     127.0.0.1:49300 - "GET /api/events/stream?after=0 HTTP/1.1" 200 OK
INFO:     127.0.0.1:49297 - "GET /api/policy/active HTTP/1.1" 200 OK
INFO:     127.0.0.1:49308 - "POST /api/policy/validate HTTP/1.1" 200 OK
INFO:     127.0.0.1:49313 - "POST /api/auth/login HTTP/1.1" 200 OK
Received notification from DBMS server: <GqlStatusObject gql_status='01N52', status_description='warn: property key does not exist. The property `display_name` does not exist. Verify that the spelling is correct.', position=<SummaryInputPosition line=1, column=60, offset=59>, raw_classification='UNRECOGNIZED', classification=<NotificationClassification.UNRECOGNIZED: 'UNRECOGNIZED'>, raw_severity='WARNING', severity=<NotificationSeverity.WARNING: 'WARNING'>, diagnostic_record={'_classification': 'UNRECOGNIZED', '_severity': 'WARNING', '_position': {'offset': 59, 'line': 1, 'column': 60}, 'OPERATION': '', 'OPERATION_CODE': '0', 'CURRENT_SCHEMA': '/'}> for query: 'MATCH (u:User {id:$user_id,tenant_id:$tenant_id}) RETURN u.display_name AS display_name'
Received notification from DBMS server: <GqlStatusObject gql_status='01N52', status_description='warn: property key does not exist. The property `display_name` does not exist. Verify that the spelling is correct.', position=<SummaryInputPosition line=1, column=60, offset=59>, raw_classification='UNRECOGNIZED', classification=<NotificationClassification.UNRECOGNIZED: 'UNRECOGNIZED'>, raw_severity='WARNING', severity=<NotificationSeverity.WARNING: 'WARNING'>, diagnostic_record={'_classification': 'UNRECOGNIZED', '_severity': 'WARNING', '_position': {'offset': 59, 'line': 1, 'column': 60}, 'OPERATION': '', 'OPERATION_CODE': '0', 'CURRENT_SCHEMA': '/'}> for query: 'MATCH (u:User {id:$user_id,tenant_id:$tenant_id}) RETURN u.display_name AS display_name'
INFO:     127.0.0.1:49327 - "GET /api/auth/me HTTP/1.1" 200 OK
INFO:     127.0.0.1:49328 - "GET /api/auth/me HTTP/1.1" 200 OK
Received notification from DBMS server: <GqlStatusObject gql_status='01N52', status_description='warn: property key does not exist. The property `display_name` does not exist. Verify that the spelling is correct.', position=<SummaryInputPosition line=1, column=60, offset=59>, raw_classification='UNRECOGNIZED', classification=<NotificationClassification.UNRECOGNIZED: 'UNRECOGNIZED'>, raw_severity='WARNING', severity=<NotificationSeverity.WARNING: 'WARNING'>, diagnostic_record={'_classification': 'UNRECOGNIZED', '_severity': 'WARNING', '_position': {'offset': 59, 'line': 1, 'column': 60}, 'OPERATION': '', 'OPERATION_CODE': '0', 'CURRENT_SCHEMA': '/'}> for query: 'MATCH (u:User {id:$user_id,tenant_id:$tenant_id}) RETURN u.display_name AS display_name'
Received notification from DBMS server: <GqlStatusObject gql_status='01N52', status_description='warn: property key does not exist. The property `display_name` does not exist. Verify that the spelling is correct.', position=<SummaryInputPosition line=1, column=60, offset=59>, raw_classification='UNRECOGNIZED', classification=<NotificationClassification.UNRECOGNIZED: 'UNRECOGNIZED'>, raw_severity='WARNING', severity=<NotificationSeverity.WARNING: 'WARNING'>, diagnostic_record={'_classification': 'UNRECOGNIZED', '_severity': 'WARNING', '_position': {'offset': 59, 'line': 1, 'column': 60}, 'OPERATION': '', 'OPERATION_CODE': '0', 'CURRENT_SCHEMA': '/'}> for query: 'MATCH (u:User {id:$user_id,tenant_id:$tenant_id}) RETURN u.display_name AS display_name'
INFO:     127.0.0.1:49333 - "GET /api/auth/me HTTP/1.1" 200 OK
INFO:     127.0.0.1:49334 - "GET /api/auth/me HTTP/1.1" 200 OK
INFO:     127.0.0.1:49336 - "GET /api/policy/versions HTTP/1.1" 200 OK
INFO:     127.0.0.1:49335 - "GET /api/policy/active HTTP/1.1" 200 OK
INFO:     127.0.0.1:49337 - "GET /api/policy/active HTTP/1.1" 200 OK
INFO:     127.0.0.1:49338 - "GET /api/policy/versions HTTP/1.1" 200 OK
INFO:     127.0.0.1:49340 - "GET /api/events/stream?after=0 HTTP/1.1" 200 OK
INFO:     127.0.0.1:49351 - "POST /api/policy/validate HTTP/1.1" 200 OK
INFO:     127.0.0.1:49356 - "POST /api/auth/login HTTP/1.1" 200 OK
Received notification from DBMS server: <GqlStatusObject gql_status='01N52', status_description='warn: property key does not exist. The property `display_name` does not exist. Verify that the spelling is correct.', position=<SummaryInputPosition line=1, column=60, offset=59>, raw_classification='UNRECOGNIZED', classification=<NotificationClassification.UNRECOGNIZED: 'UNRECOGNIZED'>, raw_severity='WARNING', severity=<NotificationSeverity.WARNING: 'WARNING'>, diagnostic_record={'_classification': 'UNRECOGNIZED', '_severity': 'WARNING', '_position': {'offset': 59, 'line': 1, 'column': 60}, 'OPERATION': '', 'OPERATION_CODE': '0', 'CURRENT_SCHEMA': '/'}> for query: 'MATCH (u:User {id:$user_id,tenant_id:$tenant_id}) RETURN u.display_name AS display_name'
Received notification from DBMS server: <GqlStatusObject gql_status='01N52', status_description='warn: property key does not exist. The property `display_name` does not exist. Verify that the spelling is correct.', position=<SummaryInputPosition line=1, column=60, offset=59>, raw_classification='UNRECOGNIZED', classification=<NotificationClassification.UNRECOGNIZED: 'UNRECOGNIZED'>, raw_severity='WARNING', severity=<NotificationSeverity.WARNING: 'WARNING'>, diagnostic_record={'_classification': 'UNRECOGNIZED', '_severity': 'WARNING', '_position': {'offset': 59, 'line': 1, 'column': 60}, 'OPERATION': '', 'OPERATION_CODE': '0', 'CURRENT_SCHEMA': '/'}> for query: 'MATCH (u:User {id:$user_id,tenant_id:$tenant_id}) RETURN u.display_name AS display_name'
INFO:     127.0.0.1:49364 - "GET /api/auth/me HTTP/1.1" 200 OK
INFO:     127.0.0.1:49365 - "GET /api/auth/me HTTP/1.1" 200 OK
Received notification from DBMS server: <GqlStatusObject gql_status='01N52', status_description='warn: property key does not exist. The property `display_name` does not exist. Verify that the spelling is correct.', position=<SummaryInputPosition line=1, column=60, offset=59>, raw_classification='UNRECOGNIZED', classification=<NotificationClassification.UNRECOGNIZED: 'UNRECOGNIZED'>, raw_severity='WARNING', severity=<NotificationSeverity.WARNING: 'WARNING'>, diagnostic_record={'_classification': 'UNRECOGNIZED', '_severity': 'WARNING', '_position': {'offset': 59, 'line': 1, 'column': 60}, 'OPERATION': '', 'OPERATION_CODE': '0', 'CURRENT_SCHEMA': '/'}> for query: 'MATCH (u:User {id:$user_id,tenant_id:$tenant_id}) RETURN u.display_name AS display_name'
Received notification from DBMS server: <GqlStatusObject gql_status='01N52', status_description='warn: property key does not exist. The property `display_name` does not exist. Verify that the spelling is correct.', position=<SummaryInputPosition line=1, column=60, offset=59>, raw_classification='UNRECOGNIZED', classification=<NotificationClassification.UNRECOGNIZED: 'UNRECOGNIZED'>, raw_severity='WARNING', severity=<NotificationSeverity.WARNING: 'WARNING'>, diagnostic_record={'_classification': 'UNRECOGNIZED', '_severity': 'WARNING', '_position': {'offset': 59, 'line': 1, 'column': 60}, 'OPERATION': '', 'OPERATION_CODE': '0', 'CURRENT_SCHEMA': '/'}> for query: 'MATCH (u:User {id:$user_id,tenant_id:$tenant_id}) RETURN u.display_name AS display_name'
INFO:     127.0.0.1:49369 - "GET /api/auth/me HTTP/1.1" 200 OK
INFO:     127.0.0.1:49368 - "GET /api/auth/me HTTP/1.1" 200 OK
INFO:     127.0.0.1:49370 - "GET /api/policy/active HTTP/1.1" 200 OK
INFO:     127.0.0.1:49371 - "GET /api/policy/versions HTTP/1.1" 200 OK
INFO:     127.0.0.1:49373 - "GET /api/policy/versions HTTP/1.1" 200 OK
INFO:     127.0.0.1:49372 - "GET /api/policy/active HTTP/1.1" 200 OK
INFO:     127.0.0.1:49375 - "GET /api/events/stream?after=0 HTTP/1.1" 200 OK
INFO:     127.0.0.1:49383 - "POST /api/policy/validate HTTP/1.1" 200 OK
INFO:     127.0.0.1:49390 - "POST /api/auth/login HTTP/1.1" 200 OK
Received notification from DBMS server: <GqlStatusObject gql_status='01N52', status_description='warn: property key does not exist. The property `display_name` does not exist. Verify that the spelling is correct.', position=<SummaryInputPosition line=1, column=60, offset=59>, raw_classification='UNRECOGNIZED', classification=<NotificationClassification.UNRECOGNIZED: 'UNRECOGNIZED'>, raw_severity='WARNING', severity=<NotificationSeverity.WARNING: 'WARNING'>, diagnostic_record={'_classification': 'UNRECOGNIZED', '_severity': 'WARNING', '_position': {'offset': 59, 'line': 1, 'column': 60}, 'OPERATION': '', 'OPERATION_CODE': '0', 'CURRENT_SCHEMA': '/'}> for query: 'MATCH (u:User {id:$user_id,tenant_id:$tenant_id}) RETURN u.display_name AS display_name'
Received notification from DBMS server: <GqlStatusObject gql_status='01N52', status_description='warn: property key does not exist. The property `display_name` does not exist. Verify that the spelling is correct.', position=<SummaryInputPosition line=1, column=60, offset=59>, raw_classification='UNRECOGNIZED', classification=<NotificationClassification.UNRECOGNIZED: 'UNRECOGNIZED'>, raw_severity='WARNING', severity=<NotificationSeverity.WARNING: 'WARNING'>, diagnostic_record={'_classification': 'UNRECOGNIZED', '_severity': 'WARNING', '_position': {'offset': 59, 'line': 1, 'column': 60}, 'OPERATION': '', 'OPERATION_CODE': '0', 'CURRENT_SCHEMA': '/'}> for query: 'MATCH (u:User {id:$user_id,tenant_id:$tenant_id}) RETURN u.display_name AS display_name'
INFO:     127.0.0.1:49399 - "GET /api/auth/me HTTP/1.1" 200 OK
INFO:     127.0.0.1:49398 - "GET /api/auth/me HTTP/1.1" 200 OK
Received notification from DBMS server: <GqlStatusObject gql_status='01N52', status_description='warn: property key does not exist. The property `display_name` does not exist. Verify that the spelling is correct.', position=<SummaryInputPosition line=1, column=60, offset=59>, raw_classification='UNRECOGNIZED', classification=<NotificationClassification.UNRECOGNIZED: 'UNRECOGNIZED'>, raw_severity='WARNING', severity=<NotificationSeverity.WARNING: 'WARNING'>, diagnostic_record={'_classification': 'UNRECOGNIZED', '_severity': 'WARNING', '_position': {'offset': 59, 'line': 1, 'column': 60}, 'OPERATION': '', 'OPERATION_CODE': '0', 'CURRENT_SCHEMA': '/'}> for query: 'MATCH (u:User {id:$user_id,tenant_id:$tenant_id}) RETURN u.display_name AS display_name'
Received notification from DBMS server: <GqlStatusObject gql_status='01N52', status_description='warn: property key does not exist. The property `display_name` does not exist. Verify that the spelling is correct.', position=<SummaryInputPosition line=1, column=60, offset=59>, raw_classification='UNRECOGNIZED', classification=<NotificationClassification.UNRECOGNIZED: 'UNRECOGNIZED'>, raw_severity='WARNING', severity=<NotificationSeverity.WARNING: 'WARNING'>, diagnostic_record={'_classification': 'UNRECOGNIZED', '_severity': 'WARNING', '_position': {'offset': 59, 'line': 1, 'column': 60}, 'OPERATION': '', 'OPERATION_CODE': '0', 'CURRENT_SCHEMA': '/'}> for query: 'MATCH (u:User {id:$user_id,tenant_id:$tenant_id}) RETURN u.display_name AS display_name'
INFO:     127.0.0.1:49402 - "GET /api/auth/me HTTP/1.1" 200 OK
INFO:     127.0.0.1:49403 - "GET /api/auth/me HTTP/1.1" 200 OK
INFO:     127.0.0.1:49404 - "GET /api/monitoring/slo HTTP/1.1" 200 OK
INFO:     127.0.0.1:49405 - "GET /api/monitoring/failures?from=2026-09-05T03%3A36%3A00.000Z&to=2026-10-05T03%3A36%3A00.000Z HTTP/1.1" 200 OK
INFO:     127.0.0.1:49406 - "GET /api/monitoring/alerts HTTP/1.1" 200 OK
Received notification from DBMS server: <GqlStatusObject gql_status='01N52', status_description='warn: property key does not exist. The property `org_id` does not exist. Verify that the spelling is correct.', position=<SummaryInputPosition line=3, column=73, offset=175>, raw_classification='UNRECOGNIZED', classification=<NotificationClassification.UNRECOGNIZED: 'UNRECOGNIZED'>, raw_severity='WARNING', severity=<NotificationSeverity.WARNING: 'WARNING'>, diagnostic_record={'_classification': 'UNRECOGNIZED', '_severity': 'WARNING', '_position': {'offset': 175, 'line': 3, 'column': 73}, 'OPERATION': '', 'OPERATION_CODE': '0', 'CURRENT_SCHEMA': '/'}> for query: 'MATCH (v:Review {tenant_id:$tenant})\n            MATCH (r:Request {tenant_id:$tenant,id:v.request_id})\n            WHERE ($org IS NULL OR $org IN coalesce(r.org_ids, []) OR r.org_id=$org)\n              AND ($status IS NULL OR r.status=$status)\n            RETURN v.status AS status,\n            CASE WHEN v.decided_at IS NULL THEN datetime().epochMillis\n                 ELSE v.decided_at.epochMillis END - v.created_at.epochMillis AS wait_ms'
Received notification from DBMS server: <GqlStatusObject gql_status='01N52', status_description='warn: property key does not exist. The property `org_id` does not exist. Verify that the spelling is correct.', position=<SummaryInputPosition line=5, column=26, offset=289>, raw_classification='UNRECOGNIZED', classification=<NotificationClassification.UNRECOGNIZED: 'UNRECOGNIZED'>, raw_severity='WARNING', severity=<NotificationSeverity.WARNING: 'WARNING'>, diagnostic_record={'_classification': 'UNRECOGNIZED', '_severity': 'WARNING', '_position': {'offset': 289, 'line': 5, 'column': 26}, 'OPERATION': '', 'OPERATION_CODE': '0', 'CURRENT_SCHEMA': '/'}> for query: "MATCH (q:Request {tenant_id:$tenant})\n            WHERE q.created_at >= datetime($start) AND q.created_at <= datetime($end)\n              AND ($status IS NULL OR q.status=$status)\n              AND ($org IS NULL OR $org IN coalesce(q.org_ids, []) OR q.org_id=$org\n                   OR (q.org_id IS NULL AND q.org_ids IS NULL))\n            OPTIONAL MATCH (a:Assignment {tenant_id:$tenant,request_id:q.id})\n            OPTIONAL MATCH (v:Review {tenant_id:$tenant,request_id:q.id})-[:HAS_DECISION]->(d:ReviewDecision)\n            RETURN q.id AS id, q.org_id AS org_id, q.org_ids AS org_ids,\n                   count(DISTINCT CASE WHEN a.pathway='auto' THEN a.id END) AS auto_assignments,\n                   count(DISTINCT d.id) AS review_decisions"
Received notification from DBMS server: <GqlStatusObject gql_status='01N52', status_description='warn: property key does not exist. The property `org_id` does not exist. Verify that the spelling is correct.', position=<SummaryInputPosition line=4, column=73, offset=252>, raw_classification='UNRECOGNIZED', classification=<NotificationClassification.UNRECOGNIZED: 'UNRECOGNIZED'>, raw_severity='WARNING', severity=<NotificationSeverity.WARNING: 'WARNING'>, diagnostic_record={'_classification': 'UNRECOGNIZED', '_severity': 'WARNING', '_position': {'offset': 252, 'line': 4, 'column': 73}, 'OPERATION': '', 'OPERATION_CODE': '0', 'CURRENT_SCHEMA': '/'}> for query: "MATCH (q:Request {tenant_id:$tenant})\n            WHERE q.created_at >= datetime($start) AND q.created_at <= datetime($end)\n              AND ($status IS NULL OR q.status=$status)\n              AND ($org IS NULL OR $org IN coalesce(q.org_ids, []) OR q.org_id=$org\n                   OR (q.org_id IS NULL AND q.org_ids IS NULL))\n            OPTIONAL MATCH (a:Assignment {tenant_id:$tenant,request_id:q.id})\n            OPTIONAL MATCH (v:Review {tenant_id:$tenant,request_id:q.id})-[:HAS_DECISION]->(d:ReviewDecision)\n            RETURN q.id AS id, q.org_id AS org_id, q.org_ids AS org_ids,\n                   count(DISTINCT CASE WHEN a.pathway='auto' THEN a.id END) AS auto_assignments,\n                   count(DISTINCT d.id) AS review_decisions"
Received notification from DBMS server: <GqlStatusObject gql_status='01N52', status_description='warn: property key does not exist. The property `org_id` does not exist. Verify that the spelling is correct.', position=<SummaryInputPosition line=8, column=34, offset=549>, raw_classification='UNRECOGNIZED', classification=<NotificationClassification.UNRECOGNIZED: 'UNRECOGNIZED'>, raw_severity='WARNING', severity=<NotificationSeverity.WARNING: 'WARNING'>, diagnostic_record={'_classification': 'UNRECOGNIZED', '_severity': 'WARNING', '_position': {'offset': 549, 'line': 8, 'column': 34}, 'OPERATION': '', 'OPERATION_CODE': '0', 'CURRENT_SCHEMA': '/'}> for query: "MATCH (q:Request {tenant_id:$tenant})\n            WHERE q.created_at >= datetime($start) AND q.created_at <= datetime($end)\n              AND ($status IS NULL OR q.status=$status)\n              AND ($org IS NULL OR $org IN coalesce(q.org_ids, []) OR q.org_id=$org\n                   OR (q.org_id IS NULL AND q.org_ids IS NULL))\n            OPTIONAL MATCH (a:Assignment {tenant_id:$tenant,request_id:q.id})\n            OPTIONAL MATCH (v:Review {tenant_id:$tenant,request_id:q.id})-[:HAS_DECISION]->(d:ReviewDecision)\n            RETURN q.id AS id, q.org_id AS org_id, q.org_ids AS org_ids,\n                   count(DISTINCT CASE WHEN a.pathway='auto' THEN a.id END) AS auto_assignments,\n                   count(DISTINCT d.id) AS review_decisions"
Received notification from DBMS server: <GqlStatusObject gql_status='01G11', status_description='warn: null value eliminated in set function', position=None, raw_classification='UNRECOGNIZED', classification=<NotificationClassification.UNRECOGNIZED: 'UNRECOGNIZED'>, raw_severity='WARNING', severity=<NotificationSeverity.WARNING: 'WARNING'>, diagnostic_record={'_classification': 'UNRECOGNIZED', '_severity': 'WARNING', 'OPERATION': '', 'OPERATION_CODE': '0', 'CURRENT_SCHEMA': '/'}> for query: "MATCH (q:Request {tenant_id:$tenant})\n            WHERE q.created_at >= datetime($start) AND q.created_at <= datetime($end)\n              AND ($status IS NULL OR q.status=$status)\n              AND ($org IS NULL OR $org IN coalesce(q.org_ids, []) OR q.org_id=$org\n                   OR (q.org_id IS NULL AND q.org_ids IS NULL))\n            OPTIONAL MATCH (a:Assignment {tenant_id:$tenant,request_id:q.id})\n            OPTIONAL MATCH (v:Review {tenant_id:$tenant,request_id:q.id})-[:HAS_DECISION]->(d:ReviewDecision)\n            RETURN q.id AS id, q.org_id AS org_id, q.org_ids AS org_ids,\n                   count(DISTINCT CASE WHEN a.pathway='auto' THEN a.id END) AS auto_assignments,\n                   count(DISTINCT d.id) AS review_decisions"
INFO:     127.0.0.1:49415 - "GET /api/monitoring/summary?from=2026-09-05T03%3A36%3A00.000Z&to=2026-10-05T03%3A36%3A00.000Z HTTP/1.1" 200 OK
INFO:     127.0.0.1:49418 - "POST /api/auth/login HTTP/1.1" 200 OK
Received notification from DBMS server: <GqlStatusObject gql_status='01N52', status_description='warn: property key does not exist. The property `display_name` does not exist. Verify that the spelling is correct.', position=<SummaryInputPosition line=1, column=60, offset=59>, raw_classification='UNRECOGNIZED', classification=<NotificationClassification.UNRECOGNIZED: 'UNRECOGNIZED'>, raw_severity='WARNING', severity=<NotificationSeverity.WARNING: 'WARNING'>, diagnostic_record={'_classification': 'UNRECOGNIZED', '_severity': 'WARNING', '_position': {'offset': 59, 'line': 1, 'column': 60}, 'OPERATION': '', 'OPERATION_CODE': '0', 'CURRENT_SCHEMA': '/'}> for query: 'MATCH (u:User {id:$user_id,tenant_id:$tenant_id}) RETURN u.display_name AS display_name'
Received notification from DBMS server: <GqlStatusObject gql_status='01N52', status_description='warn: property key does not exist. The property `display_name` does not exist. Verify that the spelling is correct.', position=<SummaryInputPosition line=1, column=60, offset=59>, raw_classification='UNRECOGNIZED', classification=<NotificationClassification.UNRECOGNIZED: 'UNRECOGNIZED'>, raw_severity='WARNING', severity=<NotificationSeverity.WARNING: 'WARNING'>, diagnostic_record={'_classification': 'UNRECOGNIZED', '_severity': 'WARNING', '_position': {'offset': 59, 'line': 1, 'column': 60}, 'OPERATION': '', 'OPERATION_CODE': '0', 'CURRENT_SCHEMA': '/'}> for query: 'MATCH (u:User {id:$user_id,tenant_id:$tenant_id}) RETURN u.display_name AS display_name'
INFO:     127.0.0.1:49427 - "GET /api/auth/me HTTP/1.1" 200 OK
INFO:     127.0.0.1:49426 - "GET /api/auth/me HTTP/1.1" 200 OK
Received notification from DBMS server: <GqlStatusObject gql_status='01N52', status_description='warn: property key does not exist. The property `display_name` does not exist. Verify that the spelling is correct.', position=<SummaryInputPosition line=1, column=60, offset=59>, raw_classification='UNRECOGNIZED', classification=<NotificationClassification.UNRECOGNIZED: 'UNRECOGNIZED'>, raw_severity='WARNING', severity=<NotificationSeverity.WARNING: 'WARNING'>, diagnostic_record={'_classification': 'UNRECOGNIZED', '_severity': 'WARNING', '_position': {'offset': 59, 'line': 1, 'column': 60}, 'OPERATION': '', 'OPERATION_CODE': '0', 'CURRENT_SCHEMA': '/'}> for query: 'MATCH (u:User {id:$user_id,tenant_id:$tenant_id}) RETURN u.display_name AS display_name'
INFO:     127.0.0.1:49430 - "GET /api/auth/me HTTP/1.1" 200 OK
Received notification from DBMS server: <GqlStatusObject gql_status='01N52', status_description='warn: property key does not exist. The property `display_name` does not exist. Verify that the spelling is correct.', position=<SummaryInputPosition line=1, column=60, offset=59>, raw_classification='UNRECOGNIZED', classification=<NotificationClassification.UNRECOGNIZED: 'UNRECOGNIZED'>, raw_severity='WARNING', severity=<NotificationSeverity.WARNING: 'WARNING'>, diagnostic_record={'_classification': 'UNRECOGNIZED', '_severity': 'WARNING', '_position': {'offset': 59, 'line': 1, 'column': 60}, 'OPERATION': '', 'OPERATION_CODE': '0', 'CURRENT_SCHEMA': '/'}> for query: 'MATCH (u:User {id:$user_id,tenant_id:$tenant_id}) RETURN u.display_name AS display_name'
Received notification from DBMS server: <GqlStatusObject gql_status='01N52', status_description='warn: property key does not exist. The property `display_name` does not exist. Verify that the spelling is correct.', position=<SummaryInputPosition line=1, column=60, offset=59>, raw_classification='UNRECOGNIZED', classification=<NotificationClassification.UNRECOGNIZED: 'UNRECOGNIZED'>, raw_severity='WARNING', severity=<NotificationSeverity.WARNING: 'WARNING'>, diagnostic_record={'_classification': 'UNRECOGNIZED', '_severity': 'WARNING', '_position': {'offset': 59, 'line': 1, 'column': 60}, 'OPERATION': '', 'OPERATION_CODE': '0', 'CURRENT_SCHEMA': '/'}> for query: 'MATCH (u:User {id:$user_id,tenant_id:$tenant_id}) RETURN u.display_name AS display_name'
INFO:     127.0.0.1:49431 - "GET /api/requests?limit=50 HTTP/1.1" 200 OK
INFO:     127.0.0.1:49432 - "GET /api/auth/me HTTP/1.1" 200 OK
INFO:     127.0.0.1:49434 - "GET /api/requests?limit=50 HTTP/1.1" 200 OK
INFO:     127.0.0.1:49433 - "GET /api/auth/me HTTP/1.1" 200 OK
Received notification from DBMS server: <GqlStatusObject gql_status='01N52', status_description='warn: property key does not exist. The property `display_name` does not exist. Verify that the spelling is correct.', position=<SummaryInputPosition line=1, column=60, offset=59>, raw_classification='UNRECOGNIZED', classification=<NotificationClassification.UNRECOGNIZED: 'UNRECOGNIZED'>, raw_severity='WARNING', severity=<NotificationSeverity.WARNING: 'WARNING'>, diagnostic_record={'_classification': 'UNRECOGNIZED', '_severity': 'WARNING', '_position': {'offset': 59, 'line': 1, 'column': 60}, 'OPERATION': '', 'OPERATION_CODE': '0', 'CURRENT_SCHEMA': '/'}> for query: 'MATCH (u:User {id:$user_id,tenant_id:$tenant_id}) RETURN u.display_name AS display_name'
INFO:     127.0.0.1:49435 - "GET /api/auth/me HTTP/1.1" 200 OK
INFO:     127.0.0.1:49438 - "GET /api/events/stream?after=0 HTTP/1.1" 200 OK
Received notification from DBMS server: <GqlStatusObject gql_status='01G11', status_description='warn: null value eliminated in set function', position=None, raw_classification='UNRECOGNIZED', classification=<NotificationClassification.UNRECOGNIZED: 'UNRECOGNIZED'>, raw_severity='WARNING', severity=<NotificationSeverity.WARNING: 'WARNING'>, diagnostic_record={'_classification': 'UNRECOGNIZED', '_severity': 'WARNING', 'OPERATION': '', 'OPERATION_CODE': '0', 'CURRENT_SCHEMA': '/'}> for query: 'MATCH (r:Request {id:$id,tenant_id:$tenant_id}) OPTIONAL MATCH (r)-[:HAS_REVISION]->(i:InputRevision) OPTIONAL MATCH (i)-[:HAS_ATTACHMENT]->(a:Attachment) OPTIONAL MATCH (active:Run {id:r.active_run_id,tenant_id:$tenant_id}) RETURN r,collect(DISTINCT i) AS revisions,collect(DISTINCT a) AS attachments,active'
INFO:     127.0.0.1:49442 - "GET /api/requests/audit_map_req HTTP/1.1" 200 OK
INFO:     127.0.0.1:49444 - "GET /api/requests?limit=50 HTTP/1.1" 200 OK
Redis subscriber disconnected for tenant t-audit-e2e-1005
Traceback (most recent call last):
  File "/Users/psw/Projects/decision-chat-bot/backend/.venv/lib/python3.14/site-packages/redis/asyncio/connection.py", line 591, in read_response
    response = await self._parser.read_response(
               ^^^^^^^^^^^^^^^^^^^^^^^^^^^^^^^^^
        disable_decoding=disable_decoding
        ^^^^^^^^^^^^^^^^^^^^^^^^^^^^^^^^^
    )
    ^
  File "/Users/psw/Projects/decision-chat-bot/backend/.venv/lib/python3.14/site-packages/redis/_parsers/resp2.py", line 82, in read_response
    response = await self._read_response(disable_decoding=disable_decoding)
               ^^^^^^^^^^^^^^^^^^^^^^^^^^^^^^^^^^^^^^^^^^^^^^^^^^^^^^^^^^^^
  File "/Users/psw/Projects/decision-chat-bot/backend/.venv/lib/python3.14/site-packages/redis/_parsers/resp2.py", line 90, in _read_response
    raw = await self._readline()
          ^^^^^^^^^^^^^^^^^^^^^^
  File "/Users/psw/Projects/decision-chat-bot/backend/.venv/lib/python3.14/site-packages/redis/_parsers/base.py", line 283, in _readline
    data = await self._stream.readline()
           ^^^^^^^^^^^^^^^^^^^^^^^^^^^^^
  File "/Library/Frameworks/Python.framework/Versions/3.14/lib/python3.14/asyncio/streams.py", line 562, in readline
    line = await self.readuntil(sep)
           ^^^^^^^^^^^^^^^^^^^^^^^^^
  File "/Library/Frameworks/Python.framework/Versions/3.14/lib/python3.14/asyncio/streams.py", line 677, in readuntil
    await self._wait_for_data('readuntil')
  File "/Library/Frameworks/Python.framework/Versions/3.14/lib/python3.14/asyncio/streams.py", line 539, in _wait_for_data
    await self._waiter
asyncio.exceptions.CancelledError

The above exception was the direct cause of the following exception:

Traceback (most recent call last):
  File "/Users/psw/Projects/decision-chat-bot/backend/.venv/lib/python3.14/site-packages/redis/asyncio/connection.py", line 590, in read_response
    async with async_timeout(read_timeout):
               ~~~~~~~~~~~~~^^^^^^^^^^^^^^
  File "/Library/Frameworks/Python.framework/Versions/3.14/lib/python3.14/asyncio/timeouts.py", line 115, in __aexit__
    raise TimeoutError from exc_val
TimeoutError

During handling of the above exception, another exception occurred:

Traceback (most recent call last):
  File "/Users/psw/Projects/decision-chat-bot/backend/jevtriage/realtime/subscriber.py", line 34, in _listen
    async for message in pubsub.listen():
        if message["type"] == "message":
            self._wake.set()
  File "/Users/psw/Projects/decision-chat-bot/backend/.venv/lib/python3.14/site-packages/redis/asyncio/client.py", line 1097, in listen
    response = await self.handle_message(await self.parse_response(block=True))
                                         ^^^^^^^^^^^^^^^^^^^^^^^^^^^^^^^^^^^^^
  File "/Users/psw/Projects/decision-chat-bot/backend/.venv/lib/python3.14/site-packages/redis/asyncio/client.py", line 984, in parse_response
    response = await self._execute(
               ^^^^^^^^^^^^^^^^^^^^
    ...<5 lines>...
    )
    ^
  File "/Users/psw/Projects/decision-chat-bot/backend/.venv/lib/python3.14/site-packages/redis/asyncio/client.py", line 964, in _execute
    return await conn.retry.call_with_retry(
           ^^^^^^^^^^^^^^^^^^^^^^^^^^^^^^^^^
    ...<2 lines>...
    )
    ^
  File "/Users/psw/Projects/decision-chat-bot/backend/.venv/lib/python3.14/site-packages/redis/asyncio/retry.py", line 55, in call_with_retry
    raise error
  File "/Users/psw/Projects/decision-chat-bot/backend/.venv/lib/python3.14/site-packages/redis/asyncio/retry.py", line 50, in call_with_retry
    return await do()
           ^^^^^^^^^^
  File "/Users/psw/Projects/decision-chat-bot/backend/.venv/lib/python3.14/site-packages/redis/asyncio/connection.py", line 609, in read_response
    raise TimeoutError(f"Timeout reading from {host_error}")
redis.exceptions.TimeoutError: Timeout reading from 127.0.0.1:16391
Received notification from DBMS server: <GqlStatusObject gql_status='01N52', status_description='warn: property key does not exist. The property `display_name` does not exist. Verify that the spelling is correct.', position=<SummaryInputPosition line=1, column=60, offset=59>, raw_classification='UNRECOGNIZED', classification=<NotificationClassification.UNRECOGNIZED: 'UNRECOGNIZED'>, raw_severity='WARNING', severity=<NotificationSeverity.WARNING: 'WARNING'>, diagnostic_record={'_classification': 'UNRECOGNIZED', '_severity': 'WARNING', '_position': {'offset': 59, 'line': 1, 'column': 60}, 'OPERATION': '', 'OPERATION_CODE': '0', 'CURRENT_SCHEMA': '/'}> for query: 'MATCH (u:User {id:$user_id,tenant_id:$tenant_id}) RETURN u.display_name AS display_name'
Received notification from DBMS server: <GqlStatusObject gql_status='01N52', status_description='warn: property key does not exist. The property `display_name` does not exist. Verify that the spelling is correct.', position=<SummaryInputPosition line=1, column=60, offset=59>, raw_classification='UNRECOGNIZED', classification=<NotificationClassification.UNRECOGNIZED: 'UNRECOGNIZED'>, raw_severity='WARNING', severity=<NotificationSeverity.WARNING: 'WARNING'>, diagnostic_record={'_classification': 'UNRECOGNIZED', '_severity': 'WARNING', '_position': {'offset': 59, 'line': 1, 'column': 60}, 'OPERATION': '', 'OPERATION_CODE': '0', 'CURRENT_SCHEMA': '/'}> for query: 'MATCH (u:User {id:$user_id,tenant_id:$tenant_id}) RETURN u.display_name AS display_name'
INFO:     127.0.0.1:49470 - "GET /api/auth/me HTTP/1.1" 200 OK
INFO:     127.0.0.1:49469 - "GET /api/auth/me HTTP/1.1" 200 OK
Received notification from DBMS server: <GqlStatusObject gql_status='01N52', status_description='warn: property key does not exist. The property `display_name` does not exist. Verify that the spelling is correct.', position=<SummaryInputPosition line=1, column=60, offset=59>, raw_classification='UNRECOGNIZED', classification=<NotificationClassification.UNRECOGNIZED: 'UNRECOGNIZED'>, raw_severity='WARNING', severity=<NotificationSeverity.WARNING: 'WARNING'>, diagnostic_record={'_classification': 'UNRECOGNIZED', '_severity': 'WARNING', '_position': {'offset': 59, 'line': 1, 'column': 60}, 'OPERATION': '', 'OPERATION_CODE': '0', 'CURRENT_SCHEMA': '/'}> for query: 'MATCH (u:User {id:$user_id,tenant_id:$tenant_id}) RETURN u.display_name AS display_name'
Received notification from DBMS server: <GqlStatusObject gql_status='01N52', status_description='warn: property key does not exist. The property `display_name` does not exist. Verify that the spelling is correct.', position=<SummaryInputPosition line=1, column=60, offset=59>, raw_classification='UNRECOGNIZED', classification=<NotificationClassification.UNRECOGNIZED: 'UNRECOGNIZED'>, raw_severity='WARNING', severity=<NotificationSeverity.WARNING: 'WARNING'>, diagnostic_record={'_classification': 'UNRECOGNIZED', '_severity': 'WARNING', '_position': {'offset': 59, 'line': 1, 'column': 60}, 'OPERATION': '', 'OPERATION_CODE': '0', 'CURRENT_SCHEMA': '/'}> for query: 'MATCH (u:User {id:$user_id,tenant_id:$tenant_id}) RETURN u.display_name AS display_name'
Received notification from DBMS server: <GqlStatusObject gql_status='01N52', status_description='warn: property key does not exist. The property `display_name` does not exist. Verify that the spelling is correct.', position=<SummaryInputPosition line=1, column=60, offset=59>, raw_classification='UNRECOGNIZED', classification=<NotificationClassification.UNRECOGNIZED: 'UNRECOGNIZED'>, raw_severity='WARNING', severity=<NotificationSeverity.WARNING: 'WARNING'>, diagnostic_record={'_classification': 'UNRECOGNIZED', '_severity': 'WARNING', '_position': {'offset': 59, 'line': 1, 'column': 60}, 'OPERATION': '', 'OPERATION_CODE': '0', 'CURRENT_SCHEMA': '/'}> for query: 'MATCH (u:User {id:$user_id,tenant_id:$tenant_id}) RETURN u.display_name AS display_name'
INFO:     127.0.0.1:49475 - "GET /api/auth/me HTTP/1.1" 200 OK
INFO:     127.0.0.1:49473 - "GET /api/auth/me HTTP/1.1" 200 OK
INFO:     127.0.0.1:49474 - "GET /api/requests?limit=50 HTTP/1.1" 200 OK
INFO:     127.0.0.1:49476 - "GET /api/auth/me HTTP/1.1" 200 OK
INFO:     127.0.0.1:49477 - "GET /api/requests?limit=50 HTTP/1.1" 200 OK
INFO:     127.0.0.1:49481 - "GET /api/events/stream?after=0 HTTP/1.1" 200 OK
Received notification from DBMS server: <GqlStatusObject gql_status='01N52', status_description='warn: property key does not exist. The property `display_name` does not exist. Verify that the spelling is correct.', position=<SummaryInputPosition line=1, column=60, offset=59>, raw_classification='UNRECOGNIZED', classification=<NotificationClassification.UNRECOGNIZED: 'UNRECOGNIZED'>, raw_severity='WARNING', severity=<NotificationSeverity.WARNING: 'WARNING'>, diagnostic_record={'_classification': 'UNRECOGNIZED', '_severity': 'WARNING', '_position': {'offset': 59, 'line': 1, 'column': 60}, 'OPERATION': '', 'OPERATION_CODE': '0', 'CURRENT_SCHEMA': '/'}> for query: 'MATCH (u:User {id:$user_id,tenant_id:$tenant_id}) RETURN u.display_name AS display_name'
INFO:     127.0.0.1:49480 - "GET /api/auth/me HTTP/1.1" 200 OK
Received notification from DBMS server: <GqlStatusObject gql_status='01G11', status_description='warn: null value eliminated in set function', position=None, raw_classification='UNRECOGNIZED', classification=<NotificationClassification.UNRECOGNIZED: 'UNRECOGNIZED'>, raw_severity='WARNING', severity=<NotificationSeverity.WARNING: 'WARNING'>, diagnostic_record={'_classification': 'UNRECOGNIZED', '_severity': 'WARNING', 'OPERATION': '', 'OPERATION_CODE': '0', 'CURRENT_SCHEMA': '/'}> for query: "MATCH (q:Request {tenant_id:$tenant,id:$request}) OPTIONAL MATCH (j:Job {tenant_id:$tenant,run_id:q.active_run_id}) OPTIONAL MATCH (e:Event {tenant_id:$tenant,request_id:$request,kind:'request.received'}) RETURN q.active_run_id AS run_id,j.id AS job_id,count(e) AS prior"
Received notification from DBMS server: <GqlStatusObject gql_status='01G11', status_description='warn: null value eliminated in set function', position=None, raw_classification='UNRECOGNIZED', classification=<NotificationClassification.UNRECOGNIZED: 'UNRECOGNIZED'>, raw_severity='WARNING', severity=<NotificationSeverity.WARNING: 'WARNING'>, diagnostic_record={'_classification': 'UNRECOGNIZED', '_severity': 'WARNING', 'OPERATION': '', 'OPERATION_CODE': '0', 'CURRENT_SCHEMA': '/'}> for query: 'MATCH (r:Request {id:$id,tenant_id:$tenant_id}) OPTIONAL MATCH (r)-[:HAS_REVISION]->(i:InputRevision) OPTIONAL MATCH (i)-[:HAS_ATTACHMENT]->(a:Attachment) OPTIONAL MATCH (active:Run {id:r.active_run_id,tenant_id:$tenant_id}) RETURN r,collect(DISTINCT i) AS revisions,collect(DISTINCT a) AS attachments,active'
INFO:     127.0.0.1:49487 - "GET /api/requests/audit_map_req HTTP/1.1" 200 OK
INFO:     127.0.0.1:49484 - "POST /api/requests HTTP/1.1" 202 Accepted
INFO:     127.0.0.1:49496 - "GET /api/events/snapshot?request_id=req_7da306df96a0407cb9771046f05d2736 HTTP/1.1" 200 OK
Received notification from DBMS server: <GqlStatusObject gql_status='01G11', status_description='warn: null value eliminated in set function', position=None, raw_classification='UNRECOGNIZED', classification=<NotificationClassification.UNRECOGNIZED: 'UNRECOGNIZED'>, raw_severity='WARNING', severity=<NotificationSeverity.WARNING: 'WARNING'>, diagnostic_record={'_classification': 'UNRECOGNIZED', '_severity': 'WARNING', 'OPERATION': '', 'OPERATION_CODE': '0', 'CURRENT_SCHEMA': '/'}> for query: 'MATCH (r:Request {id:$id,tenant_id:$tenant_id}) OPTIONAL MATCH (r)-[:HAS_REVISION]->(i:InputRevision) OPTIONAL MATCH (i)-[:HAS_ATTACHMENT]->(a:Attachment) OPTIONAL MATCH (active:Run {id:r.active_run_id,tenant_id:$tenant_id}) RETURN r,collect(DISTINCT i) AS revisions,collect(DISTINCT a) AS attachments,active'
INFO:     127.0.0.1:49497 - "GET /api/requests/req_7da306df96a0407cb9771046f05d2736/judgment HTTP/1.1" 404 Not Found
INFO:     127.0.0.1:49493 - "GET /api/requests?limit=50 HTTP/1.1" 200 OK
INFO:     127.0.0.1:49498 - "GET /api/requests/req_7da306df96a0407cb9771046f05d2736 HTTP/1.1" 200 OK
INFO:     127.0.0.1:49503 - "GET /api/events/stream?after=107 HTTP/1.1" 200 OK
INFO:     127.0.0.1:49500 - "GET /api/requests/req_7da306df96a0407cb9771046f05d2736/runs HTTP/1.1" 200 OK
Received notification from DBMS server: <GqlStatusObject gql_status='01G11', status_description='warn: null value eliminated in set function', position=None, raw_classification='UNRECOGNIZED', classification=<NotificationClassification.UNRECOGNIZED: 'UNRECOGNIZED'>, raw_severity='WARNING', severity=<NotificationSeverity.WARNING: 'WARNING'>, diagnostic_record={'_classification': 'UNRECOGNIZED', '_severity': 'WARNING', 'OPERATION': '', 'OPERATION_CODE': '0', 'CURRENT_SCHEMA': '/'}> for query: 'MATCH (q:Request {tenant_id:$tenant,id:$request}) MATCH (r:Run {tenant_id:$tenant,request_id:$request}) WHERE r.id=coalesce($run,q.active_run_id) OPTIONAL MATCH (r)-[:HAS_STEP]->(s:RunStep {tenant_id:$tenant}) RETURN q.status AS request_status,q.first_received_at AS received, r AS run,collect(s) AS steps'
INFO:     127.0.0.1:49505 - "GET /api/requests/req_7da306df96a0407cb9771046f05d2736/progress HTTP/1.1" 200 OK
INFO:     127.0.0.1:49507 - "GET /api/requests?limit=50 HTTP/1.1" 200 OK
INFO:     127.0.0.1:49510 - "GET /api/requests?limit=50 HTTP/1.1" 200 OK
INFO:     127.0.0.1:49513 - "GET /api/requests?limit=50 HTTP/1.1" 200 OK
Redis subscriber disconnected for tenant t-audit-e2e-1005
Traceback (most recent call last):
  File "/Users/psw/Projects/decision-chat-bot/backend/.venv/lib/python3.14/site-packages/redis/asyncio/connection.py", line 591, in read_response
    response = await self._parser.read_response(
               ^^^^^^^^^^^^^^^^^^^^^^^^^^^^^^^^^
        disable_decoding=disable_decoding
        ^^^^^^^^^^^^^^^^^^^^^^^^^^^^^^^^^
    )
    ^
  File "/Users/psw/Projects/decision-chat-bot/backend/.venv/lib/python3.14/site-packages/redis/_parsers/resp2.py", line 82, in read_response
    response = await self._read_response(disable_decoding=disable_decoding)
               ^^^^^^^^^^^^^^^^^^^^^^^^^^^^^^^^^^^^^^^^^^^^^^^^^^^^^^^^^^^^
  File "/Users/psw/Projects/decision-chat-bot/backend/.venv/lib/python3.14/site-packages/redis/_parsers/resp2.py", line 90, in _read_response
    raw = await self._readline()
          ^^^^^^^^^^^^^^^^^^^^^^
  File "/Users/psw/Projects/decision-chat-bot/backend/.venv/lib/python3.14/site-packages/redis/_parsers/base.py", line 283, in _readline
    data = await self._stream.readline()
           ^^^^^^^^^^^^^^^^^^^^^^^^^^^^^
  File "/Library/Frameworks/Python.framework/Versions/3.14/lib/python3.14/asyncio/streams.py", line 562, in readline
    line = await self.readuntil(sep)
           ^^^^^^^^^^^^^^^^^^^^^^^^^
  File "/Library/Frameworks/Python.framework/Versions/3.14/lib/python3.14/asyncio/streams.py", line 677, in readuntil
    await self._wait_for_data('readuntil')
  File "/Library/Frameworks/Python.framework/Versions/3.14/lib/python3.14/asyncio/streams.py", line 539, in _wait_for_data
    await self._waiter
asyncio.exceptions.CancelledError

The above exception was the direct cause of the following exception:

Traceback (most recent call last):
  File "/Users/psw/Projects/decision-chat-bot/backend/.venv/lib/python3.14/site-packages/redis/asyncio/connection.py", line 590, in read_response
    async with async_timeout(read_timeout):
               ~~~~~~~~~~~~~^^^^^^^^^^^^^^
  File "/Library/Frameworks/Python.framework/Versions/3.14/lib/python3.14/asyncio/timeouts.py", line 115, in __aexit__
    raise TimeoutError from exc_val
TimeoutError

During handling of the above exception, another exception occurred:

Traceback (most recent call last):
  File "/Users/psw/Projects/decision-chat-bot/backend/jevtriage/realtime/subscriber.py", line 34, in _listen
    async for message in pubsub.listen():
        if message["type"] == "message":
            self._wake.set()
  File "/Users/psw/Projects/decision-chat-bot/backend/.venv/lib/python3.14/site-packages/redis/asyncio/client.py", line 1097, in listen
    response = await self.handle_message(await self.parse_response(block=True))
                                         ^^^^^^^^^^^^^^^^^^^^^^^^^^^^^^^^^^^^^
  File "/Users/psw/Projects/decision-chat-bot/backend/.venv/lib/python3.14/site-packages/redis/asyncio/client.py", line 984, in parse_response
    response = await self._execute(
               ^^^^^^^^^^^^^^^^^^^^
    ...<5 lines>...
    )
    ^
  File "/Users/psw/Projects/decision-chat-bot/backend/.venv/lib/python3.14/site-packages/redis/asyncio/client.py", line 964, in _execute
    return await conn.retry.call_with_retry(
           ^^^^^^^^^^^^^^^^^^^^^^^^^^^^^^^^^
    ...<2 lines>...
    )
    ^
  File "/Users/psw/Projects/decision-chat-bot/backend/.venv/lib/python3.14/site-packages/redis/asyncio/retry.py", line 55, in call_with_retry
    raise error
  File "/Users/psw/Projects/decision-chat-bot/backend/.venv/lib/python3.14/site-packages/redis/asyncio/retry.py", line 50, in call_with_retry
    return await do()
           ^^^^^^^^^^
  File "/Users/psw/Projects/decision-chat-bot/backend/.venv/lib/python3.14/site-packages/redis/asyncio/connection.py", line 609, in read_response
    raise TimeoutError(f"Timeout reading from {host_error}")
redis.exceptions.TimeoutError: Timeout reading from 127.0.0.1:16391
INFO:     127.0.0.1:49519 - "POST /api/auth/login HTTP/1.1" 200 OK
Received notification from DBMS server: <GqlStatusObject gql_status='01N52', status_description='warn: property key does not exist. The property `display_name` does not exist. Verify that the spelling is correct.', position=<SummaryInputPosition line=1, column=60, offset=59>, raw_classification='UNRECOGNIZED', classification=<NotificationClassification.UNRECOGNIZED: 'UNRECOGNIZED'>, raw_severity='WARNING', severity=<NotificationSeverity.WARNING: 'WARNING'>, diagnostic_record={'_classification': 'UNRECOGNIZED', '_severity': 'WARNING', '_position': {'offset': 59, 'line': 1, 'column': 60}, 'OPERATION': '', 'OPERATION_CODE': '0', 'CURRENT_SCHEMA': '/'}> for query: 'MATCH (u:User {id:$user_id,tenant_id:$tenant_id}) RETURN u.display_name AS display_name'
Received notification from DBMS server: <GqlStatusObject gql_status='01N52', status_description='warn: property key does not exist. The property `display_name` does not exist. Verify that the spelling is correct.', position=<SummaryInputPosition line=1, column=60, offset=59>, raw_classification='UNRECOGNIZED', classification=<NotificationClassification.UNRECOGNIZED: 'UNRECOGNIZED'>, raw_severity='WARNING', severity=<NotificationSeverity.WARNING: 'WARNING'>, diagnostic_record={'_classification': 'UNRECOGNIZED', '_severity': 'WARNING', '_position': {'offset': 59, 'line': 1, 'column': 60}, 'OPERATION': '', 'OPERATION_CODE': '0', 'CURRENT_SCHEMA': '/'}> for query: 'MATCH (u:User {id:$user_id,tenant_id:$tenant_id}) RETURN u.display_name AS display_name'
INFO:     127.0.0.1:49528 - "GET /api/auth/me HTTP/1.1" 200 OK
INFO:     127.0.0.1:49529 - "GET /api/auth/me HTTP/1.1" 200 OK
Received notification from DBMS server: <GqlStatusObject gql_status='01N52', status_description='warn: property key does not exist. The property `display_name` does not exist. Verify that the spelling is correct.', position=<SummaryInputPosition line=1, column=60, offset=59>, raw_classification='UNRECOGNIZED', classification=<NotificationClassification.UNRECOGNIZED: 'UNRECOGNIZED'>, raw_severity='WARNING', severity=<NotificationSeverity.WARNING: 'WARNING'>, diagnostic_record={'_classification': 'UNRECOGNIZED', '_severity': 'WARNING', '_position': {'offset': 59, 'line': 1, 'column': 60}, 'OPERATION': '', 'OPERATION_CODE': '0', 'CURRENT_SCHEMA': '/'}> for query: 'MATCH (u:User {id:$user_id,tenant_id:$tenant_id}) RETURN u.display_name AS display_name'
Received notification from DBMS server: <GqlStatusObject gql_status='01N52', status_description='warn: property key does not exist. The property `display_name` does not exist. Verify that the spelling is correct.', position=<SummaryInputPosition line=1, column=60, offset=59>, raw_classification='UNRECOGNIZED', classification=<NotificationClassification.UNRECOGNIZED: 'UNRECOGNIZED'>, raw_severity='WARNING', severity=<NotificationSeverity.WARNING: 'WARNING'>, diagnostic_record={'_classification': 'UNRECOGNIZED', '_severity': 'WARNING', '_position': {'offset': 59, 'line': 1, 'column': 60}, 'OPERATION': '', 'OPERATION_CODE': '0', 'CURRENT_SCHEMA': '/'}> for query: 'MATCH (u:User {id:$user_id,tenant_id:$tenant_id}) RETURN u.display_name AS display_name'
INFO:     127.0.0.1:49533 - "GET /api/auth/me HTTP/1.1" 200 OK
INFO:     127.0.0.1:49532 - "GET /api/auth/me HTTP/1.1" 200 OK
INFO:     127.0.0.1:49534 - "GET /api/policy/active HTTP/1.1" 200 OK
INFO:     127.0.0.1:49535 - "GET /api/policy/versions HTTP/1.1" 200 OK
INFO:     127.0.0.1:49537 - "GET /api/policy/versions HTTP/1.1" 200 OK
INFO:     127.0.0.1:49536 - "GET /api/policy/active HTTP/1.1" 200 OK
INFO:     127.0.0.1:49539 - "GET /api/events/stream?after=0 HTTP/1.1" 200 OK
INFO:     127.0.0.1:49548 - "POST /api/auth/login HTTP/1.1" 200 OK
Received notification from DBMS server: <GqlStatusObject gql_status='01N52', status_description='warn: property key does not exist. The property `display_name` does not exist. Verify that the spelling is correct.', position=<SummaryInputPosition line=1, column=60, offset=59>, raw_classification='UNRECOGNIZED', classification=<NotificationClassification.UNRECOGNIZED: 'UNRECOGNIZED'>, raw_severity='WARNING', severity=<NotificationSeverity.WARNING: 'WARNING'>, diagnostic_record={'_classification': 'UNRECOGNIZED', '_severity': 'WARNING', '_position': {'offset': 59, 'line': 1, 'column': 60}, 'OPERATION': '', 'OPERATION_CODE': '0', 'CURRENT_SCHEMA': '/'}> for query: 'MATCH (u:User {id:$user_id,tenant_id:$tenant_id}) RETURN u.display_name AS display_name'
Received notification from DBMS server: <GqlStatusObject gql_status='01N52', status_description='warn: property key does not exist. The property `display_name` does not exist. Verify that the spelling is correct.', position=<SummaryInputPosition line=1, column=60, offset=59>, raw_classification='UNRECOGNIZED', classification=<NotificationClassification.UNRECOGNIZED: 'UNRECOGNIZED'>, raw_severity='WARNING', severity=<NotificationSeverity.WARNING: 'WARNING'>, diagnostic_record={'_classification': 'UNRECOGNIZED', '_severity': 'WARNING', '_position': {'offset': 59, 'line': 1, 'column': 60}, 'OPERATION': '', 'OPERATION_CODE': '0', 'CURRENT_SCHEMA': '/'}> for query: 'MATCH (u:User {id:$user_id,tenant_id:$tenant_id}) RETURN u.display_name AS display_name'
INFO:     127.0.0.1:49552 - "GET /api/auth/me HTTP/1.1" 200 OK
INFO:     127.0.0.1:49553 - "GET /api/auth/me HTTP/1.1" 200 OK
Received notification from DBMS server: <GqlStatusObject gql_status='01N52', status_description='warn: property key does not exist. The property `display_name` does not exist. Verify that the spelling is correct.', position=<SummaryInputPosition line=1, column=60, offset=59>, raw_classification='UNRECOGNIZED', classification=<NotificationClassification.UNRECOGNIZED: 'UNRECOGNIZED'>, raw_severity='WARNING', severity=<NotificationSeverity.WARNING: 'WARNING'>, diagnostic_record={'_classification': 'UNRECOGNIZED', '_severity': 'WARNING', '_position': {'offset': 59, 'line': 1, 'column': 60}, 'OPERATION': '', 'OPERATION_CODE': '0', 'CURRENT_SCHEMA': '/'}> for query: 'MATCH (u:User {id:$user_id,tenant_id:$tenant_id}) RETURN u.display_name AS display_name'
Received notification from DBMS server: <GqlStatusObject gql_status='01N52', status_description='warn: property key does not exist. The property `display_name` does not exist. Verify that the spelling is correct.', position=<SummaryInputPosition line=1, column=60, offset=59>, raw_classification='UNRECOGNIZED', classification=<NotificationClassification.UNRECOGNIZED: 'UNRECOGNIZED'>, raw_severity='WARNING', severity=<NotificationSeverity.WARNING: 'WARNING'>, diagnostic_record={'_classification': 'UNRECOGNIZED', '_severity': 'WARNING', '_position': {'offset': 59, 'line': 1, 'column': 60}, 'OPERATION': '', 'OPERATION_CODE': '0', 'CURRENT_SCHEMA': '/'}> for query: 'MATCH (u:User {id:$user_id,tenant_id:$tenant_id}) RETURN u.display_name AS display_name'
INFO:     127.0.0.1:49557 - "GET /api/auth/me HTTP/1.1" 200 OK
INFO:     127.0.0.1:49556 - "GET /api/auth/me HTTP/1.1" 200 OK
INFO:     127.0.0.1:49558 - "GET /api/evaluation/candidates?split=tuning HTTP/1.1" 200 OK
INFO:     127.0.0.1:49559 - "GET /api/evaluation/candidates?split=tuning HTTP/1.1" 200 OK
INFO:     127.0.0.1:49567 - "POST /api/learning/candidates HTTP/1.1" 201 Created
Received notification from DBMS server: <GqlStatusObject gql_status='01N52', status_description='warn: property key does not exist. The property `display_name` does not exist. Verify that the spelling is correct.', position=<SummaryInputPosition line=1, column=60, offset=59>, raw_classification='UNRECOGNIZED', classification=<NotificationClassification.UNRECOGNIZED: 'UNRECOGNIZED'>, raw_severity='WARNING', severity=<NotificationSeverity.WARNING: 'WARNING'>, diagnostic_record={'_classification': 'UNRECOGNIZED', '_severity': 'WARNING', '_position': {'offset': 59, 'line': 1, 'column': 60}, 'OPERATION': '', 'OPERATION_CODE': '0', 'CURRENT_SCHEMA': '/'}> for query: 'MATCH (u:User {id:$user_id,tenant_id:$tenant_id}) RETURN u.display_name AS display_name'
INFO:     127.0.0.1:49583 - "GET /api/auth/me HTTP/1.1" 200 OK
Received notification from DBMS server: <GqlStatusObject gql_status='01N52', status_description='warn: property key does not exist. The property `display_name` does not exist. Verify that the spelling is correct.', position=<SummaryInputPosition line=1, column=60, offset=59>, raw_classification='UNRECOGNIZED', classification=<NotificationClassification.UNRECOGNIZED: 'UNRECOGNIZED'>, raw_severity='WARNING', severity=<NotificationSeverity.WARNING: 'WARNING'>, diagnostic_record={'_classification': 'UNRECOGNIZED', '_severity': 'WARNING', '_position': {'offset': 59, 'line': 1, 'column': 60}, 'OPERATION': '', 'OPERATION_CODE': '0', 'CURRENT_SCHEMA': '/'}> for query: 'MATCH (u:User {id:$user_id,tenant_id:$tenant_id}) RETURN u.display_name AS display_name'
INFO:     127.0.0.1:49584 - "GET /api/auth/me HTTP/1.1" 200 OK
Received notification from DBMS server: <GqlStatusObject gql_status='01N52', status_description='warn: property key does not exist. The property `display_name` does not exist. Verify that the spelling is correct.', position=<SummaryInputPosition line=1, column=60, offset=59>, raw_classification='UNRECOGNIZED', classification=<NotificationClassification.UNRECOGNIZED: 'UNRECOGNIZED'>, raw_severity='WARNING', severity=<NotificationSeverity.WARNING: 'WARNING'>, diagnostic_record={'_classification': 'UNRECOGNIZED', '_severity': 'WARNING', '_position': {'offset': 59, 'line': 1, 'column': 60}, 'OPERATION': '', 'OPERATION_CODE': '0', 'CURRENT_SCHEMA': '/'}> for query: 'MATCH (u:User {id:$user_id,tenant_id:$tenant_id}) RETURN u.display_name AS display_name'
INFO:     127.0.0.1:49585 - "GET /api/auth/me HTTP/1.1" 200 OK
Received notification from DBMS server: <GqlStatusObject gql_status='01G11', status_description='warn: null value eliminated in set function', position=None, raw_classification='UNRECOGNIZED', classification=<NotificationClassification.UNRECOGNIZED: 'UNRECOGNIZED'>, raw_severity='WARNING', severity=<NotificationSeverity.WARNING: 'WARNING'>, diagnostic_record={'_classification': 'UNRECOGNIZED', '_severity': 'WARNING', 'OPERATION': '', 'OPERATION_CODE': '0', 'CURRENT_SCHEMA': '/'}> for query: 'MATCH (n:RuleCandidate {tenant_id:$tenant,id:$id}) OPTIONAL MATCH (n)-[r:SUPPORTED_BY]->(s) RETURN n,collect(CASE WHEN s IS NULL THEN null ELSE {node:s,role:r.role} END) AS links'
INFO:     127.0.0.1:49591 - "GET /api/policy/active HTTP/1.1" 200 OK
INFO:     127.0.0.1:49590 - "GET /api/learning/candidates HTTP/1.1" 200 OK
INFO:     127.0.0.1:49592 - "GET /api/learning/candidates/cand_6670c89345903ab55a23946e HTTP/1.1" 200 OK
Received notification from DBMS server: <GqlStatusObject gql_status='01N52', status_description='warn: property key does not exist. The property `display_name` does not exist. Verify that the spelling is correct.', position=<SummaryInputPosition line=1, column=60, offset=59>, raw_classification='UNRECOGNIZED', classification=<NotificationClassification.UNRECOGNIZED: 'UNRECOGNIZED'>, raw_severity='WARNING', severity=<NotificationSeverity.WARNING: 'WARNING'>, diagnostic_record={'_classification': 'UNRECOGNIZED', '_severity': 'WARNING', '_position': {'offset': 59, 'line': 1, 'column': 60}, 'OPERATION': '', 'OPERATION_CODE': '0', 'CURRENT_SCHEMA': '/'}> for query: 'MATCH (u:User {id:$user_id,tenant_id:$tenant_id}) RETURN u.display_name AS display_name'
INFO:     127.0.0.1:49593 - "GET /api/auth/me HTTP/1.1" 200 OK
INFO:     127.0.0.1:49594 - "GET /api/policy/active HTTP/1.1" 200 OK
INFO:     127.0.0.1:49597 - "GET /api/learning/candidates HTTP/1.1" 200 OK
Received notification from DBMS server: <GqlStatusObject gql_status='01G11', status_description='warn: null value eliminated in set function', position=None, raw_classification='UNRECOGNIZED', classification=<NotificationClassification.UNRECOGNIZED: 'UNRECOGNIZED'>, raw_severity='WARNING', severity=<NotificationSeverity.WARNING: 'WARNING'>, diagnostic_record={'_classification': 'UNRECOGNIZED', '_severity': 'WARNING', 'OPERATION': '', 'OPERATION_CODE': '0', 'CURRENT_SCHEMA': '/'}> for query: 'MATCH (n:RuleCandidate {tenant_id:$tenant,id:$id}) OPTIONAL MATCH (n)-[r:SUPPORTED_BY]->(s) RETURN n,collect(CASE WHEN s IS NULL THEN null ELSE {node:s,role:r.role} END) AS links'
INFO:     127.0.0.1:49600 - "GET /api/learning/corrections HTTP/1.1" 200 OK
INFO:     127.0.0.1:49606 - "GET /api/policy/active HTTP/1.1" 200 OK
INFO:     127.0.0.1:49603 - "GET /api/learning/candidates/cand_6670c89345903ab55a23946e HTTP/1.1" 200 OK
INFO:     127.0.0.1:49609 - "GET /api/learning/candidates HTTP/1.1" 200 OK
Received notification from DBMS server: <GqlStatusObject gql_status='01G11', status_description='warn: null value eliminated in set function', position=None, raw_classification='UNRECOGNIZED', classification=<NotificationClassification.UNRECOGNIZED: 'UNRECOGNIZED'>, raw_severity='WARNING', severity=<NotificationSeverity.WARNING: 'WARNING'>, diagnostic_record={'_classification': 'UNRECOGNIZED', '_severity': 'WARNING', 'OPERATION': '', 'OPERATION_CODE': '0', 'CURRENT_SCHEMA': '/'}> for query: 'MATCH (n:RuleCandidate {tenant_id:$tenant,id:$id}) OPTIONAL MATCH (n)-[r:SUPPORTED_BY]->(s) RETURN n,collect(CASE WHEN s IS NULL THEN null ELSE {node:s,role:r.role} END) AS links'
INFO:     127.0.0.1:49612 - "GET /api/learning/corrections HTTP/1.1" 200 OK
INFO:     127.0.0.1:49618 - "GET /api/learning/rules HTTP/1.1" 200 OK
INFO:     127.0.0.1:49615 - "GET /api/learning/candidates/cand_6670c89345903ab55a23946e HTTP/1.1" 200 OK
INFO:     127.0.0.1:49621 - "GET /api/learning/corrections HTTP/1.1" 200 OK
Received notification from DBMS server: <GqlStatusObject gql_status='01G11', status_description='warn: null value eliminated in set function', position=None, raw_classification='UNRECOGNIZED', classification=<NotificationClassification.UNRECOGNIZED: 'UNRECOGNIZED'>, raw_severity='WARNING', severity=<NotificationSeverity.WARNING: 'WARNING'>, diagnostic_record={'_classification': 'UNRECOGNIZED', '_severity': 'WARNING', 'OPERATION': '', 'OPERATION_CODE': '0', 'CURRENT_SCHEMA': '/'}> for query: 'MATCH (n:RuleCandidate {tenant_id:$tenant,id:$id}) OPTIONAL MATCH (n)-[r:SUPPORTED_BY]->(s) RETURN n,collect(CASE WHEN s IS NULL THEN null ELSE {node:s,role:r.role} END) AS links'
Received notification from DBMS server: <GqlStatusObject gql_status='01G11', status_description='warn: null value eliminated in set function', position=None, raw_classification='UNRECOGNIZED', classification=<NotificationClassification.UNRECOGNIZED: 'UNRECOGNIZED'>, raw_severity='WARNING', severity=<NotificationSeverity.WARNING: 'WARNING'>, diagnostic_record={'_classification': 'UNRECOGNIZED', '_severity': 'WARNING', 'OPERATION': '', 'OPERATION_CODE': '0', 'CURRENT_SCHEMA': '/'}> for query: 'MATCH (r:RuleVersion {tenant_id:$tenant,rule_id:$rule_id}) OPTIONAL MATCH (r)-[:DERIVED_FROM]->(d:RuleDecision {tenant_id:$tenant}) OPTIONAL MATCH (r)-[:PUBLISHED_IN]->(c:ConfigVersion {tenant_id:$tenant}) OPTIONAL MATCH (s:RunStep {tenant_id:$tenant})-[a:APPLIED]->(r) RETURN r.version AS version,r.status AS status,r.body AS body,d.insufficient_approved AS insufficient_approved,collect(DISTINCT c.version) AS config_versions,count(DISTINCT a) AS application_count ORDER BY version'
INFO:     127.0.0.1:49627 - "GET /api/learning/rules/R-AUDIT-E2E-01 HTTP/1.1" 200 OK
INFO:     127.0.0.1:49626 - "GET /api/learning/candidates/cand_6670c89345903ab55a23946e HTTP/1.1" 200 OK
Received notification from DBMS server: <GqlStatusObject gql_status='01G11', status_description='warn: null value eliminated in set function', position=None, raw_classification='UNRECOGNIZED', classification=<NotificationClassification.UNRECOGNIZED: 'UNRECOGNIZED'>, raw_severity='WARNING', severity=<NotificationSeverity.WARNING: 'WARNING'>, diagnostic_record={'_classification': 'UNRECOGNIZED', '_severity': 'WARNING', 'OPERATION': '', 'OPERATION_CODE': '0', 'CURRENT_SCHEMA': '/'}> for query: 'MATCH (n:RuleCandidate {tenant_id:$tenant,id:$id}) OPTIONAL MATCH (n)-[r:SUPPORTED_BY]->(s) RETURN n,collect(CASE WHEN s IS NULL THEN null ELSE {node:s,role:r.role} END) AS links'
INFO:     127.0.0.1:49630 - "GET /api/learning/candidates/cand_6670c89345903ab55a23946e HTTP/1.1" 200 OK
INFO:     127.0.0.1:49642 - "POST /api/learning/candidates/cand_6670c89345903ab55a23946e/decision HTTP/1.1" 200 OK
INFO:     127.0.0.1:49646 - "POST /api/learning/rules/R-AUDIT_LEAD-01/versions HTTP/1.1" 200 OK
INFO:     127.0.0.1:49652 - "GET /api/learning/candidates HTTP/1.1" 200 OK
INFO:     127.0.0.1:49653 - "GET /api/policy/active HTTP/1.1" 200 OK
Received notification from DBMS server: <GqlStatusObject gql_status='01G11', status_description='warn: null value eliminated in set function', position=None, raw_classification='UNRECOGNIZED', classification=<NotificationClassification.UNRECOGNIZED: 'UNRECOGNIZED'>, raw_severity='WARNING', severity=<NotificationSeverity.WARNING: 'WARNING'>, diagnostic_record={'_classification': 'UNRECOGNIZED', '_severity': 'WARNING', 'OPERATION': '', 'OPERATION_CODE': '0', 'CURRENT_SCHEMA': '/'}> for query: 'MATCH (n:RuleCandidate {tenant_id:$tenant,id:$id}) OPTIONAL MATCH (n)-[r:SUPPORTED_BY]->(s) RETURN n,collect(CASE WHEN s IS NULL THEN null ELSE {node:s,role:r.role} END) AS links'
INFO:     127.0.0.1:49659 - "GET /api/learning/rules HTTP/1.1" 200 OK
INFO:     127.0.0.1:49662 - "GET /api/learning/candidates/cand_6670c89345903ab55a23946e HTTP/1.1" 200 OK
INFO:     127.0.0.1:49658 - "GET /api/learning/corrections HTTP/1.1" 200 OK
Received notification from DBMS server: <GqlStatusObject gql_status='01G11', status_description='warn: null value eliminated in set function', position=None, raw_classification='UNRECOGNIZED', classification=<NotificationClassification.UNRECOGNIZED: 'UNRECOGNIZED'>, raw_severity='WARNING', severity=<NotificationSeverity.WARNING: 'WARNING'>, diagnostic_record={'_classification': 'UNRECOGNIZED', '_severity': 'WARNING', 'OPERATION': '', 'OPERATION_CODE': '0', 'CURRENT_SCHEMA': '/'}> for query: 'MATCH (r:RuleVersion {tenant_id:$tenant,rule_id:$rule_id}) OPTIONAL MATCH (r)-[:DERIVED_FROM]->(d:RuleDecision {tenant_id:$tenant}) OPTIONAL MATCH (r)-[:PUBLISHED_IN]->(c:ConfigVersion {tenant_id:$tenant}) OPTIONAL MATCH (s:RunStep {tenant_id:$tenant})-[a:APPLIED]->(r) RETURN r.version AS version,r.status AS status,r.body AS body,d.insufficient_approved AS insufficient_approved,collect(DISTINCT c.version) AS config_versions,count(DISTINCT a) AS application_count ORDER BY version'
Received notification from DBMS server: <GqlStatusObject gql_status='01G11', status_description='warn: null value eliminated in set function', position=None, raw_classification='UNRECOGNIZED', classification=<NotificationClassification.UNRECOGNIZED: 'UNRECOGNIZED'>, raw_severity='WARNING', severity=<NotificationSeverity.WARNING: 'WARNING'>, diagnostic_record={'_classification': 'UNRECOGNIZED', '_severity': 'WARNING', 'OPERATION': '', 'OPERATION_CODE': '0', 'CURRENT_SCHEMA': '/'}> for query: 'MATCH (r:RuleVersion {tenant_id:$tenant,rule_id:$rule_id}) OPTIONAL MATCH (r)-[:DERIVED_FROM]->(d:RuleDecision {tenant_id:$tenant}) OPTIONAL MATCH (r)-[:PUBLISHED_IN]->(c:ConfigVersion {tenant_id:$tenant}) OPTIONAL MATCH (s:RunStep {tenant_id:$tenant})-[a:APPLIED]->(r) RETURN r.version AS version,r.status AS status,r.body AS body,d.insufficient_approved AS insufficient_approved,collect(DISTINCT c.version) AS config_versions,count(DISTINCT a) AS application_count ORDER BY version'
INFO:     127.0.0.1:49668 - "GET /api/learning/rules/R-AUDIT_LEAD-01 HTTP/1.1" 200 OK
INFO:     127.0.0.1:49667 - "GET /api/learning/rules/R-AUDIT-E2E-01 HTTP/1.1" 200 OK
INFO:     127.0.0.1:49673 - "GET /api/learning/rules/R-AUDIT_LEAD-01/versions/1/validations HTTP/1.1" 200 OK
INFO:     127.0.0.1:49674 - "GET /api/learning/rules/R-AUDIT_LEAD-01/effects?days=7 HTTP/1.1" 404 Not Found
INFO:     127.0.0.1:49677 - "GET /api/graph/judgment?rule_id=R-AUDIT_LEAD-01%401&depth=6 HTTP/1.1" 200 OK
INFO:     127.0.0.1:49743 - "POST /api/auth/login HTTP/1.1" 200 OK
Received notification from DBMS server: <GqlStatusObject gql_status='01N52', status_description='warn: property key does not exist. The property `display_name` does not exist. Verify that the spelling is correct.', position=<SummaryInputPosition line=1, column=60, offset=59>, raw_classification='UNRECOGNIZED', classification=<NotificationClassification.UNRECOGNIZED: 'UNRECOGNIZED'>, raw_severity='WARNING', severity=<NotificationSeverity.WARNING: 'WARNING'>, diagnostic_record={'_classification': 'UNRECOGNIZED', '_severity': 'WARNING', '_position': {'offset': 59, 'line': 1, 'column': 60}, 'OPERATION': '', 'OPERATION_CODE': '0', 'CURRENT_SCHEMA': '/'}> for query: 'MATCH (u:User {id:$user_id,tenant_id:$tenant_id}) RETURN u.display_name AS display_name'
INFO:     127.0.0.1:49751 - "GET /api/auth/me HTTP/1.1" 200 OK
Received notification from DBMS server: <GqlStatusObject gql_status='01N52', status_description='warn: property key does not exist. The property `display_name` does not exist. Verify that the spelling is correct.', position=<SummaryInputPosition line=1, column=60, offset=59>, raw_classification='UNRECOGNIZED', classification=<NotificationClassification.UNRECOGNIZED: 'UNRECOGNIZED'>, raw_severity='WARNING', severity=<NotificationSeverity.WARNING: 'WARNING'>, diagnostic_record={'_classification': 'UNRECOGNIZED', '_severity': 'WARNING', '_position': {'offset': 59, 'line': 1, 'column': 60}, 'OPERATION': '', 'OPERATION_CODE': '0', 'CURRENT_SCHEMA': '/'}> for query: 'MATCH (u:User {id:$user_id,tenant_id:$tenant_id}) RETURN u.display_name AS display_name'
INFO:     127.0.0.1:49752 - "GET /api/auth/me HTTP/1.1" 200 OK
Received notification from DBMS server: <GqlStatusObject gql_status='01N52', status_description='warn: property key does not exist. The property `display_name` does not exist. Verify that the spelling is correct.', position=<SummaryInputPosition line=1, column=60, offset=59>, raw_classification='UNRECOGNIZED', classification=<NotificationClassification.UNRECOGNIZED: 'UNRECOGNIZED'>, raw_severity='WARNING', severity=<NotificationSeverity.WARNING: 'WARNING'>, diagnostic_record={'_classification': 'UNRECOGNIZED', '_severity': 'WARNING', '_position': {'offset': 59, 'line': 1, 'column': 60}, 'OPERATION': '', 'OPERATION_CODE': '0', 'CURRENT_SCHEMA': '/'}> for query: 'MATCH (u:User {id:$user_id,tenant_id:$tenant_id}) RETURN u.display_name AS display_name'
INFO:     127.0.0.1:49755 - "GET /api/auth/me HTTP/1.1" 200 OK
INFO:     127.0.0.1:49756 - "GET /api/requests?limit=50 HTTP/1.1" 200 OK
INFO:     127.0.0.1:49757 - "GET /api/events/stream?after=0 HTTP/1.1" 200 OK
Received notification from DBMS server: <GqlStatusObject gql_status='01N52', status_description='warn: property key does not exist. The property `display_name` does not exist. Verify that the spelling is correct.', position=<SummaryInputPosition line=1, column=60, offset=59>, raw_classification='UNRECOGNIZED', classification=<NotificationClassification.UNRECOGNIZED: 'UNRECOGNIZED'>, raw_severity='WARNING', severity=<NotificationSeverity.WARNING: 'WARNING'>, diagnostic_record={'_classification': 'UNRECOGNIZED', '_severity': 'WARNING', '_position': {'offset': 59, 'line': 1, 'column': 60}, 'OPERATION': '', 'OPERATION_CODE': '0', 'CURRENT_SCHEMA': '/'}> for query: 'MATCH (u:User {id:$user_id,tenant_id:$tenant_id}) RETURN u.display_name AS display_name'
INFO:     127.0.0.1:49760 - "GET /api/auth/me HTTP/1.1" 200 OK
Received notification from DBMS server: <GqlStatusObject gql_status='01N52', status_description='warn: property key does not exist. The property `display_name` does not exist. Verify that the spelling is correct.', position=<SummaryInputPosition line=1, column=60, offset=59>, raw_classification='UNRECOGNIZED', classification=<NotificationClassification.UNRECOGNIZED: 'UNRECOGNIZED'>, raw_severity='WARNING', severity=<NotificationSeverity.WARNING: 'WARNING'>, diagnostic_record={'_classification': 'UNRECOGNIZED', '_severity': 'WARNING', '_position': {'offset': 59, 'line': 1, 'column': 60}, 'OPERATION': '', 'OPERATION_CODE': '0', 'CURRENT_SCHEMA': '/'}> for query: 'MATCH (u:User {id:$user_id,tenant_id:$tenant_id}) RETURN u.display_name AS display_name'
INFO:     127.0.0.1:49762 - "GET /api/requests?limit=50 HTTP/1.1" 200 OK
INFO:     127.0.0.1:49763 - "GET /api/auth/me HTTP/1.1" 200 OK
Received notification from DBMS server: <GqlStatusObject gql_status='01G11', status_description='warn: null value eliminated in set function', position=None, raw_classification='UNRECOGNIZED', classification=<NotificationClassification.UNRECOGNIZED: 'UNRECOGNIZED'>, raw_severity='WARNING', severity=<NotificationSeverity.WARNING: 'WARNING'>, diagnostic_record={'_classification': 'UNRECOGNIZED', '_severity': 'WARNING', 'OPERATION': '', 'OPERATION_CODE': '0', 'CURRENT_SCHEMA': '/'}> for query: 'MATCH (r:Request {id:$id,tenant_id:$tenant_id}) OPTIONAL MATCH (r)-[:HAS_REVISION]->(i:InputRevision) OPTIONAL MATCH (i)-[:HAS_ATTACHMENT]->(a:Attachment) OPTIONAL MATCH (active:Run {id:r.active_run_id,tenant_id:$tenant_id}) RETURN r,collect(DISTINCT i) AS revisions,collect(DISTINCT a) AS attachments,active'
INFO:     127.0.0.1:49764 - "GET /api/requests/audit_map_req HTTP/1.1" 200 OK
Received notification from DBMS server: <GqlStatusObject gql_status='01N52', status_description='warn: property key does not exist. The property `display_name` does not exist. Verify that the spelling is correct.', position=<SummaryInputPosition line=1, column=60, offset=59>, raw_classification='UNRECOGNIZED', classification=<NotificationClassification.UNRECOGNIZED: 'UNRECOGNIZED'>, raw_severity='WARNING', severity=<NotificationSeverity.WARNING: 'WARNING'>, diagnostic_record={'_classification': 'UNRECOGNIZED', '_severity': 'WARNING', '_position': {'offset': 59, 'line': 1, 'column': 60}, 'OPERATION': '', 'OPERATION_CODE': '0', 'CURRENT_SCHEMA': '/'}> for query: 'MATCH (u:User {id:$user_id,tenant_id:$tenant_id}) RETURN u.display_name AS display_name'
INFO:     127.0.0.1:49767 - "GET /api/auth/me HTTP/1.1" 200 OK
Received notification from DBMS server: <GqlStatusObject gql_status='01G11', status_description='warn: null value eliminated in set function', position=None, raw_classification='UNRECOGNIZED', classification=<NotificationClassification.UNRECOGNIZED: 'UNRECOGNIZED'>, raw_severity='WARNING', severity=<NotificationSeverity.WARNING: 'WARNING'>, diagnostic_record={'_classification': 'UNRECOGNIZED', '_severity': 'WARNING', 'OPERATION': '', 'OPERATION_CODE': '0', 'CURRENT_SCHEMA': '/'}> for query: "MATCH (q:Request {tenant_id:$tenant,id:$request}) OPTIONAL MATCH (j:Job {tenant_id:$tenant,run_id:q.active_run_id}) OPTIONAL MATCH (e:Event {tenant_id:$tenant,request_id:$request,kind:'request.received'}) RETURN q.active_run_id AS run_id,j.id AS job_id,count(e) AS prior"
INFO:     127.0.0.1:49769 - "POST /api/requests HTTP/1.1" 202 Accepted
Received notification from DBMS server: <GqlStatusObject gql_status='01G11', status_description='warn: null value eliminated in set function', position=None, raw_classification='UNRECOGNIZED', classification=<NotificationClassification.UNRECOGNIZED: 'UNRECOGNIZED'>, raw_severity='WARNING', severity=<NotificationSeverity.WARNING: 'WARNING'>, diagnostic_record={'_classification': 'UNRECOGNIZED', '_severity': 'WARNING', 'OPERATION': '', 'OPERATION_CODE': '0', 'CURRENT_SCHEMA': '/'}> for query: 'MATCH (r:Request {id:$id,tenant_id:$tenant_id}) OPTIONAL MATCH (r)-[:HAS_REVISION]->(i:InputRevision) OPTIONAL MATCH (i)-[:HAS_ATTACHMENT]->(a:Attachment) OPTIONAL MATCH (active:Run {id:r.active_run_id,tenant_id:$tenant_id}) RETURN r,collect(DISTINCT i) AS revisions,collect(DISTINCT a) AS attachments,active'
INFO:     127.0.0.1:49777 - "GET /api/requests?limit=50 HTTP/1.1" 200 OK
INFO:     127.0.0.1:49780 - "GET /api/requests/req_b0c05529e95b4c089c1b01810230387b/judgment HTTP/1.1" 404 Not Found
INFO:     127.0.0.1:49779 - "GET /api/requests/req_b0c05529e95b4c089c1b01810230387b HTTP/1.1" 200 OK
INFO:     127.0.0.1:49778 - "GET /api/events/snapshot?request_id=req_b0c05529e95b4c089c1b01810230387b HTTP/1.1" 200 OK
INFO:     127.0.0.1:49781 - "GET /api/requests/req_b0c05529e95b4c089c1b01810230387b/runs HTTP/1.1" 200 OK
INFO:     127.0.0.1:49787 - "GET /api/events/stream?after=110 HTTP/1.1" 200 OK
Received notification from DBMS server: <GqlStatusObject gql_status='01G11', status_description='warn: null value eliminated in set function', position=None, raw_classification='UNRECOGNIZED', classification=<NotificationClassification.UNRECOGNIZED: 'UNRECOGNIZED'>, raw_severity='WARNING', severity=<NotificationSeverity.WARNING: 'WARNING'>, diagnostic_record={'_classification': 'UNRECOGNIZED', '_severity': 'WARNING', 'OPERATION': '', 'OPERATION_CODE': '0', 'CURRENT_SCHEMA': '/'}> for query: 'MATCH (q:Request {tenant_id:$tenant,id:$request}) MATCH (r:Run {tenant_id:$tenant,request_id:$request}) WHERE r.id=coalesce($run,q.active_run_id) OPTIONAL MATCH (r)-[:HAS_STEP]->(s:RunStep {tenant_id:$tenant}) RETURN q.status AS request_status,q.first_received_at AS received, r AS run,collect(s) AS steps'
INFO:     127.0.0.1:49784 - "GET /api/requests/req_b0c05529e95b4c089c1b01810230387b/progress HTTP/1.1" 200 OK
INFO:     127.0.0.1:49785 - "GET /api/requests?limit=50 HTTP/1.1" 200 OK
INFO:     127.0.0.1:49792 - "POST /api/auth/login HTTP/1.1" 401 Unauthorized
INFO:     127.0.0.1:49794 - "POST /api/auth/login HTTP/1.1" 200 OK
INFO:     127.0.0.1:49796 - "GET /api/graph/judgment?request_id=req_3503948c4b87404cba4714536567406e HTTP/1.1" 200 OK
Received notification from DBMS server: <GqlStatusObject gql_status='01N52', status_description='warn: property key does not exist. The property `display_name` does not exist. Verify that the spelling is correct.', position=<SummaryInputPosition line=1, column=60, offset=59>, raw_classification='UNRECOGNIZED', classification=<NotificationClassification.UNRECOGNIZED: 'UNRECOGNIZED'>, raw_severity='WARNING', severity=<NotificationSeverity.WARNING: 'WARNING'>, diagnostic_record={'_classification': 'UNRECOGNIZED', '_severity': 'WARNING', '_position': {'offset': 59, 'line': 1, 'column': 60}, 'OPERATION': '', 'OPERATION_CODE': '0', 'CURRENT_SCHEMA': '/'}> for query: 'MATCH (u:User {id:$user_id,tenant_id:$tenant_id}) RETURN u.display_name AS display_name'
INFO:     127.0.0.1:49804 - "GET /api/auth/me HTTP/1.1" 200 OK
Received notification from DBMS server: <GqlStatusObject gql_status='01N52', status_description='warn: property key does not exist. The property `display_name` does not exist. Verify that the spelling is correct.', position=<SummaryInputPosition line=1, column=60, offset=59>, raw_classification='UNRECOGNIZED', classification=<NotificationClassification.UNRECOGNIZED: 'UNRECOGNIZED'>, raw_severity='WARNING', severity=<NotificationSeverity.WARNING: 'WARNING'>, diagnostic_record={'_classification': 'UNRECOGNIZED', '_severity': 'WARNING', '_position': {'offset': 59, 'line': 1, 'column': 60}, 'OPERATION': '', 'OPERATION_CODE': '0', 'CURRENT_SCHEMA': '/'}> for query: 'MATCH (u:User {id:$user_id,tenant_id:$tenant_id}) RETURN u.display_name AS display_name'
INFO:     127.0.0.1:49805 - "GET /api/auth/me HTTP/1.1" 200 OK
Received notification from DBMS server: <GqlStatusObject gql_status='01N52', status_description='warn: property key does not exist. The property `display_name` does not exist. Verify that the spelling is correct.', position=<SummaryInputPosition line=1, column=60, offset=59>, raw_classification='UNRECOGNIZED', classification=<NotificationClassification.UNRECOGNIZED: 'UNRECOGNIZED'>, raw_severity='WARNING', severity=<NotificationSeverity.WARNING: 'WARNING'>, diagnostic_record={'_classification': 'UNRECOGNIZED', '_severity': 'WARNING', '_position': {'offset': 59, 'line': 1, 'column': 60}, 'OPERATION': '', 'OPERATION_CODE': '0', 'CURRENT_SCHEMA': '/'}> for query: 'MATCH (u:User {id:$user_id,tenant_id:$tenant_id}) RETURN u.display_name AS display_name'
INFO:     127.0.0.1:49807 - "GET /api/auth/me HTTP/1.1" 200 OK
Received notification from DBMS server: <GqlStatusObject gql_status='01N52', status_description='warn: property key does not exist. The property `display_name` does not exist. Verify that the spelling is correct.', position=<SummaryInputPosition line=1, column=60, offset=59>, raw_classification='UNRECOGNIZED', classification=<NotificationClassification.UNRECOGNIZED: 'UNRECOGNIZED'>, raw_severity='WARNING', severity=<NotificationSeverity.WARNING: 'WARNING'>, diagnostic_record={'_classification': 'UNRECOGNIZED', '_severity': 'WARNING', '_position': {'offset': 59, 'line': 1, 'column': 60}, 'OPERATION': '', 'OPERATION_CODE': '0', 'CURRENT_SCHEMA': '/'}> for query: 'MATCH (u:User {id:$user_id,tenant_id:$tenant_id}) RETURN u.display_name AS display_name'
INFO:     127.0.0.1:49810 - "GET /api/auth/me HTTP/1.1" 200 OK
INFO:     127.0.0.1:49812 - "GET /api/graph/judgment?request_id=req_3503948c4b87404cba4714536567406e&depth=6 HTTP/1.1" 200 OK
INFO:     127.0.0.1:49813 - "GET /api/graph/judgment?request_id=req_3503948c4b87404cba4714536567406e&depth=6 HTTP/1.1" 200 OK
INFO:     127.0.0.1:49817 - "GET /api/graph/judgment/nodes/step_72a8b216da6547af9b8009949085e05f?kind=RunStep HTTP/1.1" 200 OK
INFO:     127.0.0.1:49818 - "GET /api/graph/judgment/path?node_id=step_72a8b216da6547af9b8009949085e05f&kind=RunStep&direction=both HTTP/1.1" 200 OK
INFO:     127.0.0.1:49822 - "GET /api/graph/judgment/path?node_id=step_72a8b216da6547af9b8009949085e05f&direction=up HTTP/1.1" 200 OK
INFO:     127.0.0.1:49832 - "POST /api/auth/login HTTP/1.1" 200 OK
INFO:     127.0.0.1:49834 - "GET /api/graph/judgment HTTP/1.1" 403 Forbidden
INFO:     127.0.0.1:49836 - "POST /api/auth/login HTTP/1.1" 200 OK
Received notification from DBMS server: <GqlStatusObject gql_status='01N52', status_description='warn: property key does not exist. The property `display_name` does not exist. Verify that the spelling is correct.', position=<SummaryInputPosition line=1, column=60, offset=59>, raw_classification='UNRECOGNIZED', classification=<NotificationClassification.UNRECOGNIZED: 'UNRECOGNIZED'>, raw_severity='WARNING', severity=<NotificationSeverity.WARNING: 'WARNING'>, diagnostic_record={'_classification': 'UNRECOGNIZED', '_severity': 'WARNING', '_position': {'offset': 59, 'line': 1, 'column': 60}, 'OPERATION': '', 'OPERATION_CODE': '0', 'CURRENT_SCHEMA': '/'}> for query: 'MATCH (u:User {id:$user_id,tenant_id:$tenant_id}) RETURN u.display_name AS display_name'
INFO:     127.0.0.1:49844 - "GET /api/auth/me HTTP/1.1" 200 OK
Received notification from DBMS server: <GqlStatusObject gql_status='01N52', status_description='warn: property key does not exist. The property `display_name` does not exist. Verify that the spelling is correct.', position=<SummaryInputPosition line=1, column=60, offset=59>, raw_classification='UNRECOGNIZED', classification=<NotificationClassification.UNRECOGNIZED: 'UNRECOGNIZED'>, raw_severity='WARNING', severity=<NotificationSeverity.WARNING: 'WARNING'>, diagnostic_record={'_classification': 'UNRECOGNIZED', '_severity': 'WARNING', '_position': {'offset': 59, 'line': 1, 'column': 60}, 'OPERATION': '', 'OPERATION_CODE': '0', 'CURRENT_SCHEMA': '/'}> for query: 'MATCH (u:User {id:$user_id,tenant_id:$tenant_id}) RETURN u.display_name AS display_name'
INFO:     127.0.0.1:49846 - "GET /api/auth/me HTTP/1.1" 200 OK
Received notification from DBMS server: <GqlStatusObject gql_status='01N52', status_description='warn: property key does not exist. The property `display_name` does not exist. Verify that the spelling is correct.', position=<SummaryInputPosition line=1, column=60, offset=59>, raw_classification='UNRECOGNIZED', classification=<NotificationClassification.UNRECOGNIZED: 'UNRECOGNIZED'>, raw_severity='WARNING', severity=<NotificationSeverity.WARNING: 'WARNING'>, diagnostic_record={'_classification': 'UNRECOGNIZED', '_severity': 'WARNING', '_position': {'offset': 59, 'line': 1, 'column': 60}, 'OPERATION': '', 'OPERATION_CODE': '0', 'CURRENT_SCHEMA': '/'}> for query: 'MATCH (u:User {id:$user_id,tenant_id:$tenant_id}) RETURN u.display_name AS display_name'
INFO:     127.0.0.1:49848 - "GET /api/auth/me HTTP/1.1" 200 OK
INFO:     127.0.0.1:49851 - "GET /api/reviews?status=pending HTTP/1.1" 200 OK
Received notification from DBMS server: <GqlStatusObject gql_status='01N52', status_description='warn: property key does not exist. The property `display_name` does not exist. Verify that the spelling is correct.', position=<SummaryInputPosition line=1, column=60, offset=59>, raw_classification='UNRECOGNIZED', classification=<NotificationClassification.UNRECOGNIZED: 'UNRECOGNIZED'>, raw_severity='WARNING', severity=<NotificationSeverity.WARNING: 'WARNING'>, diagnostic_record={'_classification': 'UNRECOGNIZED', '_severity': 'WARNING', '_position': {'offset': 59, 'line': 1, 'column': 60}, 'OPERATION': '', 'OPERATION_CODE': '0', 'CURRENT_SCHEMA': '/'}> for query: 'MATCH (u:User {id:$user_id,tenant_id:$tenant_id}) RETURN u.display_name AS display_name'
INFO:     127.0.0.1:49852 - "GET /api/auth/me HTTP/1.1" 200 OK
INFO:     127.0.0.1:49853 - "GET /api/reviews?status=pending HTTP/1.1" 200 OK
INFO:     127.0.0.1:49874 - "POST /api/auth/login HTTP/1.1" 200 OK
Received notification from DBMS server: <GqlStatusObject gql_status='01N52', status_description='warn: property key does not exist. The property `display_name` does not exist. Verify that the spelling is correct.', position=<SummaryInputPosition line=1, column=60, offset=59>, raw_classification='UNRECOGNIZED', classification=<NotificationClassification.UNRECOGNIZED: 'UNRECOGNIZED'>, raw_severity='WARNING', severity=<NotificationSeverity.WARNING: 'WARNING'>, diagnostic_record={'_classification': 'UNRECOGNIZED', '_severity': 'WARNING', '_position': {'offset': 59, 'line': 1, 'column': 60}, 'OPERATION': '', 'OPERATION_CODE': '0', 'CURRENT_SCHEMA': '/'}> for query: 'MATCH (u:User {id:$user_id,tenant_id:$tenant_id}) RETURN u.display_name AS display_name'
INFO:     127.0.0.1:49882 - "GET /api/auth/me HTTP/1.1" 200 OK
Received notification from DBMS server: <GqlStatusObject gql_status='01N52', status_description='warn: property key does not exist. The property `display_name` does not exist. Verify that the spelling is correct.', position=<SummaryInputPosition line=1, column=60, offset=59>, raw_classification='UNRECOGNIZED', classification=<NotificationClassification.UNRECOGNIZED: 'UNRECOGNIZED'>, raw_severity='WARNING', severity=<NotificationSeverity.WARNING: 'WARNING'>, diagnostic_record={'_classification': 'UNRECOGNIZED', '_severity': 'WARNING', '_position': {'offset': 59, 'line': 1, 'column': 60}, 'OPERATION': '', 'OPERATION_CODE': '0', 'CURRENT_SCHEMA': '/'}> for query: 'MATCH (u:User {id:$user_id,tenant_id:$tenant_id}) RETURN u.display_name AS display_name'
INFO:     127.0.0.1:49883 - "GET /api/auth/me HTTP/1.1" 200 OK
Received notification from DBMS server: <GqlStatusObject gql_status='01N52', status_description='warn: property key does not exist. The property `display_name` does not exist. Verify that the spelling is correct.', position=<SummaryInputPosition line=1, column=60, offset=59>, raw_classification='UNRECOGNIZED', classification=<NotificationClassification.UNRECOGNIZED: 'UNRECOGNIZED'>, raw_severity='WARNING', severity=<NotificationSeverity.WARNING: 'WARNING'>, diagnostic_record={'_classification': 'UNRECOGNIZED', '_severity': 'WARNING', '_position': {'offset': 59, 'line': 1, 'column': 60}, 'OPERATION': '', 'OPERATION_CODE': '0', 'CURRENT_SCHEMA': '/'}> for query: 'MATCH (u:User {id:$user_id,tenant_id:$tenant_id}) RETURN u.display_name AS display_name'
INFO:     127.0.0.1:49884 - "GET /api/auth/me HTTP/1.1" 200 OK
Received notification from DBMS server: <GqlStatusObject gql_status='01N52', status_description='warn: property key does not exist. The property `display_name` does not exist. Verify that the spelling is correct.', position=<SummaryInputPosition line=1, column=60, offset=59>, raw_classification='UNRECOGNIZED', classification=<NotificationClassification.UNRECOGNIZED: 'UNRECOGNIZED'>, raw_severity='WARNING', severity=<NotificationSeverity.WARNING: 'WARNING'>, diagnostic_record={'_classification': 'UNRECOGNIZED', '_severity': 'WARNING', '_position': {'offset': 59, 'line': 1, 'column': 60}, 'OPERATION': '', 'OPERATION_CODE': '0', 'CURRENT_SCHEMA': '/'}> for query: 'MATCH (u:User {id:$user_id,tenant_id:$tenant_id}) RETURN u.display_name AS display_name'
INFO:     127.0.0.1:49885 - "GET /api/auth/me HTTP/1.1" 200 OK
INFO:     127.0.0.1:49890 - "GET /api/reviews?status=pending HTTP/1.1" 200 OK
INFO:     127.0.0.1:49891 - "GET /api/reviews?status=pending HTTP/1.1" 200 OK
Received notification from DBMS server: <GqlStatusObject gql_status='01G11', status_description='warn: null value eliminated in set function', position=None, raw_classification='UNRECOGNIZED', classification=<NotificationClassification.UNRECOGNIZED: 'UNRECOGNIZED'>, raw_severity='WARNING', severity=<NotificationSeverity.WARNING: 'WARNING'>, diagnostic_record={'_classification': 'UNRECOGNIZED', '_severity': 'WARNING', 'OPERATION': '', 'OPERATION_CODE': '0', 'CURRENT_SCHEMA': '/'}> for query: "MATCH (j:Judgment {tenant_id:$tenant}) WHERE j.created_at >= datetime($start) AND j.created_at < datetime($end) AND ($scope IS NULL OR j.request_id=$scope) OPTIONAL MATCH (o:ModelOutput {tenant_id:$tenant,run_id:j.run_id}) OPTIONAL MATCH (t:DraftTask {tenant_id:$tenant,run_id:j.run_id,draft_version:1}) OPTIONAL MATCH (h:ReviewDecision {tenant_id:$tenant,run_id:j.run_id}) WHERE h.action IN ['approve','approve_with_changes'] OPTIONAL MATCH (h)-[:RECORDED]->(c:Correction {tenant_id:$tenant}) RETURN j,collect(DISTINCT o) AS outputs,collect(DISTINCT t) AS tasks,collect(DISTINCT h) AS decisions,collect(DISTINCT c) AS corrections ORDER BY j.created_at,j.id"
INFO:     127.0.0.1:49894 - "POST /api/learning/rules/R-AUDIT_LEAD-01/versions/1/validate HTTP/1.1" 200 OK
INFO:     127.0.0.1:49897 - "GET /api/learning/validations/val_b1a7dcc4fcda4fc590daa2d2efe5d9ca HTTP/1.1" 200 OK
INFO:     127.0.0.1:49902 - "GET /api/learning/candidates HTTP/1.1" 200 OK
INFO:     127.0.0.1:49903 - "GET /api/policy/active HTTP/1.1" 200 OK
INFO:     127.0.0.1:49909 - "GET /api/learning/rules HTTP/1.1" 200 OK
Received notification from DBMS server: <GqlStatusObject gql_status='01G11', status_description='warn: null value eliminated in set function', position=None, raw_classification='UNRECOGNIZED', classification=<NotificationClassification.UNRECOGNIZED: 'UNRECOGNIZED'>, raw_severity='WARNING', severity=<NotificationSeverity.WARNING: 'WARNING'>, diagnostic_record={'_classification': 'UNRECOGNIZED', '_severity': 'WARNING', 'OPERATION': '', 'OPERATION_CODE': '0', 'CURRENT_SCHEMA': '/'}> for query: 'MATCH (n:RuleCandidate {tenant_id:$tenant,id:$id}) OPTIONAL MATCH (n)-[r:SUPPORTED_BY]->(s) RETURN n,collect(CASE WHEN s IS NULL THEN null ELSE {node:s,role:r.role} END) AS links'
INFO:     127.0.0.1:49908 - "GET /api/learning/corrections HTTP/1.1" 200 OK
INFO:     127.0.0.1:49912 - "GET /api/learning/candidates/cand_6670c89345903ab55a23946e HTTP/1.1" 200 OK
Received notification from DBMS server: <GqlStatusObject gql_status='01G11', status_description='warn: null value eliminated in set function', position=None, raw_classification='UNRECOGNIZED', classification=<NotificationClassification.UNRECOGNIZED: 'UNRECOGNIZED'>, raw_severity='WARNING', severity=<NotificationSeverity.WARNING: 'WARNING'>, diagnostic_record={'_classification': 'UNRECOGNIZED', '_severity': 'WARNING', 'OPERATION': '', 'OPERATION_CODE': '0', 'CURRENT_SCHEMA': '/'}> for query: 'MATCH (r:RuleVersion {tenant_id:$tenant,rule_id:$rule_id}) OPTIONAL MATCH (r)-[:DERIVED_FROM]->(d:RuleDecision {tenant_id:$tenant}) OPTIONAL MATCH (r)-[:PUBLISHED_IN]->(c:ConfigVersion {tenant_id:$tenant}) OPTIONAL MATCH (s:RunStep {tenant_id:$tenant})-[a:APPLIED]->(r) RETURN r.version AS version,r.status AS status,r.body AS body,d.insufficient_approved AS insufficient_approved,collect(DISTINCT c.version) AS config_versions,count(DISTINCT a) AS application_count ORDER BY version'
INFO:     127.0.0.1:49917 - "GET /api/learning/rules/R-AUDIT-E2E-01 HTTP/1.1" 200 OK
Received notification from DBMS server: <GqlStatusObject gql_status='01G11', status_description='warn: null value eliminated in set function', position=None, raw_classification='UNRECOGNIZED', classification=<NotificationClassification.UNRECOGNIZED: 'UNRECOGNIZED'>, raw_severity='WARNING', severity=<NotificationSeverity.WARNING: 'WARNING'>, diagnostic_record={'_classification': 'UNRECOGNIZED', '_severity': 'WARNING', 'OPERATION': '', 'OPERATION_CODE': '0', 'CURRENT_SCHEMA': '/'}> for query: 'MATCH (r:RuleVersion {tenant_id:$tenant,rule_id:$rule_id}) OPTIONAL MATCH (r)-[:DERIVED_FROM]->(d:RuleDecision {tenant_id:$tenant}) OPTIONAL MATCH (r)-[:PUBLISHED_IN]->(c:ConfigVersion {tenant_id:$tenant}) OPTIONAL MATCH (s:RunStep {tenant_id:$tenant})-[a:APPLIED]->(r) RETURN r.version AS version,r.status AS status,r.body AS body,d.insufficient_approved AS insufficient_approved,collect(DISTINCT c.version) AS config_versions,count(DISTINCT a) AS application_count ORDER BY version'
INFO:     127.0.0.1:49918 - "GET /api/learning/rules/R-AUDIT_LEAD-01 HTTP/1.1" 200 OK
INFO:     127.0.0.1:49923 - "GET /api/learning/rules/R-AUDIT_LEAD-01/versions/1/validations HTTP/1.1" 200 OK
INFO:     127.0.0.1:49924 - "GET /api/learning/rules/R-AUDIT_LEAD-01/effects?days=7 HTTP/1.1" 404 Not Found
INFO:     127.0.0.1:49927 - "GET /api/graph/judgment?rule_id=R-AUDIT_LEAD-01%401&depth=6 HTTP/1.1" 200 OK
INFO:     127.0.0.1:49932 - "POST /api/learning/rules/R-AUDIT_LEAD-01/versions/1/mark-validated HTTP/1.1" 200 OK
INFO:     127.0.0.1:49938 - "GET /api/learning/candidates HTTP/1.1" 200 OK
INFO:     127.0.0.1:49939 - "GET /api/policy/active HTTP/1.1" 200 OK
Received notification from DBMS server: <GqlStatusObject gql_status='01G11', status_description='warn: null value eliminated in set function', position=None, raw_classification='UNRECOGNIZED', classification=<NotificationClassification.UNRECOGNIZED: 'UNRECOGNIZED'>, raw_severity='WARNING', severity=<NotificationSeverity.WARNING: 'WARNING'>, diagnostic_record={'_classification': 'UNRECOGNIZED', '_severity': 'WARNING', 'OPERATION': '', 'OPERATION_CODE': '0', 'CURRENT_SCHEMA': '/'}> for query: 'MATCH (n:RuleCandidate {tenant_id:$tenant,id:$id}) OPTIONAL MATCH (n)-[r:SUPPORTED_BY]->(s) RETURN n,collect(CASE WHEN s IS NULL THEN null ELSE {node:s,role:r.role} END) AS links'
INFO:     127.0.0.1:49945 - "GET /api/learning/rules HTTP/1.1" 200 OK
INFO:     127.0.0.1:49944 - "GET /api/learning/corrections HTTP/1.1" 200 OK
INFO:     127.0.0.1:49948 - "GET /api/learning/candidates/cand_6670c89345903ab55a23946e HTTP/1.1" 200 OK
Received notification from DBMS server: <GqlStatusObject gql_status='01G11', status_description='warn: null value eliminated in set function', position=None, raw_classification='UNRECOGNIZED', classification=<NotificationClassification.UNRECOGNIZED: 'UNRECOGNIZED'>, raw_severity='WARNING', severity=<NotificationSeverity.WARNING: 'WARNING'>, diagnostic_record={'_classification': 'UNRECOGNIZED', '_severity': 'WARNING', 'OPERATION': '', 'OPERATION_CODE': '0', 'CURRENT_SCHEMA': '/'}> for query: 'MATCH (r:RuleVersion {tenant_id:$tenant,rule_id:$rule_id}) OPTIONAL MATCH (r)-[:DERIVED_FROM]->(d:RuleDecision {tenant_id:$tenant}) OPTIONAL MATCH (r)-[:PUBLISHED_IN]->(c:ConfigVersion {tenant_id:$tenant}) OPTIONAL MATCH (s:RunStep {tenant_id:$tenant})-[a:APPLIED]->(r) RETURN r.version AS version,r.status AS status,r.body AS body,d.insufficient_approved AS insufficient_approved,collect(DISTINCT c.version) AS config_versions,count(DISTINCT a) AS application_count ORDER BY version'
Received notification from DBMS server: <GqlStatusObject gql_status='01G11', status_description='warn: null value eliminated in set function', position=None, raw_classification='UNRECOGNIZED', classification=<NotificationClassification.UNRECOGNIZED: 'UNRECOGNIZED'>, raw_severity='WARNING', severity=<NotificationSeverity.WARNING: 'WARNING'>, diagnostic_record={'_classification': 'UNRECOGNIZED', '_severity': 'WARNING', 'OPERATION': '', 'OPERATION_CODE': '0', 'CURRENT_SCHEMA': '/'}> for query: 'MATCH (r:RuleVersion {tenant_id:$tenant,rule_id:$rule_id}) OPTIONAL MATCH (r)-[:DERIVED_FROM]->(d:RuleDecision {tenant_id:$tenant}) OPTIONAL MATCH (r)-[:PUBLISHED_IN]->(c:ConfigVersion {tenant_id:$tenant}) OPTIONAL MATCH (s:RunStep {tenant_id:$tenant})-[a:APPLIED]->(r) RETURN r.version AS version,r.status AS status,r.body AS body,d.insufficient_approved AS insufficient_approved,collect(DISTINCT c.version) AS config_versions,count(DISTINCT a) AS application_count ORDER BY version'
INFO:     127.0.0.1:49953 - "GET /api/learning/rules/R-AUDIT-E2E-01 HTTP/1.1" 200 OK
INFO:     127.0.0.1:49954 - "GET /api/learning/rules/R-AUDIT_LEAD-01 HTTP/1.1" 200 OK
INFO:     127.0.0.1:49959 - "GET /api/learning/rules/R-AUDIT_LEAD-01/versions/1/validations HTTP/1.1" 200 OK
INFO:     127.0.0.1:49960 - "GET /api/learning/rules/R-AUDIT_LEAD-01/effects?days=7 HTTP/1.1" 404 Not Found
INFO:     127.0.0.1:49963 - "GET /api/graph/judgment?rule_id=R-AUDIT_LEAD-01%401&depth=6 HTTP/1.1" 200 OK
INFO:     127.0.0.1:49973 - "GET /api/policy/active HTTP/1.1" 200 OK
INFO:     127.0.0.1:49976 - "POST /api/learning/rules/R-AUDIT_LEAD-01/versions/1/publish HTTP/1.1" 200 OK
INFO:     127.0.0.1:49982 - "GET /api/learning/candidates HTTP/1.1" 200 OK
INFO:     127.0.0.1:49983 - "GET /api/policy/active HTTP/1.1" 200 OK
INFO:     127.0.0.1:49989 - "GET /api/learning/rules HTTP/1.1" 200 OK
Received notification from DBMS server: <GqlStatusObject gql_status='01G11', status_description='warn: null value eliminated in set function', position=None, raw_classification='UNRECOGNIZED', classification=<NotificationClassification.UNRECOGNIZED: 'UNRECOGNIZED'>, raw_severity='WARNING', severity=<NotificationSeverity.WARNING: 'WARNING'>, diagnostic_record={'_classification': 'UNRECOGNIZED', '_severity': 'WARNING', 'OPERATION': '', 'OPERATION_CODE': '0', 'CURRENT_SCHEMA': '/'}> for query: 'MATCH (n:RuleCandidate {tenant_id:$tenant,id:$id}) OPTIONAL MATCH (n)-[r:SUPPORTED_BY]->(s) RETURN n,collect(CASE WHEN s IS NULL THEN null ELSE {node:s,role:r.role} END) AS links'
INFO:     127.0.0.1:49988 - "GET /api/learning/corrections HTTP/1.1" 200 OK
INFO:     127.0.0.1:49992 - "GET /api/learning/candidates/cand_6670c89345903ab55a23946e HTTP/1.1" 200 OK
Received notification from DBMS server: <GqlStatusObject gql_status='01G11', status_description='warn: null value eliminated in set function', position=None, raw_classification='UNRECOGNIZED', classification=<NotificationClassification.UNRECOGNIZED: 'UNRECOGNIZED'>, raw_severity='WARNING', severity=<NotificationSeverity.WARNING: 'WARNING'>, diagnostic_record={'_classification': 'UNRECOGNIZED', '_severity': 'WARNING', 'OPERATION': '', 'OPERATION_CODE': '0', 'CURRENT_SCHEMA': '/'}> for query: 'MATCH (r:RuleVersion {tenant_id:$tenant,rule_id:$rule_id}) OPTIONAL MATCH (r)-[:DERIVED_FROM]->(d:RuleDecision {tenant_id:$tenant}) OPTIONAL MATCH (r)-[:PUBLISHED_IN]->(c:ConfigVersion {tenant_id:$tenant}) OPTIONAL MATCH (s:RunStep {tenant_id:$tenant})-[a:APPLIED]->(r) RETURN r.version AS version,r.status AS status,r.body AS body,d.insufficient_approved AS insufficient_approved,collect(DISTINCT c.version) AS config_versions,count(DISTINCT a) AS application_count ORDER BY version'
Received notification from DBMS server: <GqlStatusObject gql_status='01G11', status_description='warn: null value eliminated in set function', position=None, raw_classification='UNRECOGNIZED', classification=<NotificationClassification.UNRECOGNIZED: 'UNRECOGNIZED'>, raw_severity='WARNING', severity=<NotificationSeverity.WARNING: 'WARNING'>, diagnostic_record={'_classification': 'UNRECOGNIZED', '_severity': 'WARNING', 'OPERATION': '', 'OPERATION_CODE': '0', 'CURRENT_SCHEMA': '/'}> for query: 'MATCH (r:RuleVersion {tenant_id:$tenant,rule_id:$rule_id}) OPTIONAL MATCH (r)-[:DERIVED_FROM]->(d:RuleDecision {tenant_id:$tenant}) OPTIONAL MATCH (r)-[:PUBLISHED_IN]->(c:ConfigVersion {tenant_id:$tenant}) OPTIONAL MATCH (s:RunStep {tenant_id:$tenant})-[a:APPLIED]->(r) RETURN r.version AS version,r.status AS status,r.body AS body,d.insufficient_approved AS insufficient_approved,collect(DISTINCT c.version) AS config_versions,count(DISTINCT a) AS application_count ORDER BY version'
INFO:     127.0.0.1:49997 - "GET /api/learning/rules/R-AUDIT-E2E-01 HTTP/1.1" 200 OK
INFO:     127.0.0.1:49998 - "GET /api/learning/rules/R-AUDIT_LEAD-01 HTTP/1.1" 200 OK
INFO:     127.0.0.1:50003 - "GET /api/learning/rules/R-AUDIT_LEAD-01/versions/1/validations HTTP/1.1" 200 OK
Received notification from DBMS server: <GqlStatusObject gql_status='01G11', status_description='warn: null value eliminated in set function', position=None, raw_classification='UNRECOGNIZED', classification=<NotificationClassification.UNRECOGNIZED: 'UNRECOGNIZED'>, raw_severity='WARNING', severity=<NotificationSeverity.WARNING: 'WARNING'>, diagnostic_record={'_classification': 'UNRECOGNIZED', '_severity': 'WARNING', 'OPERATION': '', 'OPERATION_CODE': '0', 'CURRENT_SCHEMA': '/'}> for query: "MATCH (run:Run {tenant_id:$tenant}) WHERE coalesce(run.run_kind,'production') <> 'shadow' AND run.started_at >= datetime($start) AND run.started_at < datetime($end) OPTIONAL MATCH (j:Judgment {tenant_id:$tenant,run_id:run.id}) OPTIONAL MATCH (c:Correction {tenant_id:$tenant,run_id:run.id}) OPTIONAL MATCH (v:Review {tenant_id:$tenant,run_id:run.id}) OPTIONAL MATCH (s:RunStep {tenant_id:$tenant,run_id:run.id})-[a:APPLIED]->(rule:RuleVersion {tenant_id:$tenant,rule_id:$rule}) RETURN run.id AS id,run.started_at AS started_at,run.first_judgment_committed_at AS committed_at,run.status AS status,j.id AS judgment_id,count(DISTINCT c) AS corrections,count(DISTINCT v) AS reviews,collect(DISTINCT {outcome:a.outcome,before:a.before,after:a.after}) AS applications"
INFO:     127.0.0.1:50004 - "GET /api/learning/rules/R-AUDIT_LEAD-01/effects?days=7 HTTP/1.1" 200 OK
INFO:     127.0.0.1:50007 - "GET /api/graph/judgment?rule_id=R-AUDIT_LEAD-01%401&depth=6 HTTP/1.1" 200 OK
INFO:     127.0.0.1:50010 - "GET /api/policy/versions HTTP/1.1" 200 OK
INFO:     127.0.0.1:50013 - "GET /api/policy/versions/6 HTTP/1.1" 200 OK
Received notification from DBMS server: <GqlStatusObject gql_status='01G11', status_description='warn: null value eliminated in set function', position=None, raw_classification='UNRECOGNIZED', classification=<NotificationClassification.UNRECOGNIZED: 'UNRECOGNIZED'>, raw_severity='WARNING', severity=<NotificationSeverity.WARNING: 'WARNING'>, diagnostic_record={'_classification': 'UNRECOGNIZED', '_severity': 'WARNING', 'OPERATION': '', 'OPERATION_CODE': '0', 'CURRENT_SCHEMA': '/'}> for query: 'MATCH (r:RuleVersion {tenant_id:$tenant,rule_id:$rule_id}) OPTIONAL MATCH (r)-[:DERIVED_FROM]->(d:RuleDecision {tenant_id:$tenant}) OPTIONAL MATCH (r)-[:PUBLISHED_IN]->(c:ConfigVersion {tenant_id:$tenant}) OPTIONAL MATCH (s:RunStep {tenant_id:$tenant})-[a:APPLIED]->(r) RETURN r.version AS version,r.status AS status,r.body AS body,d.insufficient_approved AS insufficient_approved,collect(DISTINCT c.version) AS config_versions,count(DISTINCT a) AS application_count ORDER BY version'
INFO:     127.0.0.1:50047 - "GET /api/learning/rules/R-AUDIT_LEAD-01 HTTP/1.1" 200 OK
Received notification from DBMS server: <GqlStatusObject gql_status='01G11', status_description='warn: null value eliminated in set function', position=None, raw_classification='UNRECOGNIZED', classification=<NotificationClassification.UNRECOGNIZED: 'UNRECOGNIZED'>, raw_severity='WARNING', severity=<NotificationSeverity.WARNING: 'WARNING'>, diagnostic_record={'_classification': 'UNRECOGNIZED', '_severity': 'WARNING', 'OPERATION': '', 'OPERATION_CODE': '0', 'CURRENT_SCHEMA': '/'}> for query: 'MATCH (r:RuleVersion {tenant_id:$tenant,rule_id:$rule_id}) OPTIONAL MATCH (r)-[:DERIVED_FROM]->(d:RuleDecision {tenant_id:$tenant}) OPTIONAL MATCH (r)-[:PUBLISHED_IN]->(c:ConfigVersion {tenant_id:$tenant}) OPTIONAL MATCH (s:RunStep {tenant_id:$tenant})-[a:APPLIED]->(r) RETURN r.version AS version,r.status AS status,r.body AS body,d.insufficient_approved AS insufficient_approved,collect(DISTINCT c.version) AS config_versions,count(DISTINCT a) AS application_count ORDER BY version'
INFO:     127.0.0.1:50087 - "GET /api/learning/rules/R-AUDIT_LEAD-01 HTTP/1.1" 200 OK
INFO:     127.0.0.1:50090 - "POST /api/learning/rules/R-AUDIT_LEAD-01/versions HTTP/1.1" 422 Unprocessable Content
Received notification from DBMS server: <GqlStatusObject gql_status='01N52', status_description='warn: property key does not exist. The property `display_name` does not exist. Verify that the spelling is correct.', position=<SummaryInputPosition line=1, column=60, offset=59>, raw_classification='UNRECOGNIZED', classification=<NotificationClassification.UNRECOGNIZED: 'UNRECOGNIZED'>, raw_severity='WARNING', severity=<NotificationSeverity.WARNING: 'WARNING'>, diagnostic_record={'_classification': 'UNRECOGNIZED', '_severity': 'WARNING', '_position': {'offset': 59, 'line': 1, 'column': 60}, 'OPERATION': '', 'OPERATION_CODE': '0', 'CURRENT_SCHEMA': '/'}> for query: 'MATCH (u:User {id:$user_id,tenant_id:$tenant_id}) RETURN u.display_name AS display_name'
INFO:     127.0.0.1:50105 - "GET /api/auth/me HTTP/1.1" 200 OK
Received notification from DBMS server: <GqlStatusObject gql_status='01N52', status_description='warn: property key does not exist. The property `display_name` does not exist. Verify that the spelling is correct.', position=<SummaryInputPosition line=1, column=60, offset=59>, raw_classification='UNRECOGNIZED', classification=<NotificationClassification.UNRECOGNIZED: 'UNRECOGNIZED'>, raw_severity='WARNING', severity=<NotificationSeverity.WARNING: 'WARNING'>, diagnostic_record={'_classification': 'UNRECOGNIZED', '_severity': 'WARNING', '_position': {'offset': 59, 'line': 1, 'column': 60}, 'OPERATION': '', 'OPERATION_CODE': '0', 'CURRENT_SCHEMA': '/'}> for query: 'MATCH (u:User {id:$user_id,tenant_id:$tenant_id}) RETURN u.display_name AS display_name'
INFO:     127.0.0.1:50106 - "GET /api/auth/me HTTP/1.1" 200 OK
INFO:     127.0.0.1:50109 - "GET /api/learning/candidates HTTP/1.1" 200 OK
Received notification from DBMS server: <GqlStatusObject gql_status='01G11', status_description='warn: null value eliminated in set function', position=None, raw_classification='UNRECOGNIZED', classification=<NotificationClassification.UNRECOGNIZED: 'UNRECOGNIZED'>, raw_severity='WARNING', severity=<NotificationSeverity.WARNING: 'WARNING'>, diagnostic_record={'_classification': 'UNRECOGNIZED', '_severity': 'WARNING', 'OPERATION': '', 'OPERATION_CODE': '0', 'CURRENT_SCHEMA': '/'}> for query: 'MATCH (n:RuleCandidate {tenant_id:$tenant,id:$id}) OPTIONAL MATCH (n)-[r:SUPPORTED_BY]->(s) RETURN n,collect(CASE WHEN s IS NULL THEN null ELSE {node:s,role:r.role} END) AS links'
INFO:     127.0.0.1:50110 - "GET /api/policy/active HTTP/1.1" 200 OK
Received notification from DBMS server: <GqlStatusObject gql_status='01N52', status_description='warn: property key does not exist. The property `display_name` does not exist. Verify that the spelling is correct.', position=<SummaryInputPosition line=1, column=60, offset=59>, raw_classification='UNRECOGNIZED', classification=<NotificationClassification.UNRECOGNIZED: 'UNRECOGNIZED'>, raw_severity='WARNING', severity=<NotificationSeverity.WARNING: 'WARNING'>, diagnostic_record={'_classification': 'UNRECOGNIZED', '_severity': 'WARNING', '_position': {'offset': 59, 'line': 1, 'column': 60}, 'OPERATION': '', 'OPERATION_CODE': '0', 'CURRENT_SCHEMA': '/'}> for query: 'MATCH (u:User {id:$user_id,tenant_id:$tenant_id}) RETURN u.display_name AS display_name'
INFO:     127.0.0.1:50111 - "GET /api/learning/candidates/cand_6670c89345903ab55a23946e HTTP/1.1" 200 OK
INFO:     127.0.0.1:50112 - "GET /api/auth/me HTTP/1.1" 200 OK
INFO:     127.0.0.1:50113 - "GET /api/learning/candidates HTTP/1.1" 200 OK
INFO:     127.0.0.1:50116 - "GET /api/policy/active HTTP/1.1" 200 OK
Received notification from DBMS server: <GqlStatusObject gql_status='01G11', status_description='warn: null value eliminated in set function', position=None, raw_classification='UNRECOGNIZED', classification=<NotificationClassification.UNRECOGNIZED: 'UNRECOGNIZED'>, raw_severity='WARNING', severity=<NotificationSeverity.WARNING: 'WARNING'>, diagnostic_record={'_classification': 'UNRECOGNIZED', '_severity': 'WARNING', 'OPERATION': '', 'OPERATION_CODE': '0', 'CURRENT_SCHEMA': '/'}> for query: 'MATCH (n:RuleCandidate {tenant_id:$tenant,id:$id}) OPTIONAL MATCH (n)-[r:SUPPORTED_BY]->(s) RETURN n,collect(CASE WHEN s IS NULL THEN null ELSE {node:s,role:r.role} END) AS links'
Received notification from DBMS server: <GqlStatusObject gql_status='01N52', status_description='warn: property key does not exist. The property `display_name` does not exist. Verify that the spelling is correct.', position=<SummaryInputPosition line=1, column=60, offset=59>, raw_classification='UNRECOGNIZED', classification=<NotificationClassification.UNRECOGNIZED: 'UNRECOGNIZED'>, raw_severity='WARNING', severity=<NotificationSeverity.WARNING: 'WARNING'>, diagnostic_record={'_classification': 'UNRECOGNIZED', '_severity': 'WARNING', '_position': {'offset': 59, 'line': 1, 'column': 60}, 'OPERATION': '', 'OPERATION_CODE': '0', 'CURRENT_SCHEMA': '/'}> for query: 'MATCH (u:User {id:$user_id,tenant_id:$tenant_id}) RETURN u.display_name AS display_name'
INFO:     127.0.0.1:50119 - "GET /api/learning/corrections HTTP/1.1" 200 OK
INFO:     127.0.0.1:50125 - "GET /api/auth/me HTTP/1.1" 200 OK
INFO:     127.0.0.1:50124 - "GET /api/learning/candidates/cand_6670c89345903ab55a23946e HTTP/1.1" 200 OK
INFO:     127.0.0.1:50128 - "GET /api/learning/candidates HTTP/1.1" 200 OK
INFO:     127.0.0.1:50131 - "GET /api/policy/active HTTP/1.1" 200 OK
INFO:     127.0.0.1:50134 - "GET /api/learning/corrections HTTP/1.1" 200 OK
Received notification from DBMS server: <GqlStatusObject gql_status='01G11', status_description='warn: null value eliminated in set function', position=None, raw_classification='UNRECOGNIZED', classification=<NotificationClassification.UNRECOGNIZED: 'UNRECOGNIZED'>, raw_severity='WARNING', severity=<NotificationSeverity.WARNING: 'WARNING'>, diagnostic_record={'_classification': 'UNRECOGNIZED', '_severity': 'WARNING', 'OPERATION': '', 'OPERATION_CODE': '0', 'CURRENT_SCHEMA': '/'}> for query: 'MATCH (n:RuleCandidate {tenant_id:$tenant,id:$id}) OPTIONAL MATCH (n)-[r:SUPPORTED_BY]->(s) RETURN n,collect(CASE WHEN s IS NULL THEN null ELSE {node:s,role:r.role} END) AS links'
INFO:     127.0.0.1:50140 - "GET /api/learning/rules HTTP/1.1" 200 OK
INFO:     127.0.0.1:50137 - "GET /api/learning/candidates/cand_6670c89345903ab55a23946e HTTP/1.1" 200 OK
Received notification from DBMS server: <GqlStatusObject gql_status='01G11', status_description='warn: null value eliminated in set function', position=None, raw_classification='UNRECOGNIZED', classification=<NotificationClassification.UNRECOGNIZED: 'UNRECOGNIZED'>, raw_severity='WARNING', severity=<NotificationSeverity.WARNING: 'WARNING'>, diagnostic_record={'_classification': 'UNRECOGNIZED', '_severity': 'WARNING', 'OPERATION': '', 'OPERATION_CODE': '0', 'CURRENT_SCHEMA': '/'}> for query: 'MATCH (r:RuleVersion {tenant_id:$tenant,rule_id:$rule_id}) OPTIONAL MATCH (r)-[:DERIVED_FROM]->(d:RuleDecision {tenant_id:$tenant}) OPTIONAL MATCH (r)-[:PUBLISHED_IN]->(c:ConfigVersion {tenant_id:$tenant}) OPTIONAL MATCH (s:RunStep {tenant_id:$tenant})-[a:APPLIED]->(r) RETURN r.version AS version,r.status AS status,r.body AS body,d.insufficient_approved AS insufficient_approved,collect(DISTINCT c.version) AS config_versions,count(DISTINCT a) AS application_count ORDER BY version'
INFO:     127.0.0.1:50143 - "GET /api/learning/corrections HTTP/1.1" 200 OK
INFO:     127.0.0.1:50148 - "GET /api/learning/rules/R-AUDIT-E2E-01 HTTP/1.1" 200 OK
Received notification from DBMS server: <GqlStatusObject gql_status='01G11', status_description='warn: null value eliminated in set function', position=None, raw_classification='UNRECOGNIZED', classification=<NotificationClassification.UNRECOGNIZED: 'UNRECOGNIZED'>, raw_severity='WARNING', severity=<NotificationSeverity.WARNING: 'WARNING'>, diagnostic_record={'_classification': 'UNRECOGNIZED', '_severity': 'WARNING', 'OPERATION': '', 'OPERATION_CODE': '0', 'CURRENT_SCHEMA': '/'}> for query: 'MATCH (n:RuleCandidate {tenant_id:$tenant,id:$id}) OPTIONAL MATCH (n)-[r:SUPPORTED_BY]->(s) RETURN n,collect(CASE WHEN s IS NULL THEN null ELSE {node:s,role:r.role} END) AS links'
Received notification from DBMS server: <GqlStatusObject gql_status='01G11', status_description='warn: null value eliminated in set function', position=None, raw_classification='UNRECOGNIZED', classification=<NotificationClassification.UNRECOGNIZED: 'UNRECOGNIZED'>, raw_severity='WARNING', severity=<NotificationSeverity.WARNING: 'WARNING'>, diagnostic_record={'_classification': 'UNRECOGNIZED', '_severity': 'WARNING', 'OPERATION': '', 'OPERATION_CODE': '0', 'CURRENT_SCHEMA': '/'}> for query: 'MATCH (r:RuleVersion {tenant_id:$tenant,rule_id:$rule_id}) OPTIONAL MATCH (r)-[:DERIVED_FROM]->(d:RuleDecision {tenant_id:$tenant}) OPTIONAL MATCH (r)-[:PUBLISHED_IN]->(c:ConfigVersion {tenant_id:$tenant}) OPTIONAL MATCH (s:RunStep {tenant_id:$tenant})-[a:APPLIED]->(r) RETURN r.version AS version,r.status AS status,r.body AS body,d.insufficient_approved AS insufficient_approved,collect(DISTINCT c.version) AS config_versions,count(DISTINCT a) AS application_count ORDER BY version'
INFO:     127.0.0.1:50149 - "GET /api/learning/rules/R-AUDIT_LEAD-01 HTTP/1.1" 200 OK
INFO:     127.0.0.1:50152 - "GET /api/learning/candidates/cand_6670c89345903ab55a23946e HTTP/1.1" 200 OK
Received notification from DBMS server: <GqlStatusObject gql_status='01G11', status_description='warn: null value eliminated in set function', position=None, raw_classification='UNRECOGNIZED', classification=<NotificationClassification.UNRECOGNIZED: 'UNRECOGNIZED'>, raw_severity='WARNING', severity=<NotificationSeverity.WARNING: 'WARNING'>, diagnostic_record={'_classification': 'UNRECOGNIZED', '_severity': 'WARNING', 'OPERATION': '', 'OPERATION_CODE': '0', 'CURRENT_SCHEMA': '/'}> for query: 'MATCH (n:RuleCandidate {tenant_id:$tenant,id:$id}) OPTIONAL MATCH (n)-[r:SUPPORTED_BY]->(s) RETURN n,collect(CASE WHEN s IS NULL THEN null ELSE {node:s,role:r.role} END) AS links'
INFO:     127.0.0.1:50155 - "GET /api/learning/candidates/cand_6670c89345903ab55a23946e HTTP/1.1" 200 OK
INFO:     127.0.0.1:50167 - "GET /api/learning/rules/R-AUDIT_LEAD-01/versions/1/validations HTTP/1.1" 200 OK
Received notification from DBMS server: <GqlStatusObject gql_status='01G11', status_description='warn: null value eliminated in set function', position=None, raw_classification='UNRECOGNIZED', classification=<NotificationClassification.UNRECOGNIZED: 'UNRECOGNIZED'>, raw_severity='WARNING', severity=<NotificationSeverity.WARNING: 'WARNING'>, diagnostic_record={'_classification': 'UNRECOGNIZED', '_severity': 'WARNING', 'OPERATION': '', 'OPERATION_CODE': '0', 'CURRENT_SCHEMA': '/'}> for query: "MATCH (run:Run {tenant_id:$tenant}) WHERE coalesce(run.run_kind,'production') <> 'shadow' AND run.started_at >= datetime($start) AND run.started_at < datetime($end) OPTIONAL MATCH (j:Judgment {tenant_id:$tenant,run_id:run.id}) OPTIONAL MATCH (c:Correction {tenant_id:$tenant,run_id:run.id}) OPTIONAL MATCH (v:Review {tenant_id:$tenant,run_id:run.id}) OPTIONAL MATCH (s:RunStep {tenant_id:$tenant,run_id:run.id})-[a:APPLIED]->(rule:RuleVersion {tenant_id:$tenant,rule_id:$rule}) RETURN run.id AS id,run.started_at AS started_at,run.first_judgment_committed_at AS committed_at,run.status AS status,j.id AS judgment_id,count(DISTINCT c) AS corrections,count(DISTINCT v) AS reviews,collect(DISTINCT {outcome:a.outcome,before:a.before,after:a.after}) AS applications"
INFO:     127.0.0.1:50168 - "GET /api/learning/rules/R-AUDIT_LEAD-01/effects?days=7 HTTP/1.1" 200 OK
INFO:     127.0.0.1:50166 - "GET /api/graph/judgment?rule_id=R-AUDIT_LEAD-01%401&depth=6 HTTP/1.1" 200 OK
INFO:     127.0.0.1:50169 - "GET /api/policy/versions HTTP/1.1" 200 OK
INFO:     127.0.0.1:50170 - "GET /api/policy/versions/6 HTTP/1.1" 200 OK
Received notification from DBMS server: <GqlStatusObject gql_status='01G11', status_description='warn: null value eliminated in set function', position=None, raw_classification='UNRECOGNIZED', classification=<NotificationClassification.UNRECOGNIZED: 'UNRECOGNIZED'>, raw_severity='WARNING', severity=<NotificationSeverity.WARNING: 'WARNING'>, diagnostic_record={'_classification': 'UNRECOGNIZED', '_severity': 'WARNING', 'OPERATION': '', 'OPERATION_CODE': '0', 'CURRENT_SCHEMA': '/'}> for query: 'MATCH (r:RuleVersion {tenant_id:$tenant,rule_id:$rule_id}) OPTIONAL MATCH (r)-[:DERIVED_FROM]->(d:RuleDecision {tenant_id:$tenant}) OPTIONAL MATCH (r)-[:PUBLISHED_IN]->(c:ConfigVersion {tenant_id:$tenant}) OPTIONAL MATCH (s:RunStep {tenant_id:$tenant})-[a:APPLIED]->(r) RETURN r.version AS version,r.status AS status,r.body AS body,d.insufficient_approved AS insufficient_approved,collect(DISTINCT c.version) AS config_versions,count(DISTINCT a) AS application_count ORDER BY version'
INFO:     127.0.0.1:50244 - "GET /api/learning/rules/R-AUDIT_LEAD-01 HTTP/1.1" 200 OK
INFO:     127.0.0.1:50247 - "POST /api/learning/rules/R-AUDIT_LEAD-01/versions HTTP/1.1" 200 OK
Received notification from DBMS server: <GqlStatusObject gql_status='01N52', status_description='warn: property key does not exist. The property `display_name` does not exist. Verify that the spelling is correct.', position=<SummaryInputPosition line=1, column=60, offset=59>, raw_classification='UNRECOGNIZED', classification=<NotificationClassification.UNRECOGNIZED: 'UNRECOGNIZED'>, raw_severity='WARNING', severity=<NotificationSeverity.WARNING: 'WARNING'>, diagnostic_record={'_classification': 'UNRECOGNIZED', '_severity': 'WARNING', '_position': {'offset': 59, 'line': 1, 'column': 60}, 'OPERATION': '', 'OPERATION_CODE': '0', 'CURRENT_SCHEMA': '/'}> for query: 'MATCH (u:User {id:$user_id,tenant_id:$tenant_id}) RETURN u.display_name AS display_name'
INFO:     127.0.0.1:50263 - "GET /api/auth/me HTTP/1.1" 200 OK
Received notification from DBMS server: <GqlStatusObject gql_status='01N52', status_description='warn: property key does not exist. The property `display_name` does not exist. Verify that the spelling is correct.', position=<SummaryInputPosition line=1, column=60, offset=59>, raw_classification='UNRECOGNIZED', classification=<NotificationClassification.UNRECOGNIZED: 'UNRECOGNIZED'>, raw_severity='WARNING', severity=<NotificationSeverity.WARNING: 'WARNING'>, diagnostic_record={'_classification': 'UNRECOGNIZED', '_severity': 'WARNING', '_position': {'offset': 59, 'line': 1, 'column': 60}, 'OPERATION': '', 'OPERATION_CODE': '0', 'CURRENT_SCHEMA': '/'}> for query: 'MATCH (u:User {id:$user_id,tenant_id:$tenant_id}) RETURN u.display_name AS display_name'
INFO:     127.0.0.1:50264 - "GET /api/auth/me HTTP/1.1" 200 OK
Received notification from DBMS server: <GqlStatusObject gql_status='01N52', status_description='warn: property key does not exist. The property `display_name` does not exist. Verify that the spelling is correct.', position=<SummaryInputPosition line=1, column=60, offset=59>, raw_classification='UNRECOGNIZED', classification=<NotificationClassification.UNRECOGNIZED: 'UNRECOGNIZED'>, raw_severity='WARNING', severity=<NotificationSeverity.WARNING: 'WARNING'>, diagnostic_record={'_classification': 'UNRECOGNIZED', '_severity': 'WARNING', '_position': {'offset': 59, 'line': 1, 'column': 60}, 'OPERATION': '', 'OPERATION_CODE': '0', 'CURRENT_SCHEMA': '/'}> for query: 'MATCH (u:User {id:$user_id,tenant_id:$tenant_id}) RETURN u.display_name AS display_name'
INFO:     127.0.0.1:50265 - "GET /api/auth/me HTTP/1.1" 200 OK
Received notification from DBMS server: <GqlStatusObject gql_status='01G11', status_description='warn: null value eliminated in set function', position=None, raw_classification='UNRECOGNIZED', classification=<NotificationClassification.UNRECOGNIZED: 'UNRECOGNIZED'>, raw_severity='WARNING', severity=<NotificationSeverity.WARNING: 'WARNING'>, diagnostic_record={'_classification': 'UNRECOGNIZED', '_severity': 'WARNING', 'OPERATION': '', 'OPERATION_CODE': '0', 'CURRENT_SCHEMA': '/'}> for query: 'MATCH (n:RuleCandidate {tenant_id:$tenant,id:$id}) OPTIONAL MATCH (n)-[r:SUPPORTED_BY]->(s) RETURN n,collect(CASE WHEN s IS NULL THEN null ELSE {node:s,role:r.role} END) AS links'
INFO:     127.0.0.1:50271 - "GET /api/policy/active HTTP/1.1" 200 OK
INFO:     127.0.0.1:50270 - "GET /api/learning/candidates HTTP/1.1" 200 OK
Received notification from DBMS server: <GqlStatusObject gql_status='01N52', status_description='warn: property key does not exist. The property `display_name` does not exist. Verify that the spelling is correct.', position=<SummaryInputPosition line=1, column=60, offset=59>, raw_classification='UNRECOGNIZED', classification=<NotificationClassification.UNRECOGNIZED: 'UNRECOGNIZED'>, raw_severity='WARNING', severity=<NotificationSeverity.WARNING: 'WARNING'>, diagnostic_record={'_classification': 'UNRECOGNIZED', '_severity': 'WARNING', '_position': {'offset': 59, 'line': 1, 'column': 60}, 'OPERATION': '', 'OPERATION_CODE': '0', 'CURRENT_SCHEMA': '/'}> for query: 'MATCH (u:User {id:$user_id,tenant_id:$tenant_id}) RETURN u.display_name AS display_name'
INFO:     127.0.0.1:50272 - "GET /api/learning/candidates/cand_6670c89345903ab55a23946e HTTP/1.1" 200 OK
INFO:     127.0.0.1:50273 - "GET /api/auth/me HTTP/1.1" 200 OK
Received notification from DBMS server: <GqlStatusObject gql_status='01G11', status_description='warn: null value eliminated in set function', position=None, raw_classification='UNRECOGNIZED', classification=<NotificationClassification.UNRECOGNIZED: 'UNRECOGNIZED'>, raw_severity='WARNING', severity=<NotificationSeverity.WARNING: 'WARNING'>, diagnostic_record={'_classification': 'UNRECOGNIZED', '_severity': 'WARNING', 'OPERATION': '', 'OPERATION_CODE': '0', 'CURRENT_SCHEMA': '/'}> for query: 'MATCH (n:RuleCandidate {tenant_id:$tenant,id:$id}) OPTIONAL MATCH (n)-[r:SUPPORTED_BY]->(s) RETURN n,collect(CASE WHEN s IS NULL THEN null ELSE {node:s,role:r.role} END) AS links'
INFO:     127.0.0.1:50276 - "GET /api/policy/active HTTP/1.1" 200 OK
INFO:     127.0.0.1:50277 - "GET /api/learning/candidates HTTP/1.1" 200 OK
INFO:     127.0.0.1:50282 - "GET /api/learning/candidates/cand_6670c89345903ab55a23946e HTTP/1.1" 200 OK
INFO:     127.0.0.1:50283 - "GET /api/learning/corrections HTTP/1.1" 200 OK
INFO:     127.0.0.1:50288 - "GET /api/policy/active HTTP/1.1" 200 OK
INFO:     127.0.0.1:50289 - "GET /api/learning/candidates HTTP/1.1" 200 OK
Received notification from DBMS server: <GqlStatusObject gql_status='01G11', status_description='warn: null value eliminated in set function', position=None, raw_classification='UNRECOGNIZED', classification=<NotificationClassification.UNRECOGNIZED: 'UNRECOGNIZED'>, raw_severity='WARNING', severity=<NotificationSeverity.WARNING: 'WARNING'>, diagnostic_record={'_classification': 'UNRECOGNIZED', '_severity': 'WARNING', 'OPERATION': '', 'OPERATION_CODE': '0', 'CURRENT_SCHEMA': '/'}> for query: 'MATCH (n:RuleCandidate {tenant_id:$tenant,id:$id}) OPTIONAL MATCH (n)-[r:SUPPORTED_BY]->(s) RETURN n,collect(CASE WHEN s IS NULL THEN null ELSE {node:s,role:r.role} END) AS links'
INFO:     127.0.0.1:50292 - "GET /api/learning/candidates/cand_6670c89345903ab55a23946e HTTP/1.1" 200 OK
INFO:     127.0.0.1:50295 - "GET /api/learning/corrections HTTP/1.1" 200 OK
INFO:     127.0.0.1:50298 - "GET /api/learning/rules HTTP/1.1" 200 OK
Received notification from DBMS server: <GqlStatusObject gql_status='01G11', status_description='warn: null value eliminated in set function', position=None, raw_classification='UNRECOGNIZED', classification=<NotificationClassification.UNRECOGNIZED: 'UNRECOGNIZED'>, raw_severity='WARNING', severity=<NotificationSeverity.WARNING: 'WARNING'>, diagnostic_record={'_classification': 'UNRECOGNIZED', '_severity': 'WARNING', 'OPERATION': '', 'OPERATION_CODE': '0', 'CURRENT_SCHEMA': '/'}> for query: 'MATCH (n:RuleCandidate {tenant_id:$tenant,id:$id}) OPTIONAL MATCH (n)-[r:SUPPORTED_BY]->(s) RETURN n,collect(CASE WHEN s IS NULL THEN null ELSE {node:s,role:r.role} END) AS links'
INFO:     127.0.0.1:50301 - "GET /api/learning/candidates/cand_6670c89345903ab55a23946e HTTP/1.1" 200 OK
INFO:     127.0.0.1:50304 - "GET /api/learning/corrections HTTP/1.1" 200 OK
Received notification from DBMS server: <GqlStatusObject gql_status='01G11', status_description='warn: null value eliminated in set function', position=None, raw_classification='UNRECOGNIZED', classification=<NotificationClassification.UNRECOGNIZED: 'UNRECOGNIZED'>, raw_severity='WARNING', severity=<NotificationSeverity.WARNING: 'WARNING'>, diagnostic_record={'_classification': 'UNRECOGNIZED', '_severity': 'WARNING', 'OPERATION': '', 'OPERATION_CODE': '0', 'CURRENT_SCHEMA': '/'}> for query: 'MATCH (r:RuleVersion {tenant_id:$tenant,rule_id:$rule_id}) OPTIONAL MATCH (r)-[:DERIVED_FROM]->(d:RuleDecision {tenant_id:$tenant}) OPTIONAL MATCH (r)-[:PUBLISHED_IN]->(c:ConfigVersion {tenant_id:$tenant}) OPTIONAL MATCH (s:RunStep {tenant_id:$tenant})-[a:APPLIED]->(r) RETURN r.version AS version,r.status AS status,r.body AS body,d.insufficient_approved AS insufficient_approved,collect(DISTINCT c.version) AS config_versions,count(DISTINCT a) AS application_count ORDER BY version'
Received notification from DBMS server: <GqlStatusObject gql_status='01G11', status_description='warn: null value eliminated in set function', position=None, raw_classification='UNRECOGNIZED', classification=<NotificationClassification.UNRECOGNIZED: 'UNRECOGNIZED'>, raw_severity='WARNING', severity=<NotificationSeverity.WARNING: 'WARNING'>, diagnostic_record={'_classification': 'UNRECOGNIZED', '_severity': 'WARNING', 'OPERATION': '', 'OPERATION_CODE': '0', 'CURRENT_SCHEMA': '/'}> for query: 'MATCH (r:RuleVersion {tenant_id:$tenant,rule_id:$rule_id}) OPTIONAL MATCH (r)-[:DERIVED_FROM]->(d:RuleDecision {tenant_id:$tenant}) OPTIONAL MATCH (r)-[:PUBLISHED_IN]->(c:ConfigVersion {tenant_id:$tenant}) OPTIONAL MATCH (s:RunStep {tenant_id:$tenant})-[a:APPLIED]->(r) RETURN r.version AS version,r.status AS status,r.body AS body,d.insufficient_approved AS insufficient_approved,collect(DISTINCT c.version) AS config_versions,count(DISTINCT a) AS application_count ORDER BY version'
INFO:     127.0.0.1:50309 - "GET /api/learning/rules/R-AUDIT-E2E-01 HTTP/1.1" 200 OK
INFO:     127.0.0.1:50310 - "GET /api/learning/rules/R-AUDIT_LEAD-01 HTTP/1.1" 200 OK
Received notification from DBMS server: <GqlStatusObject gql_status='01G11', status_description='warn: null value eliminated in set function', position=None, raw_classification='UNRECOGNIZED', classification=<NotificationClassification.UNRECOGNIZED: 'UNRECOGNIZED'>, raw_severity='WARNING', severity=<NotificationSeverity.WARNING: 'WARNING'>, diagnostic_record={'_classification': 'UNRECOGNIZED', '_severity': 'WARNING', 'OPERATION': '', 'OPERATION_CODE': '0', 'CURRENT_SCHEMA': '/'}> for query: 'MATCH (n:RuleCandidate {tenant_id:$tenant,id:$id}) OPTIONAL MATCH (n)-[r:SUPPORTED_BY]->(s) RETURN n,collect(CASE WHEN s IS NULL THEN null ELSE {node:s,role:r.role} END) AS links'
INFO:     127.0.0.1:50313 - "GET /api/learning/candidates/cand_6670c89345903ab55a23946e HTTP/1.1" 200 OK
INFO:     127.0.0.1:50318 - "GET /api/learning/rules/R-AUDIT_LEAD-01/versions/2/validations HTTP/1.1" 200 OK
Received notification from DBMS server: <GqlStatusObject gql_status='01G11', status_description='warn: null value eliminated in set function', position=None, raw_classification='UNRECOGNIZED', classification=<NotificationClassification.UNRECOGNIZED: 'UNRECOGNIZED'>, raw_severity='WARNING', severity=<NotificationSeverity.WARNING: 'WARNING'>, diagnostic_record={'_classification': 'UNRECOGNIZED', '_severity': 'WARNING', 'OPERATION': '', 'OPERATION_CODE': '0', 'CURRENT_SCHEMA': '/'}> for query: "MATCH (run:Run {tenant_id:$tenant}) WHERE coalesce(run.run_kind,'production') <> 'shadow' AND run.started_at >= datetime($start) AND run.started_at < datetime($end) OPTIONAL MATCH (j:Judgment {tenant_id:$tenant,run_id:run.id}) OPTIONAL MATCH (c:Correction {tenant_id:$tenant,run_id:run.id}) OPTIONAL MATCH (v:Review {tenant_id:$tenant,run_id:run.id}) OPTIONAL MATCH (s:RunStep {tenant_id:$tenant,run_id:run.id})-[a:APPLIED]->(rule:RuleVersion {tenant_id:$tenant,rule_id:$rule}) RETURN run.id AS id,run.started_at AS started_at,run.first_judgment_committed_at AS committed_at,run.status AS status,j.id AS judgment_id,count(DISTINCT c) AS corrections,count(DISTINCT v) AS reviews,collect(DISTINCT {outcome:a.outcome,before:a.before,after:a.after}) AS applications"
INFO:     127.0.0.1:50319 - "GET /api/learning/rules/R-AUDIT_LEAD-01/effects?days=7 HTTP/1.1" 200 OK
INFO:     127.0.0.1:50322 - "GET /api/graph/judgment?rule_id=R-AUDIT_LEAD-01%402&depth=6 HTTP/1.1" 200 OK
Received notification from DBMS server: <GqlStatusObject gql_status='01G11', status_description='warn: null value eliminated in set function', position=None, raw_classification='UNRECOGNIZED', classification=<NotificationClassification.UNRECOGNIZED: 'UNRECOGNIZED'>, raw_severity='WARNING', severity=<NotificationSeverity.WARNING: 'WARNING'>, diagnostic_record={'_classification': 'UNRECOGNIZED', '_severity': 'WARNING', 'OPERATION': '', 'OPERATION_CODE': '0', 'CURRENT_SCHEMA': '/'}> for query: "MATCH (j:Judgment {tenant_id:$tenant}) WHERE j.created_at >= datetime($start) AND j.created_at < datetime($end) AND ($scope IS NULL OR j.request_id=$scope) OPTIONAL MATCH (o:ModelOutput {tenant_id:$tenant,run_id:j.run_id}) OPTIONAL MATCH (t:DraftTask {tenant_id:$tenant,run_id:j.run_id,draft_version:1}) OPTIONAL MATCH (h:ReviewDecision {tenant_id:$tenant,run_id:j.run_id}) WHERE h.action IN ['approve','approve_with_changes'] OPTIONAL MATCH (h)-[:RECORDED]->(c:Correction {tenant_id:$tenant}) RETURN j,collect(DISTINCT o) AS outputs,collect(DISTINCT t) AS tasks,collect(DISTINCT h) AS decisions,collect(DISTINCT c) AS corrections ORDER BY j.created_at,j.id"
INFO:     127.0.0.1:50333 - "POST /api/learning/rules/R-AUDIT_LEAD-01/versions/2/validate HTTP/1.1" 200 OK
INFO:     127.0.0.1:50337 - "GET /api/learning/validations/val_8b54f16d33b34c8ba4fafa72580bc5ac HTTP/1.1" 200 OK
INFO:     127.0.0.1:50343 - "GET /api/policy/active HTTP/1.1" 200 OK
INFO:     127.0.0.1:50342 - "GET /api/learning/candidates HTTP/1.1" 200 OK
Received notification from DBMS server: <GqlStatusObject gql_status='01G11', status_description='warn: null value eliminated in set function', position=None, raw_classification='UNRECOGNIZED', classification=<NotificationClassification.UNRECOGNIZED: 'UNRECOGNIZED'>, raw_severity='WARNING', severity=<NotificationSeverity.WARNING: 'WARNING'>, diagnostic_record={'_classification': 'UNRECOGNIZED', '_severity': 'WARNING', 'OPERATION': '', 'OPERATION_CODE': '0', 'CURRENT_SCHEMA': '/'}> for query: 'MATCH (n:RuleCandidate {tenant_id:$tenant,id:$id}) OPTIONAL MATCH (n)-[r:SUPPORTED_BY]->(s) RETURN n,collect(CASE WHEN s IS NULL THEN null ELSE {node:s,role:r.role} END) AS links'
INFO:     127.0.0.1:50349 - "GET /api/learning/rules HTTP/1.1" 200 OK
INFO:     127.0.0.1:50348 - "GET /api/learning/corrections HTTP/1.1" 200 OK
INFO:     127.0.0.1:50352 - "GET /api/learning/candidates/cand_6670c89345903ab55a23946e HTTP/1.1" 200 OK
Received notification from DBMS server: <GqlStatusObject gql_status='01G11', status_description='warn: null value eliminated in set function', position=None, raw_classification='UNRECOGNIZED', classification=<NotificationClassification.UNRECOGNIZED: 'UNRECOGNIZED'>, raw_severity='WARNING', severity=<NotificationSeverity.WARNING: 'WARNING'>, diagnostic_record={'_classification': 'UNRECOGNIZED', '_severity': 'WARNING', 'OPERATION': '', 'OPERATION_CODE': '0', 'CURRENT_SCHEMA': '/'}> for query: 'MATCH (r:RuleVersion {tenant_id:$tenant,rule_id:$rule_id}) OPTIONAL MATCH (r)-[:DERIVED_FROM]->(d:RuleDecision {tenant_id:$tenant}) OPTIONAL MATCH (r)-[:PUBLISHED_IN]->(c:ConfigVersion {tenant_id:$tenant}) OPTIONAL MATCH (s:RunStep {tenant_id:$tenant})-[a:APPLIED]->(r) RETURN r.version AS version,r.status AS status,r.body AS body,d.insufficient_approved AS insufficient_approved,collect(DISTINCT c.version) AS config_versions,count(DISTINCT a) AS application_count ORDER BY version'
Received notification from DBMS server: <GqlStatusObject gql_status='01G11', status_description='warn: null value eliminated in set function', position=None, raw_classification='UNRECOGNIZED', classification=<NotificationClassification.UNRECOGNIZED: 'UNRECOGNIZED'>, raw_severity='WARNING', severity=<NotificationSeverity.WARNING: 'WARNING'>, diagnostic_record={'_classification': 'UNRECOGNIZED', '_severity': 'WARNING', 'OPERATION': '', 'OPERATION_CODE': '0', 'CURRENT_SCHEMA': '/'}> for query: 'MATCH (r:RuleVersion {tenant_id:$tenant,rule_id:$rule_id}) OPTIONAL MATCH (r)-[:DERIVED_FROM]->(d:RuleDecision {tenant_id:$tenant}) OPTIONAL MATCH (r)-[:PUBLISHED_IN]->(c:ConfigVersion {tenant_id:$tenant}) OPTIONAL MATCH (s:RunStep {tenant_id:$tenant})-[a:APPLIED]->(r) RETURN r.version AS version,r.status AS status,r.body AS body,d.insufficient_approved AS insufficient_approved,collect(DISTINCT c.version) AS config_versions,count(DISTINCT a) AS application_count ORDER BY version'
INFO:     127.0.0.1:50357 - "GET /api/learning/rules/R-AUDIT-E2E-01 HTTP/1.1" 200 OK
INFO:     127.0.0.1:50358 - "GET /api/learning/rules/R-AUDIT_LEAD-01 HTTP/1.1" 200 OK
INFO:     127.0.0.1:50363 - "GET /api/learning/rules/R-AUDIT_LEAD-01/versions/2/validations HTTP/1.1" 200 OK
Received notification from DBMS server: <GqlStatusObject gql_status='01G11', status_description='warn: null value eliminated in set function', position=None, raw_classification='UNRECOGNIZED', classification=<NotificationClassification.UNRECOGNIZED: 'UNRECOGNIZED'>, raw_severity='WARNING', severity=<NotificationSeverity.WARNING: 'WARNING'>, diagnostic_record={'_classification': 'UNRECOGNIZED', '_severity': 'WARNING', 'OPERATION': '', 'OPERATION_CODE': '0', 'CURRENT_SCHEMA': '/'}> for query: "MATCH (run:Run {tenant_id:$tenant}) WHERE coalesce(run.run_kind,'production') <> 'shadow' AND run.started_at >= datetime($start) AND run.started_at < datetime($end) OPTIONAL MATCH (j:Judgment {tenant_id:$tenant,run_id:run.id}) OPTIONAL MATCH (c:Correction {tenant_id:$tenant,run_id:run.id}) OPTIONAL MATCH (v:Review {tenant_id:$tenant,run_id:run.id}) OPTIONAL MATCH (s:RunStep {tenant_id:$tenant,run_id:run.id})-[a:APPLIED]->(rule:RuleVersion {tenant_id:$tenant,rule_id:$rule}) RETURN run.id AS id,run.started_at AS started_at,run.first_judgment_committed_at AS committed_at,run.status AS status,j.id AS judgment_id,count(DISTINCT c) AS corrections,count(DISTINCT v) AS reviews,collect(DISTINCT {outcome:a.outcome,before:a.before,after:a.after}) AS applications"
INFO:     127.0.0.1:50364 - "GET /api/learning/rules/R-AUDIT_LEAD-01/effects?days=7 HTTP/1.1" 200 OK
INFO:     127.0.0.1:50367 - "GET /api/graph/judgment?rule_id=R-AUDIT_LEAD-01%402&depth=6 HTTP/1.1" 200 OK
INFO:     127.0.0.1:50370 - "POST /api/learning/rules/R-AUDIT_LEAD-01/versions/2/mark-validated HTTP/1.1" 200 OK
INFO:     127.0.0.1:50376 - "GET /api/learning/candidates HTTP/1.1" 200 OK
INFO:     127.0.0.1:50377 - "GET /api/policy/active HTTP/1.1" 200 OK
Received notification from DBMS server: <GqlStatusObject gql_status='01G11', status_description='warn: null value eliminated in set function', position=None, raw_classification='UNRECOGNIZED', classification=<NotificationClassification.UNRECOGNIZED: 'UNRECOGNIZED'>, raw_severity='WARNING', severity=<NotificationSeverity.WARNING: 'WARNING'>, diagnostic_record={'_classification': 'UNRECOGNIZED', '_severity': 'WARNING', 'OPERATION': '', 'OPERATION_CODE': '0', 'CURRENT_SCHEMA': '/'}> for query: 'MATCH (n:RuleCandidate {tenant_id:$tenant,id:$id}) OPTIONAL MATCH (n)-[r:SUPPORTED_BY]->(s) RETURN n,collect(CASE WHEN s IS NULL THEN null ELSE {node:s,role:r.role} END) AS links'
INFO:     127.0.0.1:50383 - "GET /api/learning/rules HTTP/1.1" 200 OK
INFO:     127.0.0.1:50382 - "GET /api/learning/corrections HTTP/1.1" 200 OK
INFO:     127.0.0.1:50386 - "GET /api/learning/candidates/cand_6670c89345903ab55a23946e HTTP/1.1" 200 OK
Received notification from DBMS server: <GqlStatusObject gql_status='01G11', status_description='warn: null value eliminated in set function', position=None, raw_classification='UNRECOGNIZED', classification=<NotificationClassification.UNRECOGNIZED: 'UNRECOGNIZED'>, raw_severity='WARNING', severity=<NotificationSeverity.WARNING: 'WARNING'>, diagnostic_record={'_classification': 'UNRECOGNIZED', '_severity': 'WARNING', 'OPERATION': '', 'OPERATION_CODE': '0', 'CURRENT_SCHEMA': '/'}> for query: 'MATCH (r:RuleVersion {tenant_id:$tenant,rule_id:$rule_id}) OPTIONAL MATCH (r)-[:DERIVED_FROM]->(d:RuleDecision {tenant_id:$tenant}) OPTIONAL MATCH (r)-[:PUBLISHED_IN]->(c:ConfigVersion {tenant_id:$tenant}) OPTIONAL MATCH (s:RunStep {tenant_id:$tenant})-[a:APPLIED]->(r) RETURN r.version AS version,r.status AS status,r.body AS body,d.insufficient_approved AS insufficient_approved,collect(DISTINCT c.version) AS config_versions,count(DISTINCT a) AS application_count ORDER BY version'
Received notification from DBMS server: <GqlStatusObject gql_status='01G11', status_description='warn: null value eliminated in set function', position=None, raw_classification='UNRECOGNIZED', classification=<NotificationClassification.UNRECOGNIZED: 'UNRECOGNIZED'>, raw_severity='WARNING', severity=<NotificationSeverity.WARNING: 'WARNING'>, diagnostic_record={'_classification': 'UNRECOGNIZED', '_severity': 'WARNING', 'OPERATION': '', 'OPERATION_CODE': '0', 'CURRENT_SCHEMA': '/'}> for query: 'MATCH (r:RuleVersion {tenant_id:$tenant,rule_id:$rule_id}) OPTIONAL MATCH (r)-[:DERIVED_FROM]->(d:RuleDecision {tenant_id:$tenant}) OPTIONAL MATCH (r)-[:PUBLISHED_IN]->(c:ConfigVersion {tenant_id:$tenant}) OPTIONAL MATCH (s:RunStep {tenant_id:$tenant})-[a:APPLIED]->(r) RETURN r.version AS version,r.status AS status,r.body AS body,d.insufficient_approved AS insufficient_approved,collect(DISTINCT c.version) AS config_versions,count(DISTINCT a) AS application_count ORDER BY version'
INFO:     127.0.0.1:50391 - "GET /api/learning/rules/R-AUDIT-E2E-01 HTTP/1.1" 200 OK
INFO:     127.0.0.1:50392 - "GET /api/learning/rules/R-AUDIT_LEAD-01 HTTP/1.1" 200 OK
INFO:     127.0.0.1:50397 - "GET /api/learning/rules/R-AUDIT_LEAD-01/versions/2/validations HTTP/1.1" 200 OK
Received notification from DBMS server: <GqlStatusObject gql_status='01G11', status_description='warn: null value eliminated in set function', position=None, raw_classification='UNRECOGNIZED', classification=<NotificationClassification.UNRECOGNIZED: 'UNRECOGNIZED'>, raw_severity='WARNING', severity=<NotificationSeverity.WARNING: 'WARNING'>, diagnostic_record={'_classification': 'UNRECOGNIZED', '_severity': 'WARNING', 'OPERATION': '', 'OPERATION_CODE': '0', 'CURRENT_SCHEMA': '/'}> for query: "MATCH (run:Run {tenant_id:$tenant}) WHERE coalesce(run.run_kind,'production') <> 'shadow' AND run.started_at >= datetime($start) AND run.started_at < datetime($end) OPTIONAL MATCH (j:Judgment {tenant_id:$tenant,run_id:run.id}) OPTIONAL MATCH (c:Correction {tenant_id:$tenant,run_id:run.id}) OPTIONAL MATCH (v:Review {tenant_id:$tenant,run_id:run.id}) OPTIONAL MATCH (s:RunStep {tenant_id:$tenant,run_id:run.id})-[a:APPLIED]->(rule:RuleVersion {tenant_id:$tenant,rule_id:$rule}) RETURN run.id AS id,run.started_at AS started_at,run.first_judgment_committed_at AS committed_at,run.status AS status,j.id AS judgment_id,count(DISTINCT c) AS corrections,count(DISTINCT v) AS reviews,collect(DISTINCT {outcome:a.outcome,before:a.before,after:a.after}) AS applications"
INFO:     127.0.0.1:50398 - "GET /api/learning/rules/R-AUDIT_LEAD-01/effects?days=7 HTTP/1.1" 200 OK
INFO:     127.0.0.1:50401 - "GET /api/graph/judgment?rule_id=R-AUDIT_LEAD-01%402&depth=6 HTTP/1.1" 200 OK
INFO:     127.0.0.1:50408 - "GET /api/policy/active HTTP/1.1" 200 OK
INFO:     127.0.0.1:50411 - "POST /api/learning/rules/R-AUDIT_LEAD-01/versions/2/publish HTTP/1.1" 200 OK
INFO:     127.0.0.1:50418 - "GET /api/policy/active HTTP/1.1" 200 OK
INFO:     127.0.0.1:50417 - "GET /api/learning/candidates HTTP/1.1" 200 OK
Received notification from DBMS server: <GqlStatusObject gql_status='01G11', status_description='warn: null value eliminated in set function', position=None, raw_classification='UNRECOGNIZED', classification=<NotificationClassification.UNRECOGNIZED: 'UNRECOGNIZED'>, raw_severity='WARNING', severity=<NotificationSeverity.WARNING: 'WARNING'>, diagnostic_record={'_classification': 'UNRECOGNIZED', '_severity': 'WARNING', 'OPERATION': '', 'OPERATION_CODE': '0', 'CURRENT_SCHEMA': '/'}> for query: 'MATCH (n:RuleCandidate {tenant_id:$tenant,id:$id}) OPTIONAL MATCH (n)-[r:SUPPORTED_BY]->(s) RETURN n,collect(CASE WHEN s IS NULL THEN null ELSE {node:s,role:r.role} END) AS links'
INFO:     127.0.0.1:50424 - "GET /api/learning/rules HTTP/1.1" 200 OK
INFO:     127.0.0.1:50423 - "GET /api/learning/corrections HTTP/1.1" 200 OK
INFO:     127.0.0.1:50427 - "GET /api/learning/candidates/cand_6670c89345903ab55a23946e HTTP/1.1" 200 OK
Received notification from DBMS server: <GqlStatusObject gql_status='01G11', status_description='warn: null value eliminated in set function', position=None, raw_classification='UNRECOGNIZED', classification=<NotificationClassification.UNRECOGNIZED: 'UNRECOGNIZED'>, raw_severity='WARNING', severity=<NotificationSeverity.WARNING: 'WARNING'>, diagnostic_record={'_classification': 'UNRECOGNIZED', '_severity': 'WARNING', 'OPERATION': '', 'OPERATION_CODE': '0', 'CURRENT_SCHEMA': '/'}> for query: 'MATCH (r:RuleVersion {tenant_id:$tenant,rule_id:$rule_id}) OPTIONAL MATCH (r)-[:DERIVED_FROM]->(d:RuleDecision {tenant_id:$tenant}) OPTIONAL MATCH (r)-[:PUBLISHED_IN]->(c:ConfigVersion {tenant_id:$tenant}) OPTIONAL MATCH (s:RunStep {tenant_id:$tenant})-[a:APPLIED]->(r) RETURN r.version AS version,r.status AS status,r.body AS body,d.insufficient_approved AS insufficient_approved,collect(DISTINCT c.version) AS config_versions,count(DISTINCT a) AS application_count ORDER BY version'
Received notification from DBMS server: <GqlStatusObject gql_status='01G11', status_description='warn: null value eliminated in set function', position=None, raw_classification='UNRECOGNIZED', classification=<NotificationClassification.UNRECOGNIZED: 'UNRECOGNIZED'>, raw_severity='WARNING', severity=<NotificationSeverity.WARNING: 'WARNING'>, diagnostic_record={'_classification': 'UNRECOGNIZED', '_severity': 'WARNING', 'OPERATION': '', 'OPERATION_CODE': '0', 'CURRENT_SCHEMA': '/'}> for query: 'MATCH (r:RuleVersion {tenant_id:$tenant,rule_id:$rule_id}) OPTIONAL MATCH (r)-[:DERIVED_FROM]->(d:RuleDecision {tenant_id:$tenant}) OPTIONAL MATCH (r)-[:PUBLISHED_IN]->(c:ConfigVersion {tenant_id:$tenant}) OPTIONAL MATCH (s:RunStep {tenant_id:$tenant})-[a:APPLIED]->(r) RETURN r.version AS version,r.status AS status,r.body AS body,d.insufficient_approved AS insufficient_approved,collect(DISTINCT c.version) AS config_versions,count(DISTINCT a) AS application_count ORDER BY version'
INFO:     127.0.0.1:50432 - "GET /api/learning/rules/R-AUDIT-E2E-01 HTTP/1.1" 200 OK
INFO:     127.0.0.1:50433 - "GET /api/learning/rules/R-AUDIT_LEAD-01 HTTP/1.1" 200 OK
INFO:     127.0.0.1:50438 - "GET /api/learning/rules/R-AUDIT_LEAD-01/versions/2/validations HTTP/1.1" 200 OK
Received notification from DBMS server: <GqlStatusObject gql_status='01G11', status_description='warn: null value eliminated in set function', position=None, raw_classification='UNRECOGNIZED', classification=<NotificationClassification.UNRECOGNIZED: 'UNRECOGNIZED'>, raw_severity='WARNING', severity=<NotificationSeverity.WARNING: 'WARNING'>, diagnostic_record={'_classification': 'UNRECOGNIZED', '_severity': 'WARNING', 'OPERATION': '', 'OPERATION_CODE': '0', 'CURRENT_SCHEMA': '/'}> for query: "MATCH (run:Run {tenant_id:$tenant}) WHERE coalesce(run.run_kind,'production') <> 'shadow' AND run.started_at >= datetime($start) AND run.started_at < datetime($end) OPTIONAL MATCH (j:Judgment {tenant_id:$tenant,run_id:run.id}) OPTIONAL MATCH (c:Correction {tenant_id:$tenant,run_id:run.id}) OPTIONAL MATCH (v:Review {tenant_id:$tenant,run_id:run.id}) OPTIONAL MATCH (s:RunStep {tenant_id:$tenant,run_id:run.id})-[a:APPLIED]->(rule:RuleVersion {tenant_id:$tenant,rule_id:$rule}) RETURN run.id AS id,run.started_at AS started_at,run.first_judgment_committed_at AS committed_at,run.status AS status,j.id AS judgment_id,count(DISTINCT c) AS corrections,count(DISTINCT v) AS reviews,collect(DISTINCT {outcome:a.outcome,before:a.before,after:a.after}) AS applications"
INFO:     127.0.0.1:50439 - "GET /api/learning/rules/R-AUDIT_LEAD-01/effects?days=7 HTTP/1.1" 200 OK
INFO:     127.0.0.1:50442 - "GET /api/graph/judgment?rule_id=R-AUDIT_LEAD-01%402&depth=6 HTTP/1.1" 200 OK
INFO:     127.0.0.1:50445 - "GET /api/policy/versions HTTP/1.1" 200 OK
INFO:     127.0.0.1:50448 - "GET /api/policy/versions/7 HTTP/1.1" 200 OK
INFO:     127.0.0.1:50451 - "GET /api/policy/active HTTP/1.1" 200 OK
INFO:     127.0.0.1:50454 - "POST /api/learning/rules/R-AUDIT_LEAD-01/revert HTTP/1.1" 200 OK
INFO:     127.0.0.1:50460 - "GET /api/learning/candidates HTTP/1.1" 200 OK
INFO:     127.0.0.1:50461 - "GET /api/policy/active HTTP/1.1" 200 OK
INFO:     127.0.0.1:50467 - "GET /api/learning/rules HTTP/1.1" 200 OK
Received notification from DBMS server: <GqlStatusObject gql_status='01G11', status_description='warn: null value eliminated in set function', position=None, raw_classification='UNRECOGNIZED', classification=<NotificationClassification.UNRECOGNIZED: 'UNRECOGNIZED'>, raw_severity='WARNING', severity=<NotificationSeverity.WARNING: 'WARNING'>, diagnostic_record={'_classification': 'UNRECOGNIZED', '_severity': 'WARNING', 'OPERATION': '', 'OPERATION_CODE': '0', 'CURRENT_SCHEMA': '/'}> for query: 'MATCH (n:RuleCandidate {tenant_id:$tenant,id:$id}) OPTIONAL MATCH (n)-[r:SUPPORTED_BY]->(s) RETURN n,collect(CASE WHEN s IS NULL THEN null ELSE {node:s,role:r.role} END) AS links'
INFO:     127.0.0.1:50466 - "GET /api/learning/corrections HTTP/1.1" 200 OK
INFO:     127.0.0.1:50470 - "GET /api/learning/candidates/cand_6670c89345903ab55a23946e HTTP/1.1" 200 OK
Received notification from DBMS server: <GqlStatusObject gql_status='01G11', status_description='warn: null value eliminated in set function', position=None, raw_classification='UNRECOGNIZED', classification=<NotificationClassification.UNRECOGNIZED: 'UNRECOGNIZED'>, raw_severity='WARNING', severity=<NotificationSeverity.WARNING: 'WARNING'>, diagnostic_record={'_classification': 'UNRECOGNIZED', '_severity': 'WARNING', 'OPERATION': '', 'OPERATION_CODE': '0', 'CURRENT_SCHEMA': '/'}> for query: 'MATCH (r:RuleVersion {tenant_id:$tenant,rule_id:$rule_id}) OPTIONAL MATCH (r)-[:DERIVED_FROM]->(d:RuleDecision {tenant_id:$tenant}) OPTIONAL MATCH (r)-[:PUBLISHED_IN]->(c:ConfigVersion {tenant_id:$tenant}) OPTIONAL MATCH (s:RunStep {tenant_id:$tenant})-[a:APPLIED]->(r) RETURN r.version AS version,r.status AS status,r.body AS body,d.insufficient_approved AS insufficient_approved,collect(DISTINCT c.version) AS config_versions,count(DISTINCT a) AS application_count ORDER BY version'
Received notification from DBMS server: <GqlStatusObject gql_status='01G11', status_description='warn: null value eliminated in set function', position=None, raw_classification='UNRECOGNIZED', classification=<NotificationClassification.UNRECOGNIZED: 'UNRECOGNIZED'>, raw_severity='WARNING', severity=<NotificationSeverity.WARNING: 'WARNING'>, diagnostic_record={'_classification': 'UNRECOGNIZED', '_severity': 'WARNING', 'OPERATION': '', 'OPERATION_CODE': '0', 'CURRENT_SCHEMA': '/'}> for query: 'MATCH (r:RuleVersion {tenant_id:$tenant,rule_id:$rule_id}) OPTIONAL MATCH (r)-[:DERIVED_FROM]->(d:RuleDecision {tenant_id:$tenant}) OPTIONAL MATCH (r)-[:PUBLISHED_IN]->(c:ConfigVersion {tenant_id:$tenant}) OPTIONAL MATCH (s:RunStep {tenant_id:$tenant})-[a:APPLIED]->(r) RETURN r.version AS version,r.status AS status,r.body AS body,d.insufficient_approved AS insufficient_approved,collect(DISTINCT c.version) AS config_versions,count(DISTINCT a) AS application_count ORDER BY version'
INFO:     127.0.0.1:50476 - "GET /api/learning/rules/R-AUDIT_LEAD-01 HTTP/1.1" 200 OK
INFO:     127.0.0.1:50475 - "GET /api/learning/rules/R-AUDIT-E2E-01 HTTP/1.1" 200 OK
INFO:     127.0.0.1:50481 - "GET /api/learning/rules/R-AUDIT_LEAD-01/versions/2/validations HTTP/1.1" 200 OK
INFO:     127.0.0.1:50485 - "GET /api/graph/judgment?rule_id=R-AUDIT_LEAD-01%402&depth=6 HTTP/1.1" 200 OK
Received notification from DBMS server: <GqlStatusObject gql_status='01G11', status_description='warn: null value eliminated in set function', position=None, raw_classification='UNRECOGNIZED', classification=<NotificationClassification.UNRECOGNIZED: 'UNRECOGNIZED'>, raw_severity='WARNING', severity=<NotificationSeverity.WARNING: 'WARNING'>, diagnostic_record={'_classification': 'UNRECOGNIZED', '_severity': 'WARNING', 'OPERATION': '', 'OPERATION_CODE': '0', 'CURRENT_SCHEMA': '/'}> for query: "MATCH (run:Run {tenant_id:$tenant}) WHERE coalesce(run.run_kind,'production') <> 'shadow' AND run.started_at >= datetime($start) AND run.started_at < datetime($end) OPTIONAL MATCH (j:Judgment {tenant_id:$tenant,run_id:run.id}) OPTIONAL MATCH (c:Correction {tenant_id:$tenant,run_id:run.id}) OPTIONAL MATCH (v:Review {tenant_id:$tenant,run_id:run.id}) OPTIONAL MATCH (s:RunStep {tenant_id:$tenant,run_id:run.id})-[a:APPLIED]->(rule:RuleVersion {tenant_id:$tenant,rule_id:$rule}) RETURN run.id AS id,run.started_at AS started_at,run.first_judgment_committed_at AS committed_at,run.status AS status,j.id AS judgment_id,count(DISTINCT c) AS corrections,count(DISTINCT v) AS reviews,collect(DISTINCT {outcome:a.outcome,before:a.before,after:a.after}) AS applications"
INFO:     127.0.0.1:50482 - "GET /api/learning/rules/R-AUDIT_LEAD-01/effects?days=7 HTTP/1.1" 200 OK
INFO:     127.0.0.1:50488 - "GET /api/policy/versions HTTP/1.1" 200 OK
INFO:     127.0.0.1:50493 - "GET /api/policy/versions/7 HTTP/1.1" 200 OK
INFO:     127.0.0.1:50496 - "GET /api/policy/versions/8 HTTP/1.1" 200 OK
INFO:     127.0.0.1:50515 - "POST /api/auth/login HTTP/1.1" 200 OK
Received notification from DBMS server: <GqlStatusObject gql_status='01N52', status_description='warn: property key does not exist. The property `display_name` does not exist. Verify that the spelling is correct.', position=<SummaryInputPosition line=1, column=60, offset=59>, raw_classification='UNRECOGNIZED', classification=<NotificationClassification.UNRECOGNIZED: 'UNRECOGNIZED'>, raw_severity='WARNING', severity=<NotificationSeverity.WARNING: 'WARNING'>, diagnostic_record={'_classification': 'UNRECOGNIZED', '_severity': 'WARNING', '_position': {'offset': 59, 'line': 1, 'column': 60}, 'OPERATION': '', 'OPERATION_CODE': '0', 'CURRENT_SCHEMA': '/'}> for query: 'MATCH (u:User {id:$user_id,tenant_id:$tenant_id}) RETURN u.display_name AS display_name'
INFO:     127.0.0.1:50523 - "GET /api/auth/me HTTP/1.1" 200 OK
Received notification from DBMS server: <GqlStatusObject gql_status='01N52', status_description='warn: property key does not exist. The property `display_name` does not exist. Verify that the spelling is correct.', position=<SummaryInputPosition line=1, column=60, offset=59>, raw_classification='UNRECOGNIZED', classification=<NotificationClassification.UNRECOGNIZED: 'UNRECOGNIZED'>, raw_severity='WARNING', severity=<NotificationSeverity.WARNING: 'WARNING'>, diagnostic_record={'_classification': 'UNRECOGNIZED', '_severity': 'WARNING', '_position': {'offset': 59, 'line': 1, 'column': 60}, 'OPERATION': '', 'OPERATION_CODE': '0', 'CURRENT_SCHEMA': '/'}> for query: 'MATCH (u:User {id:$user_id,tenant_id:$tenant_id}) RETURN u.display_name AS display_name'
INFO:     127.0.0.1:50524 - "GET /api/auth/me HTTP/1.1" 200 OK
Received notification from DBMS server: <GqlStatusObject gql_status='01N52', status_description='warn: property key does not exist. The property `display_name` does not exist. Verify that the spelling is correct.', position=<SummaryInputPosition line=1, column=60, offset=59>, raw_classification='UNRECOGNIZED', classification=<NotificationClassification.UNRECOGNIZED: 'UNRECOGNIZED'>, raw_severity='WARNING', severity=<NotificationSeverity.WARNING: 'WARNING'>, diagnostic_record={'_classification': 'UNRECOGNIZED', '_severity': 'WARNING', '_position': {'offset': 59, 'line': 1, 'column': 60}, 'OPERATION': '', 'OPERATION_CODE': '0', 'CURRENT_SCHEMA': '/'}> for query: 'MATCH (u:User {id:$user_id,tenant_id:$tenant_id}) RETURN u.display_name AS display_name'
INFO:     127.0.0.1:50528 - "GET /api/auth/me HTTP/1.1" 200 OK
Received notification from DBMS server: <GqlStatusObject gql_status='01G11', status_description='warn: null value eliminated in set function', position=None, raw_classification='UNRECOGNIZED', classification=<NotificationClassification.UNRECOGNIZED: 'UNRECOGNIZED'>, raw_severity='WARNING', severity=<NotificationSeverity.WARNING: 'WARNING'>, diagnostic_record={'_classification': 'UNRECOGNIZED', '_severity': 'WARNING', 'OPERATION': '', 'OPERATION_CODE': '0', 'CURRENT_SCHEMA': '/'}> for query: 'MATCH (r:Request {id:$id,tenant_id:$tenant_id}) OPTIONAL MATCH (r)-[:HAS_REVISION]->(i:InputRevision) OPTIONAL MATCH (i)-[:HAS_ATTACHMENT]->(a:Attachment) OPTIONAL MATCH (active:Run {id:r.active_run_id,tenant_id:$tenant_id}) RETURN r,collect(DISTINCT i) AS revisions,collect(DISTINCT a) AS attachments,active'
Received notification from DBMS server: <GqlStatusObject gql_status='01G11', status_description='warn: null value eliminated in set function', position=None, raw_classification='UNRECOGNIZED', classification=<NotificationClassification.UNRECOGNIZED: 'UNRECOGNIZED'>, raw_severity='WARNING', severity=<NotificationSeverity.WARNING: 'WARNING'>, diagnostic_record={'_classification': 'UNRECOGNIZED', '_severity': 'WARNING', 'OPERATION': '', 'OPERATION_CODE': '0', 'CURRENT_SCHEMA': '/'}> for query: 'MATCH (o:ModelOutput {tenant_id:$tenant_id,run_id:$run_id})-[:OF_JUDGMENT]->(j:Judgment {tenant_id:$tenant_id,id:$judgment_id}) OPTIONAL MATCH (o)-[c:CITES]->(e:EvidenceSpan {tenant_id:$tenant_id}) RETURN o,collect(CASE WHEN e IS NULL THEN null ELSE {id:e.id,attachment_id:e.attachment_id,location_json:e.location_json,char_start:e.char_start,char_end:e.char_end,prob:c.prob,source:e.source,source_text:e.source_text} END) AS citations'
INFO:     127.0.0.1:50532 - "GET /api/requests/req_3503948c4b87404cba4714536567406e/runs HTTP/1.1" 200 OK
INFO:     127.0.0.1:50530 - "GET /api/requests/req_3503948c4b87404cba4714536567406e HTTP/1.1" 200 OK
INFO:     127.0.0.1:50527 - "GET /api/requests?limit=50 HTTP/1.1" 200 OK
INFO:     127.0.0.1:50529 - "GET /api/events/snapshot?request_id=req_3503948c4b87404cba4714536567406e HTTP/1.1" 200 OK
INFO:     127.0.0.1:50531 - "GET /api/requests/req_3503948c4b87404cba4714536567406e/judgment HTTP/1.1" 200 OK
INFO:     127.0.0.1:50534 - "GET /api/events/stream?after=0 HTTP/1.1" 200 OK
Received notification from DBMS server: <GqlStatusObject gql_status='01N52', status_description='warn: property key does not exist. The property `display_name` does not exist. Verify that the spelling is correct.', position=<SummaryInputPosition line=1, column=60, offset=59>, raw_classification='UNRECOGNIZED', classification=<NotificationClassification.UNRECOGNIZED: 'UNRECOGNIZED'>, raw_severity='WARNING', severity=<NotificationSeverity.WARNING: 'WARNING'>, diagnostic_record={'_classification': 'UNRECOGNIZED', '_severity': 'WARNING', '_position': {'offset': 59, 'line': 1, 'column': 60}, 'OPERATION': '', 'OPERATION_CODE': '0', 'CURRENT_SCHEMA': '/'}> for query: 'MATCH (u:User {id:$user_id,tenant_id:$tenant_id}) RETURN u.display_name AS display_name'
INFO:     127.0.0.1:50540 - "GET /api/auth/me HTTP/1.1" 200 OK
INFO:     127.0.0.1:50542 - "GET /api/requests?limit=50 HTTP/1.1" 200 OK
INFO:     127.0.0.1:50541 - "GET /api/events/snapshot?request_id=req_3503948c4b87404cba4714536567406e HTTP/1.1" 200 OK
Received notification from DBMS server: <GqlStatusObject gql_status='01G11', status_description='warn: null value eliminated in set function', position=None, raw_classification='UNRECOGNIZED', classification=<NotificationClassification.UNRECOGNIZED: 'UNRECOGNIZED'>, raw_severity='WARNING', severity=<NotificationSeverity.WARNING: 'WARNING'>, diagnostic_record={'_classification': 'UNRECOGNIZED', '_severity': 'WARNING', 'OPERATION': '', 'OPERATION_CODE': '0', 'CURRENT_SCHEMA': '/'}> for query: 'MATCH (r:Request {id:$id,tenant_id:$tenant_id}) OPTIONAL MATCH (r)-[:HAS_REVISION]->(i:InputRevision) OPTIONAL MATCH (i)-[:HAS_ATTACHMENT]->(a:Attachment) OPTIONAL MATCH (active:Run {id:r.active_run_id,tenant_id:$tenant_id}) RETURN r,collect(DISTINCT i) AS revisions,collect(DISTINCT a) AS attachments,active'
Received notification from DBMS server: <GqlStatusObject gql_status='01N52', status_description='warn: property key does not exist. The property `display_name` does not exist. Verify that the spelling is correct.', position=<SummaryInputPosition line=1, column=60, offset=59>, raw_classification='UNRECOGNIZED', classification=<NotificationClassification.UNRECOGNIZED: 'UNRECOGNIZED'>, raw_severity='WARNING', severity=<NotificationSeverity.WARNING: 'WARNING'>, diagnostic_record={'_classification': 'UNRECOGNIZED', '_severity': 'WARNING', '_position': {'offset': 59, 'line': 1, 'column': 60}, 'OPERATION': '', 'OPERATION_CODE': '0', 'CURRENT_SCHEMA': '/'}> for query: 'MATCH (u:User {id:$user_id,tenant_id:$tenant_id}) RETURN u.display_name AS display_name'
INFO:     127.0.0.1:50544 - "GET /api/requests/audit_map_req HTTP/1.1" 200 OK
INFO:     127.0.0.1:50546 - "GET /api/auth/me HTTP/1.1" 200 OK
INFO:     127.0.0.1:50548 - "GET /api/requests?limit=50 HTTP/1.1" 200 OK
Received notification from DBMS server: <GqlStatusObject gql_status='01N52', status_description='warn: property key does not exist. The property `display_name` does not exist. Verify that the spelling is correct.', position=<SummaryInputPosition line=1, column=60, offset=59>, raw_classification='UNRECOGNIZED', classification=<NotificationClassification.UNRECOGNIZED: 'UNRECOGNIZED'>, raw_severity='WARNING', severity=<NotificationSeverity.WARNING: 'WARNING'>, diagnostic_record={'_classification': 'UNRECOGNIZED', '_severity': 'WARNING', '_position': {'offset': 59, 'line': 1, 'column': 60}, 'OPERATION': '', 'OPERATION_CODE': '0', 'CURRENT_SCHEMA': '/'}> for query: 'MATCH (u:User {id:$user_id,tenant_id:$tenant_id}) RETURN u.display_name AS display_name'
INFO:     127.0.0.1:50552 - "GET /api/events/stream?after=104 HTTP/1.1" 200 OK
INFO:     127.0.0.1:50553 - "GET /api/auth/me HTTP/1.1" 200 OK
INFO:     127.0.0.1:50570 - "POST /api/auth/login HTTP/1.1" 200 OK
Received notification from DBMS server: <GqlStatusObject gql_status='01N52', status_description='warn: property key does not exist. The property `display_name` does not exist. Verify that the spelling is correct.', position=<SummaryInputPosition line=1, column=60, offset=59>, raw_classification='UNRECOGNIZED', classification=<NotificationClassification.UNRECOGNIZED: 'UNRECOGNIZED'>, raw_severity='WARNING', severity=<NotificationSeverity.WARNING: 'WARNING'>, diagnostic_record={'_classification': 'UNRECOGNIZED', '_severity': 'WARNING', '_position': {'offset': 59, 'line': 1, 'column': 60}, 'OPERATION': '', 'OPERATION_CODE': '0', 'CURRENT_SCHEMA': '/'}> for query: 'MATCH (u:User {id:$user_id,tenant_id:$tenant_id}) RETURN u.display_name AS display_name'
Received notification from DBMS server: <GqlStatusObject gql_status='01N52', status_description='warn: property key does not exist. The property `display_name` does not exist. Verify that the spelling is correct.', position=<SummaryInputPosition line=1, column=60, offset=59>, raw_classification='UNRECOGNIZED', classification=<NotificationClassification.UNRECOGNIZED: 'UNRECOGNIZED'>, raw_severity='WARNING', severity=<NotificationSeverity.WARNING: 'WARNING'>, diagnostic_record={'_classification': 'UNRECOGNIZED', '_severity': 'WARNING', '_position': {'offset': 59, 'line': 1, 'column': 60}, 'OPERATION': '', 'OPERATION_CODE': '0', 'CURRENT_SCHEMA': '/'}> for query: 'MATCH (u:User {id:$user_id,tenant_id:$tenant_id}) RETURN u.display_name AS display_name'
INFO:     127.0.0.1:50578 - "GET /api/auth/me HTTP/1.1" 200 OK
INFO:     127.0.0.1:50579 - "GET /api/auth/me HTTP/1.1" 200 OK
Received notification from DBMS server: <GqlStatusObject gql_status='01N52', status_description='warn: property key does not exist. The property `display_name` does not exist. Verify that the spelling is correct.', position=<SummaryInputPosition line=1, column=60, offset=59>, raw_classification='UNRECOGNIZED', classification=<NotificationClassification.UNRECOGNIZED: 'UNRECOGNIZED'>, raw_severity='WARNING', severity=<NotificationSeverity.WARNING: 'WARNING'>, diagnostic_record={'_classification': 'UNRECOGNIZED', '_severity': 'WARNING', '_position': {'offset': 59, 'line': 1, 'column': 60}, 'OPERATION': '', 'OPERATION_CODE': '0', 'CURRENT_SCHEMA': '/'}> for query: 'MATCH (u:User {id:$user_id,tenant_id:$tenant_id}) RETURN u.display_name AS display_name'
Received notification from DBMS server: <GqlStatusObject gql_status='01N52', status_description='warn: property key does not exist. The property `display_name` does not exist. Verify that the spelling is correct.', position=<SummaryInputPosition line=1, column=60, offset=59>, raw_classification='UNRECOGNIZED', classification=<NotificationClassification.UNRECOGNIZED: 'UNRECOGNIZED'>, raw_severity='WARNING', severity=<NotificationSeverity.WARNING: 'WARNING'>, diagnostic_record={'_classification': 'UNRECOGNIZED', '_severity': 'WARNING', '_position': {'offset': 59, 'line': 1, 'column': 60}, 'OPERATION': '', 'OPERATION_CODE': '0', 'CURRENT_SCHEMA': '/'}> for query: 'MATCH (u:User {id:$user_id,tenant_id:$tenant_id}) RETURN u.display_name AS display_name'
INFO:     127.0.0.1:50582 - "GET /api/auth/me HTTP/1.1" 200 OK
INFO:     127.0.0.1:50584 - "GET /api/auth/me HTTP/1.1" 200 OK
Received notification from DBMS server: <GqlStatusObject gql_status='01N52', status_description='warn: property key does not exist. The property `display_name` does not exist. Verify that the spelling is correct.', position=<SummaryInputPosition line=1, column=60, offset=59>, raw_classification='UNRECOGNIZED', classification=<NotificationClassification.UNRECOGNIZED: 'UNRECOGNIZED'>, raw_severity='WARNING', severity=<NotificationSeverity.WARNING: 'WARNING'>, diagnostic_record={'_classification': 'UNRECOGNIZED', '_severity': 'WARNING', '_position': {'offset': 59, 'line': 1, 'column': 60}, 'OPERATION': '', 'OPERATION_CODE': '0', 'CURRENT_SCHEMA': '/'}> for query: 'MATCH (u:User {id:$user_id,tenant_id:$tenant_id}) RETURN u.display_name AS display_name'
Received notification from DBMS server: <GqlStatusObject gql_status='01N52', status_description='warn: property key does not exist. The property `display_name` does not exist. Verify that the spelling is correct.', position=<SummaryInputPosition line=1, column=60, offset=59>, raw_classification='UNRECOGNIZED', classification=<NotificationClassification.UNRECOGNIZED: 'UNRECOGNIZED'>, raw_severity='WARNING', severity=<NotificationSeverity.WARNING: 'WARNING'>, diagnostic_record={'_classification': 'UNRECOGNIZED', '_severity': 'WARNING', '_position': {'offset': 59, 'line': 1, 'column': 60}, 'OPERATION': '', 'OPERATION_CODE': '0', 'CURRENT_SCHEMA': '/'}> for query: 'MATCH (u:User {id:$user_id,tenant_id:$tenant_id}) RETURN u.display_name AS display_name'
INFO:     127.0.0.1:50585 - "GET /api/auth/me HTTP/1.1" 200 OK
INFO:     127.0.0.1:50587 - "GET /api/auth/me HTTP/1.1" 200 OK
INFO:     127.0.0.1:50583 - "GET /api/requests?limit=50 HTTP/1.1" 200 OK
INFO:     127.0.0.1:50586 - "GET /api/requests?limit=50 HTTP/1.1" 200 OK
INFO:     127.0.0.1:50589 - "GET /api/events/stream?after=0 HTTP/1.1" 200 OK
Received notification from DBMS server: <GqlStatusObject gql_status='01G11', status_description='warn: null value eliminated in set function', position=None, raw_classification='UNRECOGNIZED', classification=<NotificationClassification.UNRECOGNIZED: 'UNRECOGNIZED'>, raw_severity='WARNING', severity=<NotificationSeverity.WARNING: 'WARNING'>, diagnostic_record={'_classification': 'UNRECOGNIZED', '_severity': 'WARNING', 'OPERATION': '', 'OPERATION_CODE': '0', 'CURRENT_SCHEMA': '/'}> for query: 'MATCH (r:Request {id:$id,tenant_id:$tenant_id}) OPTIONAL MATCH (r)-[:HAS_REVISION]->(i:InputRevision) OPTIONAL MATCH (i)-[:HAS_ATTACHMENT]->(a:Attachment) OPTIONAL MATCH (active:Run {id:r.active_run_id,tenant_id:$tenant_id}) RETURN r,collect(DISTINCT i) AS revisions,collect(DISTINCT a) AS attachments,active'
INFO:     127.0.0.1:50592 - "GET /api/requests/audit_map_req HTTP/1.1" 200 OK
Received notification from DBMS server: <GqlStatusObject gql_status='01G11', status_description='warn: null value eliminated in set function', position=None, raw_classification='UNRECOGNIZED', classification=<NotificationClassification.UNRECOGNIZED: 'UNRECOGNIZED'>, raw_severity='WARNING', severity=<NotificationSeverity.WARNING: 'WARNING'>, diagnostic_record={'_classification': 'UNRECOGNIZED', '_severity': 'WARNING', 'OPERATION': '', 'OPERATION_CODE': '0', 'CURRENT_SCHEMA': '/'}> for query: "MATCH (q:Request {tenant_id:$tenant,id:$request}) OPTIONAL MATCH (j:Job {tenant_id:$tenant,run_id:q.active_run_id}) OPTIONAL MATCH (e:Event {tenant_id:$tenant,request_id:$request,kind:'request.received'}) RETURN q.active_run_id AS run_id,j.id AS job_id,count(e) AS prior"
INFO:     127.0.0.1:50594 - "POST /api/requests HTTP/1.1" 202 Accepted
INFO:     127.0.0.1:50603 - "GET /api/requests?limit=50 HTTP/1.1" 200 OK
INFO:     127.0.0.1:50604 - "GET /api/requests/req_99c6b83e0f0c496aaf7e0644d49ca4e3/runs HTTP/1.1" 200 OK
Received notification from DBMS server: <GqlStatusObject gql_status='01G11', status_description='warn: null value eliminated in set function', position=None, raw_classification='UNRECOGNIZED', classification=<NotificationClassification.UNRECOGNIZED: 'UNRECOGNIZED'>, raw_severity='WARNING', severity=<NotificationSeverity.WARNING: 'WARNING'>, diagnostic_record={'_classification': 'UNRECOGNIZED', '_severity': 'WARNING', 'OPERATION': '', 'OPERATION_CODE': '0', 'CURRENT_SCHEMA': '/'}> for query: 'MATCH (r:Request {id:$id,tenant_id:$tenant_id}) OPTIONAL MATCH (r)-[:HAS_REVISION]->(i:InputRevision) OPTIONAL MATCH (i)-[:HAS_ATTACHMENT]->(a:Attachment) OPTIONAL MATCH (active:Run {id:r.active_run_id,tenant_id:$tenant_id}) RETURN r,collect(DISTINCT i) AS revisions,collect(DISTINCT a) AS attachments,active'
INFO:     127.0.0.1:50606 - "GET /api/requests/req_99c6b83e0f0c496aaf7e0644d49ca4e3 HTTP/1.1" 200 OK
INFO:     127.0.0.1:50605 - "GET /api/events/snapshot?request_id=req_99c6b83e0f0c496aaf7e0644d49ca4e3 HTTP/1.1" 200 OK
INFO:     127.0.0.1:50607 - "GET /api/requests/req_99c6b83e0f0c496aaf7e0644d49ca4e3/judgment HTTP/1.1" 404 Not Found
INFO:     127.0.0.1:50611 - "GET /api/events/stream?after=117 HTTP/1.1" 200 OK
Received notification from DBMS server: <GqlStatusObject gql_status='01G11', status_description='warn: null value eliminated in set function', position=None, raw_classification='UNRECOGNIZED', classification=<NotificationClassification.UNRECOGNIZED: 'UNRECOGNIZED'>, raw_severity='WARNING', severity=<NotificationSeverity.WARNING: 'WARNING'>, diagnostic_record={'_classification': 'UNRECOGNIZED', '_severity': 'WARNING', 'OPERATION': '', 'OPERATION_CODE': '0', 'CURRENT_SCHEMA': '/'}> for query: 'MATCH (q:Request {tenant_id:$tenant,id:$request}) MATCH (r:Run {tenant_id:$tenant,request_id:$request}) WHERE r.id=coalesce($run,q.active_run_id) OPTIONAL MATCH (r)-[:HAS_STEP]->(s:RunStep {tenant_id:$tenant}) RETURN q.status AS request_status,q.first_received_at AS received, r AS run,collect(s) AS steps'
INFO:     127.0.0.1:50609 - "GET /api/requests/req_99c6b83e0f0c496aaf7e0644d49ca4e3/progress HTTP/1.1" 200 OK
INFO:     127.0.0.1:50620 - "POST /api/auth/login HTTP/1.1" 401 Unauthorized
INFO:     127.0.0.1:50622 - "POST /api/auth/login HTTP/1.1" 200 OK
INFO:     127.0.0.1:50624 - "GET /api/graph/judgment?request_id=req_3503948c4b87404cba4714536567406e HTTP/1.1" 200 OK
Received notification from DBMS server: <GqlStatusObject gql_status='01N52', status_description='warn: property key does not exist. The property `display_name` does not exist. Verify that the spelling is correct.', position=<SummaryInputPosition line=1, column=60, offset=59>, raw_classification='UNRECOGNIZED', classification=<NotificationClassification.UNRECOGNIZED: 'UNRECOGNIZED'>, raw_severity='WARNING', severity=<NotificationSeverity.WARNING: 'WARNING'>, diagnostic_record={'_classification': 'UNRECOGNIZED', '_severity': 'WARNING', '_position': {'offset': 59, 'line': 1, 'column': 60}, 'OPERATION': '', 'OPERATION_CODE': '0', 'CURRENT_SCHEMA': '/'}> for query: 'MATCH (u:User {id:$user_id,tenant_id:$tenant_id}) RETURN u.display_name AS display_name'
Received notification from DBMS server: <GqlStatusObject gql_status='01N52', status_description='warn: property key does not exist. The property `display_name` does not exist. Verify that the spelling is correct.', position=<SummaryInputPosition line=1, column=60, offset=59>, raw_classification='UNRECOGNIZED', classification=<NotificationClassification.UNRECOGNIZED: 'UNRECOGNIZED'>, raw_severity='WARNING', severity=<NotificationSeverity.WARNING: 'WARNING'>, diagnostic_record={'_classification': 'UNRECOGNIZED', '_severity': 'WARNING', '_position': {'offset': 59, 'line': 1, 'column': 60}, 'OPERATION': '', 'OPERATION_CODE': '0', 'CURRENT_SCHEMA': '/'}> for query: 'MATCH (u:User {id:$user_id,tenant_id:$tenant_id}) RETURN u.display_name AS display_name'
INFO:     127.0.0.1:50632 - "GET /api/auth/me HTTP/1.1" 200 OK
INFO:     127.0.0.1:50633 - "GET /api/auth/me HTTP/1.1" 200 OK
Received notification from DBMS server: <GqlStatusObject gql_status='01N52', status_description='warn: property key does not exist. The property `display_name` does not exist. Verify that the spelling is correct.', position=<SummaryInputPosition line=1, column=60, offset=59>, raw_classification='UNRECOGNIZED', classification=<NotificationClassification.UNRECOGNIZED: 'UNRECOGNIZED'>, raw_severity='WARNING', severity=<NotificationSeverity.WARNING: 'WARNING'>, diagnostic_record={'_classification': 'UNRECOGNIZED', '_severity': 'WARNING', '_position': {'offset': 59, 'line': 1, 'column': 60}, 'OPERATION': '', 'OPERATION_CODE': '0', 'CURRENT_SCHEMA': '/'}> for query: 'MATCH (u:User {id:$user_id,tenant_id:$tenant_id}) RETURN u.display_name AS display_name'
Received notification from DBMS server: <GqlStatusObject gql_status='01N52', status_description='warn: property key does not exist. The property `display_name` does not exist. Verify that the spelling is correct.', position=<SummaryInputPosition line=1, column=60, offset=59>, raw_classification='UNRECOGNIZED', classification=<NotificationClassification.UNRECOGNIZED: 'UNRECOGNIZED'>, raw_severity='WARNING', severity=<NotificationSeverity.WARNING: 'WARNING'>, diagnostic_record={'_classification': 'UNRECOGNIZED', '_severity': 'WARNING', '_position': {'offset': 59, 'line': 1, 'column': 60}, 'OPERATION': '', 'OPERATION_CODE': '0', 'CURRENT_SCHEMA': '/'}> for query: 'MATCH (u:User {id:$user_id,tenant_id:$tenant_id}) RETURN u.display_name AS display_name'
INFO:     127.0.0.1:50637 - "GET /api/auth/me HTTP/1.1" 200 OK
INFO:     127.0.0.1:50636 - "GET /api/auth/me HTTP/1.1" 200 OK
INFO:     127.0.0.1:50638 - "GET /api/graph/judgment?request_id=req_3503948c4b87404cba4714536567406e&depth=6 HTTP/1.1" 200 OK
INFO:     127.0.0.1:50639 - "GET /api/graph/judgment?request_id=req_3503948c4b87404cba4714536567406e&depth=6 HTTP/1.1" 200 OK
INFO:     127.0.0.1:50642 - "GET /api/graph/judgment/nodes/step_72a8b216da6547af9b8009949085e05f?kind=RunStep HTTP/1.1" 200 OK
INFO:     127.0.0.1:50643 - "GET /api/graph/judgment/path?node_id=step_72a8b216da6547af9b8009949085e05f&kind=RunStep&direction=both HTTP/1.1" 200 OK
INFO:     127.0.0.1:50646 - "GET /api/graph/judgment/path?node_id=step_72a8b216da6547af9b8009949085e05f&direction=up HTTP/1.1" 200 OK
INFO:     127.0.0.1:50647 - "GET /api/graph/judgment/nodes/cand_70d5ec80f6d5974b89af8797?kind=RuleCandidate HTTP/1.1" 200 OK
INFO:     127.0.0.1:50649 - "GET /api/graph/judgment/path?node_id=cand_70d5ec80f6d5974b89af8797&kind=RuleCandidate&direction=both HTTP/1.1" 200 OK
INFO:     127.0.0.1:50651 - "POST /api/auth/login HTTP/1.1" 200 OK
INFO:     127.0.0.1:50653 - "GET /api/graph/judgment HTTP/1.1" 403 Forbidden
INFO:     127.0.0.1:50656 - "POST /api/auth/login HTTP/1.1" 200 OK
Received notification from DBMS server: <GqlStatusObject gql_status='01N52', status_description='warn: property key does not exist. The property `display_name` does not exist. Verify that the spelling is correct.', position=<SummaryInputPosition line=1, column=60, offset=59>, raw_classification='UNRECOGNIZED', classification=<NotificationClassification.UNRECOGNIZED: 'UNRECOGNIZED'>, raw_severity='WARNING', severity=<NotificationSeverity.WARNING: 'WARNING'>, diagnostic_record={'_classification': 'UNRECOGNIZED', '_severity': 'WARNING', '_position': {'offset': 59, 'line': 1, 'column': 60}, 'OPERATION': '', 'OPERATION_CODE': '0', 'CURRENT_SCHEMA': '/'}> for query: 'MATCH (u:User {id:$user_id,tenant_id:$tenant_id}) RETURN u.display_name AS display_name'
Received notification from DBMS server: <GqlStatusObject gql_status='01N52', status_description='warn: property key does not exist. The property `display_name` does not exist. Verify that the spelling is correct.', position=<SummaryInputPosition line=1, column=60, offset=59>, raw_classification='UNRECOGNIZED', classification=<NotificationClassification.UNRECOGNIZED: 'UNRECOGNIZED'>, raw_severity='WARNING', severity=<NotificationSeverity.WARNING: 'WARNING'>, diagnostic_record={'_classification': 'UNRECOGNIZED', '_severity': 'WARNING', '_position': {'offset': 59, 'line': 1, 'column': 60}, 'OPERATION': '', 'OPERATION_CODE': '0', 'CURRENT_SCHEMA': '/'}> for query: 'MATCH (u:User {id:$user_id,tenant_id:$tenant_id}) RETURN u.display_name AS display_name'
INFO:     127.0.0.1:50664 - "GET /api/auth/me HTTP/1.1" 200 OK
INFO:     127.0.0.1:50665 - "GET /api/auth/me HTTP/1.1" 200 OK
Received notification from DBMS server: <GqlStatusObject gql_status='01N52', status_description='warn: property key does not exist. The property `display_name` does not exist. Verify that the spelling is correct.', position=<SummaryInputPosition line=1, column=60, offset=59>, raw_classification='UNRECOGNIZED', classification=<NotificationClassification.UNRECOGNIZED: 'UNRECOGNIZED'>, raw_severity='WARNING', severity=<NotificationSeverity.WARNING: 'WARNING'>, diagnostic_record={'_classification': 'UNRECOGNIZED', '_severity': 'WARNING', '_position': {'offset': 59, 'line': 1, 'column': 60}, 'OPERATION': '', 'OPERATION_CODE': '0', 'CURRENT_SCHEMA': '/'}> for query: 'MATCH (u:User {id:$user_id,tenant_id:$tenant_id}) RETURN u.display_name AS display_name'
Received notification from DBMS server: <GqlStatusObject gql_status='01N52', status_description='warn: property key does not exist. The property `display_name` does not exist. Verify that the spelling is correct.', position=<SummaryInputPosition line=1, column=60, offset=59>, raw_classification='UNRECOGNIZED', classification=<NotificationClassification.UNRECOGNIZED: 'UNRECOGNIZED'>, raw_severity='WARNING', severity=<NotificationSeverity.WARNING: 'WARNING'>, diagnostic_record={'_classification': 'UNRECOGNIZED', '_severity': 'WARNING', '_position': {'offset': 59, 'line': 1, 'column': 60}, 'OPERATION': '', 'OPERATION_CODE': '0', 'CURRENT_SCHEMA': '/'}> for query: 'MATCH (u:User {id:$user_id,tenant_id:$tenant_id}) RETURN u.display_name AS display_name'
INFO:     127.0.0.1:50668 - "GET /api/auth/me HTTP/1.1" 200 OK
INFO:     127.0.0.1:50669 - "GET /api/auth/me HTTP/1.1" 200 OK
INFO:     127.0.0.1:50671 - "GET /api/reviews?status=pending HTTP/1.1" 200 OK
INFO:     127.0.0.1:50670 - "GET /api/reviews?status=pending HTTP/1.1" 200 OK
INFO:     127.0.0.1:50696 - "POST /api/auth/login HTTP/1.1" 200 OK
Received notification from DBMS server: <GqlStatusObject gql_status='01N52', status_description='warn: property key does not exist. The property `display_name` does not exist. Verify that the spelling is correct.', position=<SummaryInputPosition line=1, column=60, offset=59>, raw_classification='UNRECOGNIZED', classification=<NotificationClassification.UNRECOGNIZED: 'UNRECOGNIZED'>, raw_severity='WARNING', severity=<NotificationSeverity.WARNING: 'WARNING'>, diagnostic_record={'_classification': 'UNRECOGNIZED', '_severity': 'WARNING', '_position': {'offset': 59, 'line': 1, 'column': 60}, 'OPERATION': '', 'OPERATION_CODE': '0', 'CURRENT_SCHEMA': '/'}> for query: 'MATCH (u:User {id:$user_id,tenant_id:$tenant_id}) RETURN u.display_name AS display_name'
Received notification from DBMS server: <GqlStatusObject gql_status='01N52', status_description='warn: property key does not exist. The property `display_name` does not exist. Verify that the spelling is correct.', position=<SummaryInputPosition line=1, column=60, offset=59>, raw_classification='UNRECOGNIZED', classification=<NotificationClassification.UNRECOGNIZED: 'UNRECOGNIZED'>, raw_severity='WARNING', severity=<NotificationSeverity.WARNING: 'WARNING'>, diagnostic_record={'_classification': 'UNRECOGNIZED', '_severity': 'WARNING', '_position': {'offset': 59, 'line': 1, 'column': 60}, 'OPERATION': '', 'OPERATION_CODE': '0', 'CURRENT_SCHEMA': '/'}> for query: 'MATCH (u:User {id:$user_id,tenant_id:$tenant_id}) RETURN u.display_name AS display_name'
INFO:     127.0.0.1:50704 - "GET /api/auth/me HTTP/1.1" 200 OK
INFO:     127.0.0.1:50705 - "GET /api/auth/me HTTP/1.1" 200 OK
Received notification from DBMS server: <GqlStatusObject gql_status='01N52', status_description='warn: property key does not exist. The property `display_name` does not exist. Verify that the spelling is correct.', position=<SummaryInputPosition line=1, column=60, offset=59>, raw_classification='UNRECOGNIZED', classification=<NotificationClassification.UNRECOGNIZED: 'UNRECOGNIZED'>, raw_severity='WARNING', severity=<NotificationSeverity.WARNING: 'WARNING'>, diagnostic_record={'_classification': 'UNRECOGNIZED', '_severity': 'WARNING', '_position': {'offset': 59, 'line': 1, 'column': 60}, 'OPERATION': '', 'OPERATION_CODE': '0', 'CURRENT_SCHEMA': '/'}> for query: 'MATCH (u:User {id:$user_id,tenant_id:$tenant_id}) RETURN u.display_name AS display_name'
Received notification from DBMS server: <GqlStatusObject gql_status='01N52', status_description='warn: property key does not exist. The property `display_name` does not exist. Verify that the spelling is correct.', position=<SummaryInputPosition line=1, column=60, offset=59>, raw_classification='UNRECOGNIZED', classification=<NotificationClassification.UNRECOGNIZED: 'UNRECOGNIZED'>, raw_severity='WARNING', severity=<NotificationSeverity.WARNING: 'WARNING'>, diagnostic_record={'_classification': 'UNRECOGNIZED', '_severity': 'WARNING', '_position': {'offset': 59, 'line': 1, 'column': 60}, 'OPERATION': '', 'OPERATION_CODE': '0', 'CURRENT_SCHEMA': '/'}> for query: 'MATCH (u:User {id:$user_id,tenant_id:$tenant_id}) RETURN u.display_name AS display_name'
INFO:     127.0.0.1:50711 - "GET /api/auth/me HTTP/1.1" 200 OK
INFO:     127.0.0.1:50710 - "GET /api/auth/me HTTP/1.1" 200 OK
INFO:     127.0.0.1:50713 - "GET /api/reviews?status=pending HTTP/1.1" 200 OK
INFO:     127.0.0.1:50712 - "GET /api/reviews?status=pending HTTP/1.1" 200 OK
INFO:     127.0.0.1:50717 - "POST /api/auth/login HTTP/1.1" 200 OK
Received notification from DBMS server: <GqlStatusObject gql_status='01N52', status_description='warn: property key does not exist. The property `display_name` does not exist. Verify that the spelling is correct.', position=<SummaryInputPosition line=1, column=60, offset=59>, raw_classification='UNRECOGNIZED', classification=<NotificationClassification.UNRECOGNIZED: 'UNRECOGNIZED'>, raw_severity='WARNING', severity=<NotificationSeverity.WARNING: 'WARNING'>, diagnostic_record={'_classification': 'UNRECOGNIZED', '_severity': 'WARNING', '_position': {'offset': 59, 'line': 1, 'column': 60}, 'OPERATION': '', 'OPERATION_CODE': '0', 'CURRENT_SCHEMA': '/'}> for query: 'MATCH (u:User {id:$user_id,tenant_id:$tenant_id}) RETURN u.display_name AS display_name'
INFO:     127.0.0.1:50726 - "GET /api/auth/me HTTP/1.1" 200 OK
Received notification from DBMS server: <GqlStatusObject gql_status='01N52', status_description='warn: property key does not exist. The property `display_name` does not exist. Verify that the spelling is correct.', position=<SummaryInputPosition line=1, column=60, offset=59>, raw_classification='UNRECOGNIZED', classification=<NotificationClassification.UNRECOGNIZED: 'UNRECOGNIZED'>, raw_severity='WARNING', severity=<NotificationSeverity.WARNING: 'WARNING'>, diagnostic_record={'_classification': 'UNRECOGNIZED', '_severity': 'WARNING', '_position': {'offset': 59, 'line': 1, 'column': 60}, 'OPERATION': '', 'OPERATION_CODE': '0', 'CURRENT_SCHEMA': '/'}> for query: 'MATCH (u:User {id:$user_id,tenant_id:$tenant_id}) RETURN u.display_name AS display_name'
INFO:     127.0.0.1:50727 - "GET /api/auth/me HTTP/1.1" 200 OK
Received notification from DBMS server: <GqlStatusObject gql_status='01N52', status_description='warn: property key does not exist. The property `display_name` does not exist. Verify that the spelling is correct.', position=<SummaryInputPosition line=1, column=60, offset=59>, raw_classification='UNRECOGNIZED', classification=<NotificationClassification.UNRECOGNIZED: 'UNRECOGNIZED'>, raw_severity='WARNING', severity=<NotificationSeverity.WARNING: 'WARNING'>, diagnostic_record={'_classification': 'UNRECOGNIZED', '_severity': 'WARNING', '_position': {'offset': 59, 'line': 1, 'column': 60}, 'OPERATION': '', 'OPERATION_CODE': '0', 'CURRENT_SCHEMA': '/'}> for query: 'MATCH (u:User {id:$user_id,tenant_id:$tenant_id}) RETURN u.display_name AS display_name'
INFO:     127.0.0.1:50729 - "GET /api/auth/me HTTP/1.1" 200 OK
Received notification from DBMS server: <GqlStatusObject gql_status='01N52', status_description='warn: property key does not exist. The property `display_name` does not exist. Verify that the spelling is correct.', position=<SummaryInputPosition line=1, column=60, offset=59>, raw_classification='UNRECOGNIZED', classification=<NotificationClassification.UNRECOGNIZED: 'UNRECOGNIZED'>, raw_severity='WARNING', severity=<NotificationSeverity.WARNING: 'WARNING'>, diagnostic_record={'_classification': 'UNRECOGNIZED', '_severity': 'WARNING', '_position': {'offset': 59, 'line': 1, 'column': 60}, 'OPERATION': '', 'OPERATION_CODE': '0', 'CURRENT_SCHEMA': '/'}> for query: 'MATCH (u:User {id:$user_id,tenant_id:$tenant_id}) RETURN u.display_name AS display_name'
INFO:     127.0.0.1:50732 - "GET /api/auth/me HTTP/1.1" 200 OK
INFO:     127.0.0.1:50733 - "GET /api/reviews?status=pending HTTP/1.1" 200 OK
INFO:     127.0.0.1:50734 - "GET /api/reviews?status=pending HTTP/1.1" 200 OK
INFO:     127.0.0.1:50735 - "GET /api/reviews?status=pending HTTP/1.1" 200 OK
Received notification from DBMS server: <GqlStatusObject gql_status='01G11', status_description='warn: null value eliminated in set function', position=None, raw_classification='UNRECOGNIZED', classification=<NotificationClassification.UNRECOGNIZED: 'UNRECOGNIZED'>, raw_severity='WARNING', severity=<NotificationSeverity.WARNING: 'WARNING'>, diagnostic_record={'_classification': 'UNRECOGNIZED', '_severity': 'WARNING', 'OPERATION': '', 'OPERATION_CODE': '0', 'CURRENT_SCHEMA': '/'}> for query: 'MATCH (o:ModelOutput {tenant_id:$tenant,run_id:$run}) OPTIONAL MATCH (o)-[c:CITES]->(e:EvidenceSpan {tenant_id:$tenant}) RETURN o,collect(CASE WHEN e IS NULL THEN null ELSE {id:e.id,location_json:e.location_json,probability:c.prob,source_text:e.source_text} END) AS evidence'
INFO:     127.0.0.1:50736 - "GET /api/reviews/rvw_635a2e689fce4a009456c88a04dcaf52 HTTP/1.1" 200 OK
INFO:     127.0.0.1:50737 - "GET /api/requests/req_33a60302a76c4b96906b01cdf11aab4e/corrections HTTP/1.1" 200 OK
INFO:     127.0.0.1:50739 - "GET /api/requests/req_33a60302a76c4b96906b01cdf11aab4e/corrections HTTP/1.1" 200 OK
INFO:     127.0.0.1:50741 - "POST /api/reviews/rvw_635a2e689fce4a009456c88a04dcaf52/decision HTTP/1.1" 422 Unprocessable Content
INFO:     127.0.0.1:50743 - "POST /api/auth/login HTTP/1.1" 200 OK
Received notification from DBMS server: <GqlStatusObject gql_status='01N52', status_description='warn: property key does not exist. The property `display_name` does not exist. Verify that the spelling is correct.', position=<SummaryInputPosition line=1, column=60, offset=59>, raw_classification='UNRECOGNIZED', classification=<NotificationClassification.UNRECOGNIZED: 'UNRECOGNIZED'>, raw_severity='WARNING', severity=<NotificationSeverity.WARNING: 'WARNING'>, diagnostic_record={'_classification': 'UNRECOGNIZED', '_severity': 'WARNING', '_position': {'offset': 59, 'line': 1, 'column': 60}, 'OPERATION': '', 'OPERATION_CODE': '0', 'CURRENT_SCHEMA': '/'}> for query: 'MATCH (u:User {id:$user_id,tenant_id:$tenant_id}) RETURN u.display_name AS display_name'
INFO:     127.0.0.1:50751 - "GET /api/auth/me HTTP/1.1" 200 OK
Received notification from DBMS server: <GqlStatusObject gql_status='01N52', status_description='warn: property key does not exist. The property `display_name` does not exist. Verify that the spelling is correct.', position=<SummaryInputPosition line=1, column=60, offset=59>, raw_classification='UNRECOGNIZED', classification=<NotificationClassification.UNRECOGNIZED: 'UNRECOGNIZED'>, raw_severity='WARNING', severity=<NotificationSeverity.WARNING: 'WARNING'>, diagnostic_record={'_classification': 'UNRECOGNIZED', '_severity': 'WARNING', '_position': {'offset': 59, 'line': 1, 'column': 60}, 'OPERATION': '', 'OPERATION_CODE': '0', 'CURRENT_SCHEMA': '/'}> for query: 'MATCH (u:User {id:$user_id,tenant_id:$tenant_id}) RETURN u.display_name AS display_name'
INFO:     127.0.0.1:50752 - "GET /api/auth/me HTTP/1.1" 200 OK
Received notification from DBMS server: <GqlStatusObject gql_status='01N52', status_description='warn: property key does not exist. The property `display_name` does not exist. Verify that the spelling is correct.', position=<SummaryInputPosition line=1, column=60, offset=59>, raw_classification='UNRECOGNIZED', classification=<NotificationClassification.UNRECOGNIZED: 'UNRECOGNIZED'>, raw_severity='WARNING', severity=<NotificationSeverity.WARNING: 'WARNING'>, diagnostic_record={'_classification': 'UNRECOGNIZED', '_severity': 'WARNING', '_position': {'offset': 59, 'line': 1, 'column': 60}, 'OPERATION': '', 'OPERATION_CODE': '0', 'CURRENT_SCHEMA': '/'}> for query: 'MATCH (u:User {id:$user_id,tenant_id:$tenant_id}) RETURN u.display_name AS display_name'
INFO:     127.0.0.1:50753 - "GET /api/auth/me HTTP/1.1" 200 OK
Received notification from DBMS server: <GqlStatusObject gql_status='01N52', status_description='warn: property key does not exist. The property `display_name` does not exist. Verify that the spelling is correct.', position=<SummaryInputPosition line=1, column=60, offset=59>, raw_classification='UNRECOGNIZED', classification=<NotificationClassification.UNRECOGNIZED: 'UNRECOGNIZED'>, raw_severity='WARNING', severity=<NotificationSeverity.WARNING: 'WARNING'>, diagnostic_record={'_classification': 'UNRECOGNIZED', '_severity': 'WARNING', '_position': {'offset': 59, 'line': 1, 'column': 60}, 'OPERATION': '', 'OPERATION_CODE': '0', 'CURRENT_SCHEMA': '/'}> for query: 'MATCH (u:User {id:$user_id,tenant_id:$tenant_id}) RETURN u.display_name AS display_name'
INFO:     127.0.0.1:50755 - "GET /api/auth/me HTTP/1.1" 200 OK
Received notification from DBMS server: <GqlStatusObject gql_status='01G11', status_description='warn: null value eliminated in set function', position=None, raw_classification='UNRECOGNIZED', classification=<NotificationClassification.UNRECOGNIZED: 'UNRECOGNIZED'>, raw_severity='WARNING', severity=<NotificationSeverity.WARNING: 'WARNING'>, diagnostic_record={'_classification': 'UNRECOGNIZED', '_severity': 'WARNING', 'OPERATION': '', 'OPERATION_CODE': '0', 'CURRENT_SCHEMA': '/'}> for query: 'MATCH (q:Request {tenant_id:$tenant})-[:HAS_TASK]->(t:Task {tenant_id:$tenant}) OPTIONAL MATCH (t)-[a:ASSIGNED_TO]->(o:Org {tenant_id:$tenant}) OPTIONAL MATCH (p:Task {tenant_id:$tenant})-[:PRECEDES]->(t) RETURN q,t,collect(DISTINCT {org:o.id,role:a.role}) AS orgs,collect(DISTINCT p) AS predecessors ORDER BY t.created_at DESC'
INFO:     127.0.0.1:50757 - "GET /api/tasks HTTP/1.1" 200 OK
Received notification from DBMS server: <GqlStatusObject gql_status='01G11', status_description='warn: null value eliminated in set function', position=None, raw_classification='UNRECOGNIZED', classification=<NotificationClassification.UNRECOGNIZED: 'UNRECOGNIZED'>, raw_severity='WARNING', severity=<NotificationSeverity.WARNING: 'WARNING'>, diagnostic_record={'_classification': 'UNRECOGNIZED', '_severity': 'WARNING', 'OPERATION': '', 'OPERATION_CODE': '0', 'CURRENT_SCHEMA': '/'}> for query: 'MATCH (q:Request {tenant_id:$tenant})-[:HAS_TASK]->(t:Task {tenant_id:$tenant}) OPTIONAL MATCH (t)-[a:ASSIGNED_TO]->(o:Org {tenant_id:$tenant}) OPTIONAL MATCH (p:Task {tenant_id:$tenant})-[:PRECEDES]->(t) RETURN q,t,collect(DISTINCT {org:o.id,role:a.role}) AS orgs,collect(DISTINCT p) AS predecessors ORDER BY t.created_at DESC'
INFO:     127.0.0.1:50761 - "GET /api/tasks HTTP/1.1" 200 OK
Received notification from DBMS server: <GqlStatusObject gql_status='01G11', status_description='warn: null value eliminated in set function', position=None, raw_classification='UNRECOGNIZED', classification=<NotificationClassification.UNRECOGNIZED: 'UNRECOGNIZED'>, raw_severity='WARNING', severity=<NotificationSeverity.WARNING: 'WARNING'>, diagnostic_record={'_classification': 'UNRECOGNIZED', '_severity': 'WARNING', 'OPERATION': '', 'OPERATION_CODE': '0', 'CURRENT_SCHEMA': '/'}> for query: 'MATCH (q:Request {tenant_id:$tenant})-[:HAS_TASK]->(t:Task {tenant_id:$tenant,id:$id}) OPTIONAL MATCH (t)-[a:ASSIGNED_TO]->(o:Org {tenant_id:$tenant}) OPTIONAL MATCH (p:Task {tenant_id:$tenant})-[:PRECEDES]->(t) OPTIONAL MATCH (t)-[:PRECEDES]->(n:Task {tenant_id:$tenant}) RETURN q,t,collect(DISTINCT {org:o.id,role:a.role}) AS orgs,collect(DISTINCT p) AS predecessors,collect(DISTINCT n) AS successors'
INFO:     127.0.0.1:50762 - "GET /api/tasks/audit_blocked HTTP/1.1" 200 OK
INFO:     127.0.0.1:50809 - "POST /api/auth/login HTTP/1.1" 200 OK
Received notification from DBMS server: <GqlStatusObject gql_status='01N52', status_description='warn: property key does not exist. The property `display_name` does not exist. Verify that the spelling is correct.', position=<SummaryInputPosition line=1, column=60, offset=59>, raw_classification='UNRECOGNIZED', classification=<NotificationClassification.UNRECOGNIZED: 'UNRECOGNIZED'>, raw_severity='WARNING', severity=<NotificationSeverity.WARNING: 'WARNING'>, diagnostic_record={'_classification': 'UNRECOGNIZED', '_severity': 'WARNING', '_position': {'offset': 59, 'line': 1, 'column': 60}, 'OPERATION': '', 'OPERATION_CODE': '0', 'CURRENT_SCHEMA': '/'}> for query: 'MATCH (u:User {id:$user_id,tenant_id:$tenant_id}) RETURN u.display_name AS display_name'
Received notification from DBMS server: <GqlStatusObject gql_status='01N52', status_description='warn: property key does not exist. The property `display_name` does not exist. Verify that the spelling is correct.', position=<SummaryInputPosition line=1, column=60, offset=59>, raw_classification='UNRECOGNIZED', classification=<NotificationClassification.UNRECOGNIZED: 'UNRECOGNIZED'>, raw_severity='WARNING', severity=<NotificationSeverity.WARNING: 'WARNING'>, diagnostic_record={'_classification': 'UNRECOGNIZED', '_severity': 'WARNING', '_position': {'offset': 59, 'line': 1, 'column': 60}, 'OPERATION': '', 'OPERATION_CODE': '0', 'CURRENT_SCHEMA': '/'}> for query: 'MATCH (u:User {id:$user_id,tenant_id:$tenant_id}) RETURN u.display_name AS display_name'
INFO:     127.0.0.1:50817 - "GET /api/auth/me HTTP/1.1" 200 OK
INFO:     127.0.0.1:50818 - "GET /api/auth/me HTTP/1.1" 200 OK
Received notification from DBMS server: <GqlStatusObject gql_status='01N52', status_description='warn: property key does not exist. The property `display_name` does not exist. Verify that the spelling is correct.', position=<SummaryInputPosition line=1, column=60, offset=59>, raw_classification='UNRECOGNIZED', classification=<NotificationClassification.UNRECOGNIZED: 'UNRECOGNIZED'>, raw_severity='WARNING', severity=<NotificationSeverity.WARNING: 'WARNING'>, diagnostic_record={'_classification': 'UNRECOGNIZED', '_severity': 'WARNING', '_position': {'offset': 59, 'line': 1, 'column': 60}, 'OPERATION': '', 'OPERATION_CODE': '0', 'CURRENT_SCHEMA': '/'}> for query: 'MATCH (u:User {id:$user_id,tenant_id:$tenant_id}) RETURN u.display_name AS display_name'
Received notification from DBMS server: <GqlStatusObject gql_status='01N52', status_description='warn: property key does not exist. The property `display_name` does not exist. Verify that the spelling is correct.', position=<SummaryInputPosition line=1, column=60, offset=59>, raw_classification='UNRECOGNIZED', classification=<NotificationClassification.UNRECOGNIZED: 'UNRECOGNIZED'>, raw_severity='WARNING', severity=<NotificationSeverity.WARNING: 'WARNING'>, diagnostic_record={'_classification': 'UNRECOGNIZED', '_severity': 'WARNING', '_position': {'offset': 59, 'line': 1, 'column': 60}, 'OPERATION': '', 'OPERATION_CODE': '0', 'CURRENT_SCHEMA': '/'}> for query: 'MATCH (u:User {id:$user_id,tenant_id:$tenant_id}) RETURN u.display_name AS display_name'
INFO:     127.0.0.1:50821 - "GET /api/auth/me HTTP/1.1" 200 OK
INFO:     127.0.0.1:50822 - "GET /api/auth/me HTTP/1.1" 200 OK
INFO:     127.0.0.1:50825 - "GET /api/reviews?status=pending HTTP/1.1" 200 OK
INFO:     127.0.0.1:50827 - "GET /api/reviews?status=pending HTTP/1.1" 200 OK
INFO:     127.0.0.1:50826 - "GET /api/reviews?status=pending HTTP/1.1" 200 OK
Received notification from DBMS server: <GqlStatusObject gql_status='01G11', status_description='warn: null value eliminated in set function', position=None, raw_classification='UNRECOGNIZED', classification=<NotificationClassification.UNRECOGNIZED: 'UNRECOGNIZED'>, raw_severity='WARNING', severity=<NotificationSeverity.WARNING: 'WARNING'>, diagnostic_record={'_classification': 'UNRECOGNIZED', '_severity': 'WARNING', 'OPERATION': '', 'OPERATION_CODE': '0', 'CURRENT_SCHEMA': '/'}> for query: 'MATCH (o:ModelOutput {tenant_id:$tenant,run_id:$run}) OPTIONAL MATCH (o)-[c:CITES]->(e:EvidenceSpan {tenant_id:$tenant}) RETURN o,collect(CASE WHEN e IS NULL THEN null ELSE {id:e.id,location_json:e.location_json,probability:c.prob,source_text:e.source_text} END) AS evidence'
INFO:     127.0.0.1:50828 - "GET /api/reviews/rvw_635a2e689fce4a009456c88a04dcaf52 HTTP/1.1" 200 OK
INFO:     127.0.0.1:50830 - "GET /api/requests/req_33a60302a76c4b96906b01cdf11aab4e/corrections HTTP/1.1" 200 OK
INFO:     127.0.0.1:50829 - "GET /api/requests/req_33a60302a76c4b96906b01cdf11aab4e/corrections HTTP/1.1" 200 OK
INFO:     127.0.0.1:50834 - "POST /api/reviews/rvw_635a2e689fce4a009456c88a04dcaf52/decision HTTP/1.1" 422 Unprocessable Content
INFO:     127.0.0.1:50840 - "POST /api/auth/login HTTP/1.1" 200 OK
Received notification from DBMS server: <GqlStatusObject gql_status='01N52', status_description='warn: property key does not exist. The property `display_name` does not exist. Verify that the spelling is correct.', position=<SummaryInputPosition line=1, column=60, offset=59>, raw_classification='UNRECOGNIZED', classification=<NotificationClassification.UNRECOGNIZED: 'UNRECOGNIZED'>, raw_severity='WARNING', severity=<NotificationSeverity.WARNING: 'WARNING'>, diagnostic_record={'_classification': 'UNRECOGNIZED', '_severity': 'WARNING', '_position': {'offset': 59, 'line': 1, 'column': 60}, 'OPERATION': '', 'OPERATION_CODE': '0', 'CURRENT_SCHEMA': '/'}> for query: 'MATCH (u:User {id:$user_id,tenant_id:$tenant_id}) RETURN u.display_name AS display_name'
Received notification from DBMS server: <GqlStatusObject gql_status='01N52', status_description='warn: property key does not exist. The property `display_name` does not exist. Verify that the spelling is correct.', position=<SummaryInputPosition line=1, column=60, offset=59>, raw_classification='UNRECOGNIZED', classification=<NotificationClassification.UNRECOGNIZED: 'UNRECOGNIZED'>, raw_severity='WARNING', severity=<NotificationSeverity.WARNING: 'WARNING'>, diagnostic_record={'_classification': 'UNRECOGNIZED', '_severity': 'WARNING', '_position': {'offset': 59, 'line': 1, 'column': 60}, 'OPERATION': '', 'OPERATION_CODE': '0', 'CURRENT_SCHEMA': '/'}> for query: 'MATCH (u:User {id:$user_id,tenant_id:$tenant_id}) RETURN u.display_name AS display_name'
INFO:     127.0.0.1:50849 - "GET /api/auth/me HTTP/1.1" 200 OK
INFO:     127.0.0.1:50848 - "GET /api/auth/me HTTP/1.1" 200 OK
Received notification from DBMS server: <GqlStatusObject gql_status='01N52', status_description='warn: property key does not exist. The property `display_name` does not exist. Verify that the spelling is correct.', position=<SummaryInputPosition line=1, column=60, offset=59>, raw_classification='UNRECOGNIZED', classification=<NotificationClassification.UNRECOGNIZED: 'UNRECOGNIZED'>, raw_severity='WARNING', severity=<NotificationSeverity.WARNING: 'WARNING'>, diagnostic_record={'_classification': 'UNRECOGNIZED', '_severity': 'WARNING', '_position': {'offset': 59, 'line': 1, 'column': 60}, 'OPERATION': '', 'OPERATION_CODE': '0', 'CURRENT_SCHEMA': '/'}> for query: 'MATCH (u:User {id:$user_id,tenant_id:$tenant_id}) RETURN u.display_name AS display_name'
Received notification from DBMS server: <GqlStatusObject gql_status='01N52', status_description='warn: property key does not exist. The property `display_name` does not exist. Verify that the spelling is correct.', position=<SummaryInputPosition line=1, column=60, offset=59>, raw_classification='UNRECOGNIZED', classification=<NotificationClassification.UNRECOGNIZED: 'UNRECOGNIZED'>, raw_severity='WARNING', severity=<NotificationSeverity.WARNING: 'WARNING'>, diagnostic_record={'_classification': 'UNRECOGNIZED', '_severity': 'WARNING', '_position': {'offset': 59, 'line': 1, 'column': 60}, 'OPERATION': '', 'OPERATION_CODE': '0', 'CURRENT_SCHEMA': '/'}> for query: 'MATCH (u:User {id:$user_id,tenant_id:$tenant_id}) RETURN u.display_name AS display_name'
INFO:     127.0.0.1:50852 - "GET /api/auth/me HTTP/1.1" 200 OK
INFO:     127.0.0.1:50853 - "GET /api/auth/me HTTP/1.1" 200 OK
Received notification from DBMS server: <GqlStatusObject gql_status='01G11', status_description='warn: null value eliminated in set function', position=None, raw_classification='UNRECOGNIZED', classification=<NotificationClassification.UNRECOGNIZED: 'UNRECOGNIZED'>, raw_severity='WARNING', severity=<NotificationSeverity.WARNING: 'WARNING'>, diagnostic_record={'_classification': 'UNRECOGNIZED', '_severity': 'WARNING', 'OPERATION': '', 'OPERATION_CODE': '0', 'CURRENT_SCHEMA': '/'}> for query: 'MATCH (q:Request {tenant_id:$tenant})-[:HAS_TASK]->(t:Task {tenant_id:$tenant}) OPTIONAL MATCH (t)-[a:ASSIGNED_TO]->(o:Org {tenant_id:$tenant}) OPTIONAL MATCH (p:Task {tenant_id:$tenant})-[:PRECEDES]->(t) RETURN q,t,collect(DISTINCT {org:o.id,role:a.role}) AS orgs,collect(DISTINCT p) AS predecessors ORDER BY t.created_at DESC'
Received notification from DBMS server: <GqlStatusObject gql_status='01G11', status_description='warn: null value eliminated in set function', position=None, raw_classification='UNRECOGNIZED', classification=<NotificationClassification.UNRECOGNIZED: 'UNRECOGNIZED'>, raw_severity='WARNING', severity=<NotificationSeverity.WARNING: 'WARNING'>, diagnostic_record={'_classification': 'UNRECOGNIZED', '_severity': 'WARNING', 'OPERATION': '', 'OPERATION_CODE': '0', 'CURRENT_SCHEMA': '/'}> for query: 'MATCH (q:Request {tenant_id:$tenant})-[:HAS_TASK]->(t:Task {tenant_id:$tenant}) OPTIONAL MATCH (t)-[a:ASSIGNED_TO]->(o:Org {tenant_id:$tenant}) OPTIONAL MATCH (p:Task {tenant_id:$tenant})-[:PRECEDES]->(t) RETURN q,t,collect(DISTINCT {org:o.id,role:a.role}) AS orgs,collect(DISTINCT p) AS predecessors ORDER BY t.created_at DESC'
INFO:     127.0.0.1:50854 - "GET /api/tasks HTTP/1.1" 200 OK
INFO:     127.0.0.1:50855 - "GET /api/tasks HTTP/1.1" 200 OK
Received notification from DBMS server: <GqlStatusObject gql_status='01G11', status_description='warn: null value eliminated in set function', position=None, raw_classification='UNRECOGNIZED', classification=<NotificationClassification.UNRECOGNIZED: 'UNRECOGNIZED'>, raw_severity='WARNING', severity=<NotificationSeverity.WARNING: 'WARNING'>, diagnostic_record={'_classification': 'UNRECOGNIZED', '_severity': 'WARNING', 'OPERATION': '', 'OPERATION_CODE': '0', 'CURRENT_SCHEMA': '/'}> for query: 'MATCH (q:Request {tenant_id:$tenant})-[:HAS_TASK]->(t:Task {tenant_id:$tenant,id:$id}) OPTIONAL MATCH (t)-[a:ASSIGNED_TO]->(o:Org {tenant_id:$tenant}) OPTIONAL MATCH (p:Task {tenant_id:$tenant})-[:PRECEDES]->(t) OPTIONAL MATCH (t)-[:PRECEDES]->(n:Task {tenant_id:$tenant}) RETURN q,t,collect(DISTINCT {org:o.id,role:a.role}) AS orgs,collect(DISTINCT p) AS predecessors,collect(DISTINCT n) AS successors'
INFO:     127.0.0.1:50857 - "GET /api/tasks/audit_blocked HTTP/1.1" 200 OK
Received notification from DBMS server: <GqlStatusObject gql_status='01G11', status_description='warn: null value eliminated in set function', position=None, raw_classification='UNRECOGNIZED', classification=<NotificationClassification.UNRECOGNIZED: 'UNRECOGNIZED'>, raw_severity='WARNING', severity=<NotificationSeverity.WARNING: 'WARNING'>, diagnostic_record={'_classification': 'UNRECOGNIZED', '_severity': 'WARNING', 'OPERATION': '', 'OPERATION_CODE': '0', 'CURRENT_SCHEMA': '/'}> for query: 'MATCH (r:RuleVersion {tenant_id:$tenant,rule_id:$rule_id}) OPTIONAL MATCH (r)-[:DERIVED_FROM]->(d:RuleDecision {tenant_id:$tenant}) OPTIONAL MATCH (r)-[:PUBLISHED_IN]->(c:ConfigVersion {tenant_id:$tenant}) OPTIONAL MATCH (s:RunStep {tenant_id:$tenant})-[a:APPLIED]->(r) RETURN r.version AS version,r.status AS status,r.body AS body,d.insufficient_approved AS insufficient_approved,collect(DISTINCT c.version) AS config_versions,count(DISTINCT a) AS application_count ORDER BY version'
INFO:     127.0.0.1:51051 - "GET /api/learning/rules/R-AUDIT_LEAD-01 HTTP/1.1" 200 OK
INFO:     127.0.0.1:51054 - "GET /api/policy/active HTTP/1.1" 200 OK
INFO:     127.0.0.1:51093 - "POST /api/auth/login HTTP/1.1" 200 OK
Received notification from DBMS server: <GqlStatusObject gql_status='01N52', status_description='warn: property key does not exist. The property `display_name` does not exist. Verify that the spelling is correct.', position=<SummaryInputPosition line=1, column=60, offset=59>, raw_classification='UNRECOGNIZED', classification=<NotificationClassification.UNRECOGNIZED: 'UNRECOGNIZED'>, raw_severity='WARNING', severity=<NotificationSeverity.WARNING: 'WARNING'>, diagnostic_record={'_classification': 'UNRECOGNIZED', '_severity': 'WARNING', '_position': {'offset': 59, 'line': 1, 'column': 60}, 'OPERATION': '', 'OPERATION_CODE': '0', 'CURRENT_SCHEMA': '/'}> for query: 'MATCH (u:User {id:$user_id,tenant_id:$tenant_id}) RETURN u.display_name AS display_name'
Received notification from DBMS server: <GqlStatusObject gql_status='01N52', status_description='warn: property key does not exist. The property `display_name` does not exist. Verify that the spelling is correct.', position=<SummaryInputPosition line=1, column=60, offset=59>, raw_classification='UNRECOGNIZED', classification=<NotificationClassification.UNRECOGNIZED: 'UNRECOGNIZED'>, raw_severity='WARNING', severity=<NotificationSeverity.WARNING: 'WARNING'>, diagnostic_record={'_classification': 'UNRECOGNIZED', '_severity': 'WARNING', '_position': {'offset': 59, 'line': 1, 'column': 60}, 'OPERATION': '', 'OPERATION_CODE': '0', 'CURRENT_SCHEMA': '/'}> for query: 'MATCH (u:User {id:$user_id,tenant_id:$tenant_id}) RETURN u.display_name AS display_name'
INFO:     127.0.0.1:51104 - "GET /api/auth/me HTTP/1.1" 200 OK
INFO:     127.0.0.1:51103 - "GET /api/auth/me HTTP/1.1" 200 OK
Received notification from DBMS server: <GqlStatusObject gql_status='01N52', status_description='warn: property key does not exist. The property `display_name` does not exist. Verify that the spelling is correct.', position=<SummaryInputPosition line=1, column=60, offset=59>, raw_classification='UNRECOGNIZED', classification=<NotificationClassification.UNRECOGNIZED: 'UNRECOGNIZED'>, raw_severity='WARNING', severity=<NotificationSeverity.WARNING: 'WARNING'>, diagnostic_record={'_classification': 'UNRECOGNIZED', '_severity': 'WARNING', '_position': {'offset': 59, 'line': 1, 'column': 60}, 'OPERATION': '', 'OPERATION_CODE': '0', 'CURRENT_SCHEMA': '/'}> for query: 'MATCH (u:User {id:$user_id,tenant_id:$tenant_id}) RETURN u.display_name AS display_name'
INFO:     127.0.0.1:51107 - "GET /api/auth/me HTTP/1.1" 200 OK
INFO:     127.0.0.1:51108 - "GET /api/requests?limit=50 HTTP/1.1" 200 OK
Received notification from DBMS server: <GqlStatusObject gql_status='01G11', status_description='warn: null value eliminated in set function', position=None, raw_classification='UNRECOGNIZED', classification=<NotificationClassification.UNRECOGNIZED: 'UNRECOGNIZED'>, raw_severity='WARNING', severity=<NotificationSeverity.WARNING: 'WARNING'>, diagnostic_record={'_classification': 'UNRECOGNIZED', '_severity': 'WARNING', 'OPERATION': '', 'OPERATION_CODE': '0', 'CURRENT_SCHEMA': '/'}> for query: 'MATCH (o:ModelOutput {tenant_id:$tenant_id,run_id:$run_id})-[:OF_JUDGMENT]->(j:Judgment {tenant_id:$tenant_id,id:$judgment_id}) OPTIONAL MATCH (o)-[c:CITES]->(e:EvidenceSpan {tenant_id:$tenant_id}) RETURN o,collect(CASE WHEN e IS NULL THEN null ELSE {id:e.id,attachment_id:e.attachment_id,location_json:e.location_json,char_start:e.char_start,char_end:e.char_end,prob:c.prob,source:e.source,source_text:e.source_text} END) AS citations'
Received notification from DBMS server: <GqlStatusObject gql_status='01G11', status_description='warn: null value eliminated in set function', position=None, raw_classification='UNRECOGNIZED', classification=<NotificationClassification.UNRECOGNIZED: 'UNRECOGNIZED'>, raw_severity='WARNING', severity=<NotificationSeverity.WARNING: 'WARNING'>, diagnostic_record={'_classification': 'UNRECOGNIZED', '_severity': 'WARNING', 'OPERATION': '', 'OPERATION_CODE': '0', 'CURRENT_SCHEMA': '/'}> for query: 'MATCH (r:Request {id:$id,tenant_id:$tenant_id}) OPTIONAL MATCH (r)-[:HAS_REVISION]->(i:InputRevision) OPTIONAL MATCH (i)-[:HAS_ATTACHMENT]->(a:Attachment) OPTIONAL MATCH (active:Run {id:r.active_run_id,tenant_id:$tenant_id}) RETURN r,collect(DISTINCT i) AS revisions,collect(DISTINCT a) AS attachments,active'
INFO:     127.0.0.1:51109 - "GET /api/events/snapshot?request_id=req_3503948c4b87404cba4714536567406e HTTP/1.1" 200 OK
INFO:     127.0.0.1:51110 - "GET /api/requests/req_3503948c4b87404cba4714536567406e HTTP/1.1" 200 OK
INFO:     127.0.0.1:51112 - "GET /api/requests/req_3503948c4b87404cba4714536567406e/runs HTTP/1.1" 200 OK
Received notification from DBMS server: <GqlStatusObject gql_status='01N52', status_description='warn: property key does not exist. The property `display_name` does not exist. Verify that the spelling is correct.', position=<SummaryInputPosition line=1, column=60, offset=59>, raw_classification='UNRECOGNIZED', classification=<NotificationClassification.UNRECOGNIZED: 'UNRECOGNIZED'>, raw_severity='WARNING', severity=<NotificationSeverity.WARNING: 'WARNING'>, diagnostic_record={'_classification': 'UNRECOGNIZED', '_severity': 'WARNING', '_position': {'offset': 59, 'line': 1, 'column': 60}, 'OPERATION': '', 'OPERATION_CODE': '0', 'CURRENT_SCHEMA': '/'}> for query: 'MATCH (u:User {id:$user_id,tenant_id:$tenant_id}) RETURN u.display_name AS display_name'
Received notification from DBMS server: <GqlStatusObject gql_status='01N52', status_description='warn: property key does not exist. The property `display_name` does not exist. Verify that the spelling is correct.', position=<SummaryInputPosition line=1, column=60, offset=59>, raw_classification='UNRECOGNIZED', classification=<NotificationClassification.UNRECOGNIZED: 'UNRECOGNIZED'>, raw_severity='WARNING', severity=<NotificationSeverity.WARNING: 'WARNING'>, diagnostic_record={'_classification': 'UNRECOGNIZED', '_severity': 'WARNING', '_position': {'offset': 59, 'line': 1, 'column': 60}, 'OPERATION': '', 'OPERATION_CODE': '0', 'CURRENT_SCHEMA': '/'}> for query: 'MATCH (u:User {id:$user_id,tenant_id:$tenant_id}) RETURN u.display_name AS display_name'
INFO:     127.0.0.1:51117 - "GET /api/auth/me HTTP/1.1" 200 OK
INFO:     127.0.0.1:51111 - "GET /api/requests/req_3503948c4b87404cba4714536567406e/judgment HTTP/1.1" 200 OK
INFO:     127.0.0.1:51115 - "GET /api/auth/me HTTP/1.1" 200 OK
Received notification from DBMS server: <GqlStatusObject gql_status='01N52', status_description='warn: property key does not exist. The property `display_name` does not exist. Verify that the spelling is correct.', position=<SummaryInputPosition line=1, column=60, offset=59>, raw_classification='UNRECOGNIZED', classification=<NotificationClassification.UNRECOGNIZED: 'UNRECOGNIZED'>, raw_severity='WARNING', severity=<NotificationSeverity.WARNING: 'WARNING'>, diagnostic_record={'_classification': 'UNRECOGNIZED', '_severity': 'WARNING', '_position': {'offset': 59, 'line': 1, 'column': 60}, 'OPERATION': '', 'OPERATION_CODE': '0', 'CURRENT_SCHEMA': '/'}> for query: 'MATCH (u:User {id:$user_id,tenant_id:$tenant_id}) RETURN u.display_name AS display_name'
INFO:     127.0.0.1:51123 - "GET /api/auth/me HTTP/1.1" 200 OK
INFO:     127.0.0.1:51126 - "GET /api/events/stream?after=0 HTTP/1.1" 200 OK
INFO:     127.0.0.1:51122 - "GET /api/events/snapshot?request_id=req_3503948c4b87404cba4714536567406e HTTP/1.1" 200 OK
INFO:     127.0.0.1:51119 - "GET /api/requests?limit=50 HTTP/1.1" 200 OK
INFO:     127.0.0.1:51130 - "GET /api/events/stream?after=104 HTTP/1.1" 200 OK
Received notification from DBMS server: <GqlStatusObject gql_status='01G11', status_description='warn: null value eliminated in set function', position=None, raw_classification='UNRECOGNIZED', classification=<NotificationClassification.UNRECOGNIZED: 'UNRECOGNIZED'>, raw_severity='WARNING', severity=<NotificationSeverity.WARNING: 'WARNING'>, diagnostic_record={'_classification': 'UNRECOGNIZED', '_severity': 'WARNING', 'OPERATION': '', 'OPERATION_CODE': '0', 'CURRENT_SCHEMA': '/'}> for query: 'MATCH (r:Request {id:$id,tenant_id:$tenant_id}) OPTIONAL MATCH (r)-[:HAS_REVISION]->(i:InputRevision) OPTIONAL MATCH (i)-[:HAS_ATTACHMENT]->(a:Attachment) OPTIONAL MATCH (active:Run {id:r.active_run_id,tenant_id:$tenant_id}) RETURN r,collect(DISTINCT i) AS revisions,collect(DISTINCT a) AS attachments,active'
INFO:     127.0.0.1:51128 - "GET /api/requests/audit_map_req HTTP/1.1" 200 OK
INFO:     127.0.0.1:51133 - "GET /api/requests?limit=50 HTTP/1.1" 200 OK
INFO:     127.0.0.1:51413 - "POST /api/auth/login HTTP/1.1" 200 OK
Received notification from DBMS server: <GqlStatusObject gql_status='01N52', status_description='warn: property key does not exist. The property `display_name` does not exist. Verify that the spelling is correct.', position=<SummaryInputPosition line=1, column=60, offset=59>, raw_classification='UNRECOGNIZED', classification=<NotificationClassification.UNRECOGNIZED: 'UNRECOGNIZED'>, raw_severity='WARNING', severity=<NotificationSeverity.WARNING: 'WARNING'>, diagnostic_record={'_classification': 'UNRECOGNIZED', '_severity': 'WARNING', '_position': {'offset': 59, 'line': 1, 'column': 60}, 'OPERATION': '', 'OPERATION_CODE': '0', 'CURRENT_SCHEMA': '/'}> for query: 'MATCH (u:User {id:$user_id,tenant_id:$tenant_id}) RETURN u.display_name AS display_name'
INFO:     127.0.0.1:51428 - "GET /api/auth/me HTTP/1.1" 200 OK
Received notification from DBMS server: <GqlStatusObject gql_status='01N52', status_description='warn: property key does not exist. The property `display_name` does not exist. Verify that the spelling is correct.', position=<SummaryInputPosition line=1, column=60, offset=59>, raw_classification='UNRECOGNIZED', classification=<NotificationClassification.UNRECOGNIZED: 'UNRECOGNIZED'>, raw_severity='WARNING', severity=<NotificationSeverity.WARNING: 'WARNING'>, diagnostic_record={'_classification': 'UNRECOGNIZED', '_severity': 'WARNING', '_position': {'offset': 59, 'line': 1, 'column': 60}, 'OPERATION': '', 'OPERATION_CODE': '0', 'CURRENT_SCHEMA': '/'}> for query: 'MATCH (u:User {id:$user_id,tenant_id:$tenant_id}) RETURN u.display_name AS display_name'
INFO:     127.0.0.1:51429 - "GET /api/auth/me HTTP/1.1" 200 OK
Received notification from DBMS server: <GqlStatusObject gql_status='01N52', status_description='warn: property key does not exist. The property `display_name` does not exist. Verify that the spelling is correct.', position=<SummaryInputPosition line=1, column=60, offset=59>, raw_classification='UNRECOGNIZED', classification=<NotificationClassification.UNRECOGNIZED: 'UNRECOGNIZED'>, raw_severity='WARNING', severity=<NotificationSeverity.WARNING: 'WARNING'>, diagnostic_record={'_classification': 'UNRECOGNIZED', '_severity': 'WARNING', '_position': {'offset': 59, 'line': 1, 'column': 60}, 'OPERATION': '', 'OPERATION_CODE': '0', 'CURRENT_SCHEMA': '/'}> for query: 'MATCH (u:User {id:$user_id,tenant_id:$tenant_id}) RETURN u.display_name AS display_name'
INFO:     127.0.0.1:51430 - "GET /api/auth/me HTTP/1.1" 200 OK
Received notification from DBMS server: <GqlStatusObject gql_status='01N52', status_description='warn: property key does not exist. The property `display_name` does not exist. Verify that the spelling is correct.', position=<SummaryInputPosition line=1, column=60, offset=59>, raw_classification='UNRECOGNIZED', classification=<NotificationClassification.UNRECOGNIZED: 'UNRECOGNIZED'>, raw_severity='WARNING', severity=<NotificationSeverity.WARNING: 'WARNING'>, diagnostic_record={'_classification': 'UNRECOGNIZED', '_severity': 'WARNING', '_position': {'offset': 59, 'line': 1, 'column': 60}, 'OPERATION': '', 'OPERATION_CODE': '0', 'CURRENT_SCHEMA': '/'}> for query: 'MATCH (u:User {id:$user_id,tenant_id:$tenant_id}) RETURN u.display_name AS display_name'
INFO:     127.0.0.1:51433 - "GET /api/auth/me HTTP/1.1" 200 OK
INFO:     127.0.0.1:51443 - "GET /api/monitoring/alerts HTTP/1.1" 200 OK
Received notification from DBMS server: <GqlStatusObject gql_status='01N52', status_description='warn: property key does not exist. The property `org_id` does not exist. Verify that the spelling is correct.', position=<SummaryInputPosition line=3, column=73, offset=175>, raw_classification='UNRECOGNIZED', classification=<NotificationClassification.UNRECOGNIZED: 'UNRECOGNIZED'>, raw_severity='WARNING', severity=<NotificationSeverity.WARNING: 'WARNING'>, diagnostic_record={'_classification': 'UNRECOGNIZED', '_severity': 'WARNING', '_position': {'offset': 175, 'line': 3, 'column': 73}, 'OPERATION': '', 'OPERATION_CODE': '0', 'CURRENT_SCHEMA': '/'}> for query: 'MATCH (v:Review {tenant_id:$tenant})\n            MATCH (r:Request {tenant_id:$tenant,id:v.request_id})\n            WHERE ($org IS NULL OR $org IN coalesce(r.org_ids, []) OR r.org_id=$org)\n              AND ($status IS NULL OR r.status=$status)\n            RETURN v.status AS status,\n            CASE WHEN v.decided_at IS NULL THEN datetime().epochMillis\n                 ELSE v.decided_at.epochMillis END - v.created_at.epochMillis AS wait_ms'
Received notification from DBMS server: <GqlStatusObject gql_status='01N52', status_description='warn: property key does not exist. The property `org_id` does not exist. Verify that the spelling is correct.', position=<SummaryInputPosition line=5, column=26, offset=289>, raw_classification='UNRECOGNIZED', classification=<NotificationClassification.UNRECOGNIZED: 'UNRECOGNIZED'>, raw_severity='WARNING', severity=<NotificationSeverity.WARNING: 'WARNING'>, diagnostic_record={'_classification': 'UNRECOGNIZED', '_severity': 'WARNING', '_position': {'offset': 289, 'line': 5, 'column': 26}, 'OPERATION': '', 'OPERATION_CODE': '0', 'CURRENT_SCHEMA': '/'}> for query: "MATCH (q:Request {tenant_id:$tenant})\n            WHERE q.created_at >= datetime($start) AND q.created_at <= datetime($end)\n              AND ($status IS NULL OR q.status=$status)\n              AND ($org IS NULL OR $org IN coalesce(q.org_ids, []) OR q.org_id=$org\n                   OR (q.org_id IS NULL AND q.org_ids IS NULL))\n            OPTIONAL MATCH (a:Assignment {tenant_id:$tenant,request_id:q.id})\n            OPTIONAL MATCH (v:Review {tenant_id:$tenant,request_id:q.id})-[:HAS_DECISION]->(d:ReviewDecision)\n            RETURN q.id AS id, q.org_id AS org_id, q.org_ids AS org_ids,\n                   count(DISTINCT CASE WHEN a.pathway='auto' THEN a.id END) AS auto_assignments,\n                   count(DISTINCT d.id) AS review_decisions"
Received notification from DBMS server: <GqlStatusObject gql_status='01N52', status_description='warn: property key does not exist. The property `org_id` does not exist. Verify that the spelling is correct.', position=<SummaryInputPosition line=4, column=73, offset=252>, raw_classification='UNRECOGNIZED', classification=<NotificationClassification.UNRECOGNIZED: 'UNRECOGNIZED'>, raw_severity='WARNING', severity=<NotificationSeverity.WARNING: 'WARNING'>, diagnostic_record={'_classification': 'UNRECOGNIZED', '_severity': 'WARNING', '_position': {'offset': 252, 'line': 4, 'column': 73}, 'OPERATION': '', 'OPERATION_CODE': '0', 'CURRENT_SCHEMA': '/'}> for query: "MATCH (q:Request {tenant_id:$tenant})\n            WHERE q.created_at >= datetime($start) AND q.created_at <= datetime($end)\n              AND ($status IS NULL OR q.status=$status)\n              AND ($org IS NULL OR $org IN coalesce(q.org_ids, []) OR q.org_id=$org\n                   OR (q.org_id IS NULL AND q.org_ids IS NULL))\n            OPTIONAL MATCH (a:Assignment {tenant_id:$tenant,request_id:q.id})\n            OPTIONAL MATCH (v:Review {tenant_id:$tenant,request_id:q.id})-[:HAS_DECISION]->(d:ReviewDecision)\n            RETURN q.id AS id, q.org_id AS org_id, q.org_ids AS org_ids,\n                   count(DISTINCT CASE WHEN a.pathway='auto' THEN a.id END) AS auto_assignments,\n                   count(DISTINCT d.id) AS review_decisions"
Received notification from DBMS server: <GqlStatusObject gql_status='01N52', status_description='warn: property key does not exist. The property `org_id` does not exist. Verify that the spelling is correct.', position=<SummaryInputPosition line=8, column=34, offset=549>, raw_classification='UNRECOGNIZED', classification=<NotificationClassification.UNRECOGNIZED: 'UNRECOGNIZED'>, raw_severity='WARNING', severity=<NotificationSeverity.WARNING: 'WARNING'>, diagnostic_record={'_classification': 'UNRECOGNIZED', '_severity': 'WARNING', '_position': {'offset': 549, 'line': 8, 'column': 34}, 'OPERATION': '', 'OPERATION_CODE': '0', 'CURRENT_SCHEMA': '/'}> for query: "MATCH (q:Request {tenant_id:$tenant})\n            WHERE q.created_at >= datetime($start) AND q.created_at <= datetime($end)\n              AND ($status IS NULL OR q.status=$status)\n              AND ($org IS NULL OR $org IN coalesce(q.org_ids, []) OR q.org_id=$org\n                   OR (q.org_id IS NULL AND q.org_ids IS NULL))\n            OPTIONAL MATCH (a:Assignment {tenant_id:$tenant,request_id:q.id})\n            OPTIONAL MATCH (v:Review {tenant_id:$tenant,request_id:q.id})-[:HAS_DECISION]->(d:ReviewDecision)\n            RETURN q.id AS id, q.org_id AS org_id, q.org_ids AS org_ids,\n                   count(DISTINCT CASE WHEN a.pathway='auto' THEN a.id END) AS auto_assignments,\n                   count(DISTINCT d.id) AS review_decisions"
Received notification from DBMS server: <GqlStatusObject gql_status='01G11', status_description='warn: null value eliminated in set function', position=None, raw_classification='UNRECOGNIZED', classification=<NotificationClassification.UNRECOGNIZED: 'UNRECOGNIZED'>, raw_severity='WARNING', severity=<NotificationSeverity.WARNING: 'WARNING'>, diagnostic_record={'_classification': 'UNRECOGNIZED', '_severity': 'WARNING', 'OPERATION': '', 'OPERATION_CODE': '0', 'CURRENT_SCHEMA': '/'}> for query: "MATCH (q:Request {tenant_id:$tenant})\n            WHERE q.created_at >= datetime($start) AND q.created_at <= datetime($end)\n              AND ($status IS NULL OR q.status=$status)\n              AND ($org IS NULL OR $org IN coalesce(q.org_ids, []) OR q.org_id=$org\n                   OR (q.org_id IS NULL AND q.org_ids IS NULL))\n            OPTIONAL MATCH (a:Assignment {tenant_id:$tenant,request_id:q.id})\n            OPTIONAL MATCH (v:Review {tenant_id:$tenant,request_id:q.id})-[:HAS_DECISION]->(d:ReviewDecision)\n            RETURN q.id AS id, q.org_id AS org_id, q.org_ids AS org_ids,\n                   count(DISTINCT CASE WHEN a.pathway='auto' THEN a.id END) AS auto_assignments,\n                   count(DISTINCT d.id) AS review_decisions"
INFO:     127.0.0.1:51442 - "GET /api/monitoring/failures?from=2026-09-05T03%3A41%3A00.000Z&to=2026-10-05T03%3A41%3A00.000Z HTTP/1.1" 200 OK
INFO:     127.0.0.1:51441 - "GET /api/monitoring/slo HTTP/1.1" 200 OK
INFO:     127.0.0.1:51440 - "GET /api/monitoring/summary?from=2026-09-05T03%3A41%3A00.000Z&to=2026-10-05T03%3A41%3A00.000Z HTTP/1.1" 200 OK
INFO:     Shutting down
INFO:     Waiting for application shutdown.
INFO:     Application shutdown complete.
INFO:     Finished server process [35502]
